[    1079ms] [INFO] %cDownload the React DevTools for a better development experience: https://reactjs.org/link/react-devtools font-weight:bold @ webpack-internal:///(app-pages-browser)/./node_modules/next/dist/compiled/react-dom/cjs/react-dom.development.js:38559
[    1535ms] [LOG] [Fast Refresh] rebuilding @ webpack-internal:///(app-pages-browser)/./node_modules/next/dist/client/components/react-dev-overlay/app/hot-reloader-client.js:186
[    1573ms] [ERROR] Failed to load resource: the server responded with a status of 400 () @ https://clerk.greentryst.com/v1/client?__clerk_api_version=2025-11-10&_clerk_js_version=5.125.7:0
[    1599ms] [ERROR] Failed to load resource: the server responded with a status of 400 () @ https://clerk.greentryst.com/v1/environment?__clerk_api_version=2025-11-10&_clerk_js_version=5.125.7:0
[    1600ms] [ERROR] e: Clerk: Production Keys are only allowed for domain "greentryst.com". 
API Error: The Request HTTP Origin header must be equal to or a subdomain of the requesting URL.
    at https://clerk.greentryst.com/npm/@clerk/clerk-js@5/dist/clerk.browser.js:2:7182
    at u._baseFetch (https://clerk.greentryst.com/npm/@clerk/clerk-js@5/dist/clerk.browser.js:3:38)
    at async d.execute (https://clerk.greentryst.com/npm/@clerk/clerk-js@5/dist/clerk.browser.js:2:5226)
    at async s._baseGet (https://clerk.greentryst.com/npm/@clerk/clerk-js@5/dist/clerk.browser.js:3:567)
    at async Promise.all (index 1)
    at async #U (https://clerk.greentryst.com/npm/@clerk/clerk-js@5/dist/clerk.browser.js:5:73541)
    at async e5.load (https://clerk.greentryst.com/npm/@clerk/clerk-js@5/dist/clerk.browser.js:5:34322)
    at async _IsomorphicClerk.loadClerkJS (webpack-internal:///(app-pages-browser)/./node_modules/@clerk/clerk-react/dist/index.mjs:1746:9) @ webpack-internal:///(app-pages-browser)/./node_modules/next/dist/client/app-index.js:32
[    1909ms] [LOG] [Fast Refresh] done in 375ms @ webpack-internal:///(app-pages-browser)/./node_modules/next/dist/client/components/react-dev-overlay/app/hot-reloader-client.js:43
[    1917ms] [ERROR] Failed to load resource: the server responded with a status of 400 () @ https://clerk.greentryst.com/v1/client?__clerk_api_version=2025-11-10&_clerk_js_version=5.125.7:0
[    1924ms] [ERROR] Failed to load resource: the server responded with a status of 400 () @ https://clerk.greentryst.com/v1/environment?__clerk_api_version=2025-11-10&_clerk_js_version=5.125.7:0
[    1925ms] [ERROR] e: Clerk: Production Keys are only allowed for domain "greentryst.com". 
API Error: The Request HTTP Origin header must be equal to or a subdomain of the requesting URL.
    at https://clerk.greentryst.com/npm/@clerk/clerk-js@5/dist/clerk.browser.js:2:7182
    at u._baseFetch (https://clerk.greentryst.com/npm/@clerk/clerk-js@5/dist/clerk.browser.js:3:38)
    at async d.execute (https://clerk.greentryst.com/npm/@clerk/clerk-js@5/dist/clerk.browser.js:2:5226)
    at async s._baseGet (https://clerk.greentryst.com/npm/@clerk/clerk-js@5/dist/clerk.browser.js:3:567)
    at async Promise.all (index 1)
    at async #U (https://clerk.greentryst.com/npm/@clerk/clerk-js@5/dist/clerk.browser.js:5:73541)
    at async e5.load (https://clerk.greentryst.com/npm/@clerk/clerk-js@5/dist/clerk.browser.js:5:34322)
    at async _IsomorphicClerk.loadClerkJS (webpack-internal:///(app-pages-browser)/./node_modules/@clerk/clerk-react/dist/index.mjs:1746:9) @ webpack-internal:///(app-pages-browser)/./node_modules/next/dist/client/app-index.js:32
[   28726ms] [LOG] [Fast Refresh] rebuilding @ webpack-internal:///(app-pages-browser)/./node_modules/next/dist/client/components/react-dev-overlay/app/hot-reloader-client.js:186
[   29335ms] [LOG] [Fast Refresh] done in 608ms @ webpack-internal:///(app-pages-browser)/./node_modules/next/dist/client/components/react-dev-overlay/app/hot-reloader-client.js:43
[   74411ms] [LOG] [Fast Refresh] rebuilding @ webpack-internal:///(app-pages-browser)/./node_modules/next/dist/client/components/react-dev-overlay/app/hot-reloader-client.js:186
[   74976ms] [LOG] [Fast Refresh] done in 566ms @ webpack-internal:///(app-pages-browser)/./node_modules/next/dist/client/components/react-dev-overlay/app/hot-reloader-client.js:43
[  124788ms] [LOG] [Fast Refresh] rebuilding @ webpack-internal:///(app-pages-browser)/./node_modules/next/dist/client/components/react-dev-overlay/app/hot-reloader-client.js:186
[  125378ms] [LOG] [Fast Refresh] done in 591ms @ webpack-internal:///(app-pages-browser)/./node_modules/next/dist/client/components/react-dev-overlay/app/hot-reloader-client.js:43
[  147520ms] [LOG] [Fast Refresh] rebuilding @ webpack-internal:///(app-pages-browser)/./node_modules/next/dist/client/components/react-dev-overlay/app/hot-reloader-client.js:186
[  153078ms] [LOG] [Fast Refresh] done in 5561ms @ webpack-internal:///(app-pages-browser)/./node_modules/next/dist/client/components/react-dev-overlay/app/hot-reloader-client.js:43
[  168104ms] [LOG] [Fast Refresh] rebuilding @ webpack-internal:///(app-pages-browser)/./node_modules/next/dist/client/components/react-dev-overlay/app/hot-reloader-client.js:186
[  168686ms] [LOG] [Fast Refresh] done in 583ms @ webpack-internal:///(app-pages-browser)/./node_modules/next/dist/client/components/react-dev-overlay/app/hot-reloader-client.js:43
[  178285ms] [LOG] [Fast Refresh] rebuilding @ webpack-internal:///(app-pages-browser)/./node_modules/next/dist/client/components/react-dev-overlay/app/hot-reloader-client.js:186
[  178692ms] [LOG] [Fast Refresh] done in 407ms @ webpack-internal:///(app-pages-browser)/./node_modules/next/dist/client/components/react-dev-overlay/app/hot-reloader-client.js:43
[  178824ms] [LOG] [Fast Refresh] rebuilding @ webpack-internal:///(app-pages-browser)/./node_modules/next/dist/client/components/react-dev-overlay/app/hot-reloader-client.js:186
[  179919ms] [WARNING] [Fast Refresh] performing full reload

Fast Refresh will perform a full reload when you edit a file that's imported by modules outside of the React rendering tree.
You might have a file which exports a React component but also exports a value that is imported by a non-React component file.
Consider migrating the non-React component export to a separate file and importing it into both files.

It is also possible the parent component of the component you edited is a class component, which disables Fast Refresh.
Fast Refresh requires at least one parent function component in your React tree. @ webpack-internal:///(app-pages-browser)/./node_modules/next/dist/client/components/react-dev-overlay/app/hot-reloader-client.js:112
[  180106ms] TypeError: Cannot read properties of undefined (reading 'call')
    at options.factory (http://localhost:5001/_next/static/chunks/webpack.js?v=1775997430578:715:31)
    at __webpack_require__ (http://localhost:5001/_next/static/chunks/webpack.js?v=1775997430578:37:33)
    at fn (http://localhost:5001/_next/static/chunks/webpack.js?v=1775997430578:371:21)
    at requireModule (webpack-internal:///(app-pages-browser)/./node_modules/next/dist/compiled/react-server-dom-webpack/cjs/react-server-dom-webpack-client.browser.development.js:198:23)
    at initializeModuleChunk (webpack-internal:///(app-pages-browser)/./node_modules/next/dist/compiled/react-server-dom-webpack/cjs/react-server-dom-webpack-client.browser.development.js:1370:17)
    at readChunk (webpack-internal:///(app-pages-browser)/./node_modules/next/dist/compiled/react-server-dom-webpack/cjs/react-server-dom-webpack-client.browser.development.js:1180:7)
    at resolveLazy (webpack-internal:///(app-pages-browser)/./node_modules/next/dist/compiled/react-dom/cjs/react-dom.development.js:9484:10)
    at updateElement (webpack-internal:///(app-pages-browser)/./node_modules/next/dist/compiled/react-dom/cjs/react-dom.development.js:9632:110)
    at updateSlot (webpack-internal:///(app-pages-browser)/./node_modules/next/dist/compiled/react-dom/cjs/react-dom.development.js:9821:22)
    at reconcileChildrenArray (webpack-internal:///(app-pages-browser)/./node_modules/next/dist/compiled/react-dom/cjs/react-dom.development.js:10033:22)
    at reconcileChildFibersImpl (webpack-internal:///(app-pages-browser)/./node_modules/next/dist/compiled/react-dom/cjs/react-dom.development.js:10515:16)
    at reconcileChildFibers (webpack-internal:///(app-pages-browser)/./node_modules/next/dist/compiled/react-dom/cjs/react-dom.development.js:10573:27)
    at reconcileChildren (webpack-internal:///(app-pages-browser)/./node_modules/next/dist/compiled/react-dom/cjs/react-dom.development.js:15809:28)
    at updateFragment (webpack-internal:///(app-pages-browser)/./node_modules/next/dist/compiled/react-dom/cjs/react-dom.development.js:16230:3)
    at beginWork$1 (webpack-internal:///(app-pages-browser)/./node_modules/next/dist/compiled/react-dom/cjs/react-dom.development.js:18525:14)
    at beginWork (webpack-internal:///(app-pages-browser)/./node_modules/next/dist/compiled/react-dom/cjs/react-dom.development.js:26927:14)
    at performUnitOfWork (webpack-internal:///(app-pages-browser)/./node_modules/next/dist/compiled/react-dom/cjs/react-dom.development.js:25748:12)
    at workLoopConcurrent (webpack-internal:///(app-pages-browser)/./node_modules/next/dist/compiled/react-dom/cjs/react-dom.development.js:25734:5)
    at renderRootConcurrent (webpack-internal:///(app-pages-browser)/./node_modules/next/dist/compiled/react-dom/cjs/react-dom.development.js:25690:9)
    at performConcurrentWorkOnRoot (webpack-internal:///(app-pages-browser)/./node_modules/next/dist/compiled/react-dom/cjs/react-dom.development.js:24504:38)
    at workLoop (webpack-internal:///(app-pages-browser)/./node_modules/next/dist/compiled/scheduler/cjs/scheduler.development.js:256:34)
    at flushWork (webpack-internal:///(app-pages-browser)/./node_modules/next/dist/compiled/scheduler/cjs/scheduler.development.js:225:14)
    at MessagePort.performWorkUntilDeadline (webpack-internal:///(app-pages-browser)/./node_modules/next/dist/compiled/scheduler/cjs/scheduler.development.js:534:21)
[  180117ms] TypeError: Cannot read properties of undefined (reading 'call')
    at options.factory (http://localhost:5001/_next/static/chunks/webpack.js?v=1775997430578:715:31)
    at __webpack_require__ (http://localhost:5001/_next/static/chunks/webpack.js?v=1775997430578:37:33)
    at fn (http://localhost:5001/_next/static/chunks/webpack.js?v=1775997430578:371:21)
    at requireModule (webpack-internal:///(app-pages-browser)/./node_modules/next/dist/compiled/react-server-dom-webpack/cjs/react-server-dom-webpack-client.browser.development.js:198:23)
    at initializeModuleChunk (webpack-internal:///(app-pages-browser)/./node_modules/next/dist/compiled/react-server-dom-webpack/cjs/react-server-dom-webpack-client.browser.development.js:1370:17)
    at readChunk (webpack-internal:///(app-pages-browser)/./node_modules/next/dist/compiled/react-server-dom-webpack/cjs/react-server-dom-webpack-client.browser.development.js:1180:7)
    at resolveLazy (webpack-internal:///(app-pages-browser)/./node_modules/next/dist/compiled/react-dom/cjs/react-dom.development.js:9484:10)
    at updateElement (webpack-internal:///(app-pages-browser)/./node_modules/next/dist/compiled/react-dom/cjs/react-dom.development.js:9632:110)
    at updateSlot (webpack-internal:///(app-pages-browser)/./node_modules/next/dist/compiled/react-dom/cjs/react-dom.development.js:9821:22)
    at reconcileChildrenArray (webpack-internal:///(app-pages-browser)/./node_modules/next/dist/compiled/react-dom/cjs/react-dom.development.js:10033:22)
    at reconcileChildFibersImpl (webpack-internal:///(app-pages-browser)/./node_modules/next/dist/compiled/react-dom/cjs/react-dom.development.js:10515:16)
    at reconcileChildFibers (webpack-internal:///(app-pages-browser)/./node_modules/next/dist/compiled/react-dom/cjs/react-dom.development.js:10573:27)
    at reconcileChildren (webpack-internal:///(app-pages-browser)/./node_modules/next/dist/compiled/react-dom/cjs/react-dom.development.js:15809:28)
    at updateFragment (webpack-internal:///(app-pages-browser)/./node_modules/next/dist/compiled/react-dom/cjs/react-dom.development.js:16230:3)
    at beginWork$1 (webpack-internal:///(app-pages-browser)/./node_modules/next/dist/compiled/react-dom/cjs/react-dom.development.js:18525:14)
    at beginWork (webpack-internal:///(app-pages-browser)/./node_modules/next/dist/compiled/react-dom/cjs/react-dom.development.js:26927:14)
    at performUnitOfWork (webpack-internal:///(app-pages-browser)/./node_modules/next/dist/compiled/react-dom/cjs/react-dom.development.js:25748:12)
    at workLoopConcurrent (webpack-internal:///(app-pages-browser)/./node_modules/next/dist/compiled/react-dom/cjs/react-dom.development.js:25734:5)
    at renderRootConcurrent (webpack-internal:///(app-pages-browser)/./node_modules/next/dist/compiled/react-dom/cjs/react-dom.development.js:25690:9)
    at performConcurrentWorkOnRoot (webpack-internal:///(app-pages-browser)/./node_modules/next/dist/compiled/react-dom/cjs/react-dom.development.js:24504:38)
    at workLoop (webpack-internal:///(app-pages-browser)/./node_modules/next/dist/compiled/scheduler/cjs/scheduler.development.js:256:34)
    at flushWork (webpack-internal:///(app-pages-browser)/./node_modules/next/dist/compiled/scheduler/cjs/scheduler.development.js:225:14)
    at MessagePort.performWorkUntilDeadline (webpack-internal:///(app-pages-browser)/./node_modules/next/dist/compiled/scheduler/cjs/scheduler.development.js:534:21)
[  180118ms] TypeError: Cannot read properties of undefined (reading 'call')
    at options.factory (http://localhost:5001/_next/static/chunks/webpack.js?v=1775997430578:715:31)
    at __webpack_require__ (http://localhost:5001/_next/static/chunks/webpack.js?v=1775997430578:37:33)
    at fn (http://localhost:5001/_next/static/chunks/webpack.js?v=1775997430578:371:21)
    at requireModule (webpack-internal:///(app-pages-browser)/./node_modules/next/dist/compiled/react-server-dom-webpack/cjs/react-server-dom-webpack-client.browser.development.js:198:23)
    at initializeModuleChunk (webpack-internal:///(app-pages-browser)/./node_modules/next/dist/compiled/react-server-dom-webpack/cjs/react-server-dom-webpack-client.browser.development.js:1370:17)
    at readChunk (webpack-internal:///(app-pages-browser)/./node_modules/next/dist/compiled/react-server-dom-webpack/cjs/react-server-dom-webpack-client.browser.development.js:1180:7)
    at resolveLazy (webpack-internal:///(app-pages-browser)/./node_modules/next/dist/compiled/react-dom/cjs/react-dom.development.js:9484:10)
    at updateElement (webpack-internal:///(app-pages-browser)/./node_modules/next/dist/compiled/react-dom/cjs/react-dom.development.js:9632:110)
    at updateSlot (webpack-internal:///(app-pages-browser)/./node_modules/next/dist/compiled/react-dom/cjs/react-dom.development.js:9821:22)
    at reconcileChildrenArray (webpack-internal:///(app-pages-browser)/./node_modules/next/dist/compiled/react-dom/cjs/react-dom.development.js:10033:22)
    at reconcileChildFibersImpl (webpack-internal:///(app-pages-browser)/./node_modules/next/dist/compiled/react-dom/cjs/react-dom.development.js:10515:16)
    at reconcileChildFibers (webpack-internal:///(app-pages-browser)/./node_modules/next/dist/compiled/react-dom/cjs/react-dom.development.js:10573:27)
    at reconcileChildren (webpack-internal:///(app-pages-browser)/./node_modules/next/dist/compiled/react-dom/cjs/react-dom.development.js:15809:28)
    at updateFragment (webpack-internal:///(app-pages-browser)/./node_modules/next/dist/compiled/react-dom/cjs/react-dom.development.js:16230:3)
    at beginWork$1 (webpack-internal:///(app-pages-browser)/./node_modules/next/dist/compiled/react-dom/cjs/react-dom.development.js:18525:14)
    at beginWork (webpack-internal:///(app-pages-browser)/./node_modules/next/dist/compiled/react-dom/cjs/react-dom.development.js:26927:14)
    at performUnitOfWork (webpack-internal:///(app-pages-browser)/./node_modules/next/dist/compiled/react-dom/cjs/react-dom.development.js:25748:12)
    at workLoopConcurrent (webpack-internal:///(app-pages-browser)/./node_modules/next/dist/compiled/react-dom/cjs/react-dom.development.js:25734:5)
    at renderRootConcurrent (webpack-internal:///(app-pages-browser)/./node_modules/next/dist/compiled/react-dom/cjs/react-dom.development.js:25690:9)
    at performConcurrentWorkOnRoot (webpack-internal:///(app-pages-browser)/./node_modules/next/dist/compiled/react-dom/cjs/react-dom.development.js:24504:38)
    at workLoop (webpack-internal:///(app-pages-browser)/./node_modules/next/dist/compiled/scheduler/cjs/scheduler.development.js:256:34)
    at flushWork (webpack-internal:///(app-pages-browser)/./node_modules/next/dist/compiled/scheduler/cjs/scheduler.development.js:225:14)
    at MessagePort.performWorkUntilDeadline (webpack-internal:///(app-pages-browser)/./node_modules/next/dist/compiled/scheduler/cjs/scheduler.development.js:534:21)
[  180120ms] TypeError: Cannot read properties of undefined (reading 'call')
    at options.factory (http://localhost:5001/_next/static/chunks/webpack.js?v=1775997430578:715:31)
    at __webpack_require__ (http://localhost:5001/_next/static/chunks/webpack.js?v=1775997430578:37:33)
    at fn (http://localhost:5001/_next/static/chunks/webpack.js?v=1775997430578:371:21)
    at requireModule (webpack-internal:///(app-pages-browser)/./node_modules/next/dist/compiled/react-server-dom-webpack/cjs/react-server-dom-webpack-client.browser.development.js:198:23)
    at initializeModuleChunk (webpack-internal:///(app-pages-browser)/./node_modules/next/dist/compiled/react-server-dom-webpack/cjs/react-server-dom-webpack-client.browser.development.js:1370:17)
    at readChunk (webpack-internal:///(app-pages-browser)/./node_modules/next/dist/compiled/react-server-dom-webpack/cjs/react-server-dom-webpack-client.browser.development.js:1180:7)
    at resolveLazy (webpack-internal:///(app-pages-browser)/./node_modules/next/dist/compiled/react-dom/cjs/react-dom.development.js:9484:10)
    at updateElement (webpack-internal:///(app-pages-browser)/./node_modules/next/dist/compiled/react-dom/cjs/react-dom.development.js:9632:110)
    at updateSlot (webpack-internal:///(app-pages-browser)/./node_modules/next/dist/compiled/react-dom/cjs/react-dom.development.js:9821:22)
    at reconcileChildrenArray (webpack-internal:///(app-pages-browser)/./node_modules/next/dist/compiled/react-dom/cjs/react-dom.development.js:10033:22)
    at reconcileChildFibersImpl (webpack-internal:///(app-pages-browser)/./node_modules/next/dist/compiled/react-dom/cjs/react-dom.development.js:10515:16)
    at reconcileChildFibers (webpack-internal:///(app-pages-browser)/./node_modules/next/dist/compiled/react-dom/cjs/react-dom.development.js:10573:27)
    at reconcileChildren (webpack-internal:///(app-pages-browser)/./node_modules/next/dist/compiled/react-dom/cjs/react-dom.development.js:15809:28)
    at updateFragment (webpack-internal:///(app-pages-browser)/./node_modules/next/dist/compiled/react-dom/cjs/react-dom.development.js:16230:3)
    at beginWork$1 (webpack-internal:///(app-pages-browser)/./node_modules/next/dist/compiled/react-dom/cjs/react-dom.development.js:18525:14)
    at beginWork (webpack-internal:///(app-pages-browser)/./node_modules/next/dist/compiled/react-dom/cjs/react-dom.development.js:26927:14)
    at performUnitOfWork (webpack-internal:///(app-pages-browser)/./node_modules/next/dist/compiled/react-dom/cjs/react-dom.development.js:25748:12)
    at workLoopConcurrent (webpack-internal:///(app-pages-browser)/./node_modules/next/dist/compiled/react-dom/cjs/react-dom.development.js:25734:5)
    at renderRootConcurrent (webpack-internal:///(app-pages-browser)/./node_modules/next/dist/compiled/react-dom/cjs/react-dom.development.js:25690:9)
    at performConcurrentWorkOnRoot (webpack-internal:///(app-pages-browser)/./node_modules/next/dist/compiled/react-dom/cjs/react-dom.development.js:24504:38)
    at workLoop (webpack-internal:///(app-pages-browser)/./node_modules/next/dist/compiled/scheduler/cjs/scheduler.development.js:256:34)
    at flushWork (webpack-internal:///(app-pages-browser)/./node_modules/next/dist/compiled/scheduler/cjs/scheduler.development.js:225:14)
    at MessagePort.performWorkUntilDeadline (webpack-internal:///(app-pages-browser)/./node_modules/next/dist/compiled/scheduler/cjs/scheduler.development.js:534:21)
[  180152ms] TypeError: Cannot read properties of undefined (reading 'call')
    at options.factory (http://localhost:5001/_next/static/chunks/webpack.js?v=1775997430578:715:31)
    at __webpack_require__ (http://localhost:5001/_next/static/chunks/webpack.js?v=1775997430578:37:33)
    at fn (http://localhost:5001/_next/static/chunks/webpack.js?v=1775997430578:371:21)
    at requireModule (webpack-internal:///(app-pages-browser)/./node_modules/next/dist/compiled/react-server-dom-webpack/cjs/react-server-dom-webpack-client.browser.development.js:198:23)
    at initializeModuleChunk (webpack-internal:///(app-pages-browser)/./node_modules/next/dist/compiled/react-server-dom-webpack/cjs/react-server-dom-webpack-client.browser.development.js:1370:17)
    at readChunk (webpack-internal:///(app-pages-browser)/./node_modules/next/dist/compiled/react-server-dom-webpack/cjs/react-server-dom-webpack-client.browser.development.js:1180:7)
    at resolveLazy (webpack-internal:///(app-pages-browser)/./node_modules/next/dist/compiled/react-dom/cjs/react-dom.development.js:9484:10)
    at updateElement (webpack-internal:///(app-pages-browser)/./node_modules/next/dist/compiled/react-dom/cjs/react-dom.development.js:9632:110)
    at updateSlot (webpack-internal:///(app-pages-browser)/./node_modules/next/dist/compiled/react-dom/cjs/react-dom.development.js:9821:22)
    at reconcileChildrenArray (webpack-internal:///(app-pages-browser)/./node_modules/next/dist/compiled/react-dom/cjs/react-dom.development.js:10033:22)
    at reconcileChildFibersImpl (webpack-internal:///(app-pages-browser)/./node_modules/next/dist/compiled/react-dom/cjs/react-dom.development.js:10515:16)
    at reconcileChildFibers (webpack-internal:///(app-pages-browser)/./node_modules/next/dist/compiled/react-dom/cjs/react-dom.development.js:10573:27)
    at reconcileChildren (webpack-internal:///(app-pages-browser)/./node_modules/next/dist/compiled/react-dom/cjs/react-dom.development.js:15809:28)
    at updateFragment (webpack-internal:///(app-pages-browser)/./node_modules/next/dist/compiled/react-dom/cjs/react-dom.development.js:16230:3)
    at beginWork$1 (webpack-internal:///(app-pages-browser)/./node_modules/next/dist/compiled/react-dom/cjs/react-dom.development.js:18525:14)
    at beginWork (webpack-internal:///(app-pages-browser)/./node_modules/next/dist/compiled/react-dom/cjs/react-dom.development.js:26927:14)
    at performUnitOfWork (webpack-internal:///(app-pages-browser)/./node_modules/next/dist/compiled/react-dom/cjs/react-dom.development.js:25748:12)
    at workLoopConcurrent (webpack-internal:///(app-pages-browser)/./node_modules/next/dist/compiled/react-dom/cjs/react-dom.development.js:25734:5)
    at renderRootConcurrent (webpack-internal:///(app-pages-browser)/./node_modules/next/dist/compiled/react-dom/cjs/react-dom.development.js:25690:9)
    at performConcurrentWorkOnRoot (webpack-internal:///(app-pages-browser)/./node_modules/next/dist/compiled/react-dom/cjs/react-dom.development.js:24504:38)
    at workLoop (webpack-internal:///(app-pages-browser)/./node_modules/next/dist/compiled/scheduler/cjs/scheduler.development.js:256:34)
    at flushWork (webpack-internal:///(app-pages-browser)/./node_modules/next/dist/compiled/scheduler/cjs/scheduler.development.js:225:14)
    at MessagePort.performWorkUntilDeadline (webpack-internal:///(app-pages-browser)/./node_modules/next/dist/compiled/scheduler/cjs/scheduler.development.js:534:21)
[  180152ms] TypeError: Cannot read properties of undefined (reading 'call')
    at options.factory (http://localhost:5001/_next/static/chunks/webpack.js?v=1775997430578:715:31)
    at __webpack_require__ (http://localhost:5001/_next/static/chunks/webpack.js?v=1775997430578:37:33)
    at fn (http://localhost:5001/_next/static/chunks/webpack.js?v=1775997430578:371:21)
    at requireModule (webpack-internal:///(app-pages-browser)/./node_modules/next/dist/compiled/react-server-dom-webpack/cjs/react-server-dom-webpack-client.browser.development.js:198:23)
    at initializeModuleChunk (webpack-internal:///(app-pages-browser)/./node_modules/next/dist/compiled/react-server-dom-webpack/cjs/react-server-dom-webpack-client.browser.development.js:1370:17)
    at readChunk (webpack-internal:///(app-pages-browser)/./node_modules/next/dist/compiled/react-server-dom-webpack/cjs/react-server-dom-webpack-client.browser.development.js:1180:7)
    at resolveLazy (webpack-internal:///(app-pages-browser)/./node_modules/next/dist/compiled/react-dom/cjs/react-dom.development.js:9484:10)
    at updateElement (webpack-internal:///(app-pages-browser)/./node_modules/next/dist/compiled/react-dom/cjs/react-dom.development.js:9632:110)
    at updateSlot (webpack-internal:///(app-pages-browser)/./node_modules/next/dist/compiled/react-dom/cjs/react-dom.development.js:9821:22)
    at reconcileChildrenArray (webpack-internal:///(app-pages-browser)/./node_modules/next/dist/compiled/react-dom/cjs/react-dom.development.js:10033:22)
    at reconcileChildFibersImpl (webpack-internal:///(app-pages-browser)/./node_modules/next/dist/compiled/react-dom/cjs/react-dom.development.js:10515:16)
    at reconcileChildFibers (webpack-internal:///(app-pages-browser)/./node_modules/next/dist/compiled/react-dom/cjs/react-dom.development.js:10573:27)
    at reconcileChildren (webpack-internal:///(app-pages-browser)/./node_modules/next/dist/compiled/react-dom/cjs/react-dom.development.js:15809:28)
    at updateFragment (webpack-internal:///(app-pages-browser)/./node_modules/next/dist/compiled/react-dom/cjs/react-dom.development.js:16230:3)
    at beginWork$1 (webpack-internal:///(app-pages-browser)/./node_modules/next/dist/compiled/react-dom/cjs/react-dom.development.js:18525:14)
    at beginWork (webpack-internal:///(app-pages-browser)/./node_modules/next/dist/compiled/react-dom/cjs/react-dom.development.js:26927:14)
    at performUnitOfWork (webpack-internal:///(app-pages-browser)/./node_modules/next/dist/compiled/react-dom/cjs/react-dom.development.js:25748:12)
    at workLoopConcurrent (webpack-internal:///(app-pages-browser)/./node_modules/next/dist/compiled/react-dom/cjs/react-dom.development.js:25734:5)
    at renderRootConcurrent (webpack-internal:///(app-pages-browser)/./node_modules/next/dist/compiled/react-dom/cjs/react-dom.development.js:25690:9)
    at performConcurrentWorkOnRoot (webpack-internal:///(app-pages-browser)/./node_modules/next/dist/compiled/react-dom/cjs/react-dom.development.js:24504:38)
    at workLoop (webpack-internal:///(app-pages-browser)/./node_modules/next/dist/compiled/scheduler/cjs/scheduler.development.js:256:34)
    at flushWork (webpack-internal:///(app-pages-browser)/./node_modules/next/dist/compiled/scheduler/cjs/scheduler.development.js:225:14)
    at MessagePort.performWorkUntilDeadline (webpack-internal:///(app-pages-browser)/./node_modules/next/dist/compiled/scheduler/cjs/scheduler.development.js:534:21)
[  180153ms] TypeError: Cannot read properties of undefined (reading 'call')
    at options.factory (http://localhost:5001/_next/static/chunks/webpack.js?v=1775997430578:715:31)
    at __webpack_require__ (http://localhost:5001/_next/static/chunks/webpack.js?v=1775997430578:37:33)
    at fn (http://localhost:5001/_next/static/chunks/webpack.js?v=1775997430578:371:21)
    at requireModule (webpack-internal:///(app-pages-browser)/./node_modules/next/dist/compiled/react-server-dom-webpack/cjs/react-server-dom-webpack-client.browser.development.js:198:23)
    at initializeModuleChunk (webpack-internal:///(app-pages-browser)/./node_modules/next/dist/compiled/react-server-dom-webpack/cjs/react-server-dom-webpack-client.browser.development.js:1370:17)
    at readChunk (webpack-internal:///(app-pages-browser)/./node_modules/next/dist/compiled/react-server-dom-webpack/cjs/react-server-dom-webpack-client.browser.development.js:1180:7)
    at resolveLazy (webpack-internal:///(app-pages-browser)/./node_modules/next/dist/compiled/react-dom/cjs/react-dom.development.js:9484:10)
    at updateElement (webpack-internal:///(app-pages-browser)/./node_modules/next/dist/compiled/react-dom/cjs/react-dom.development.js:9632:110)
    at updateSlot (webpack-internal:///(app-pages-browser)/./node_modules/next/dist/compiled/react-dom/cjs/react-dom.development.js:9821:22)
    at reconcileChildrenArray (webpack-internal:///(app-pages-browser)/./node_modules/next/dist/compiled/react-dom/cjs/react-dom.development.js:10033:22)
    at reconcileChildFibersImpl (webpack-internal:///(app-pages-browser)/./node_modules/next/dist/compiled/react-dom/cjs/react-dom.development.js:10515:16)
    at reconcileChildFibers (webpack-internal:///(app-pages-browser)/./node_modules/next/dist/compiled/react-dom/cjs/react-dom.development.js:10573:27)
    at reconcileChildren (webpack-internal:///(app-pages-browser)/./node_modules/next/dist/compiled/react-dom/cjs/react-dom.development.js:15809:28)
    at updateFragment (webpack-internal:///(app-pages-browser)/./node_modules/next/dist/compiled/react-dom/cjs/react-dom.development.js:16230:3)
    at beginWork$1 (webpack-internal:///(app-pages-browser)/./node_modules/next/dist/compiled/react-dom/cjs/react-dom.development.js:18525:14)
    at beginWork (webpack-internal:///(app-pages-browser)/./node_modules/next/dist/compiled/react-dom/cjs/react-dom.development.js:26927:14)
    at performUnitOfWork (webpack-internal:///(app-pages-browser)/./node_modules/next/dist/compiled/react-dom/cjs/react-dom.development.js:25748:12)
    at workLoopConcurrent (webpack-internal:///(app-pages-browser)/./node_modules/next/dist/compiled/react-dom/cjs/react-dom.development.js:25734:5)
    at renderRootConcurrent (webpack-internal:///(app-pages-browser)/./node_modules/next/dist/compiled/react-dom/cjs/react-dom.development.js:25690:9)
    at performConcurrentWorkOnRoot (webpack-internal:///(app-pages-browser)/./node_modules/next/dist/compiled/react-dom/cjs/react-dom.development.js:24504:38)
    at workLoop (webpack-internal:///(app-pages-browser)/./node_modules/next/dist/compiled/scheduler/cjs/scheduler.development.js:256:34)
    at flushWork (webpack-internal:///(app-pages-browser)/./node_modules/next/dist/compiled/scheduler/cjs/scheduler.development.js:225:14)
    at MessagePort.performWorkUntilDeadline (webpack-internal:///(app-pages-browser)/./node_modules/next/dist/compiled/scheduler/cjs/scheduler.development.js:534:21)
[  180153ms] TypeError: Cannot read properties of undefined (reading 'call')
    at options.factory (http://localhost:5001/_next/static/chunks/webpack.js?v=1775997430578:715:31)
    at __webpack_require__ (http://localhost:5001/_next/static/chunks/webpack.js?v=1775997430578:37:33)
    at fn (http://localhost:5001/_next/static/chunks/webpack.js?v=1775997430578:371:21)
    at requireModule (webpack-internal:///(app-pages-browser)/./node_modules/next/dist/compiled/react-server-dom-webpack/cjs/react-server-dom-webpack-client.browser.development.js:198:23)
    at initializeModuleChunk (webpack-internal:///(app-pages-browser)/./node_modules/next/dist/compiled/react-server-dom-webpack/cjs/react-server-dom-webpack-client.browser.development.js:1370:17)
    at readChunk (webpack-internal:///(app-pages-browser)/./node_modules/next/dist/compiled/react-server-dom-webpack/cjs/react-server-dom-webpack-client.browser.development.js:1180:7)
    at resolveLazy (webpack-internal:///(app-pages-browser)/./node_modules/next/dist/compiled/react-dom/cjs/react-dom.development.js:9484:10)
    at updateElement (webpack-internal:///(app-pages-browser)/./node_modules/next/dist/compiled/react-dom/cjs/react-dom.development.js:9632:110)
    at updateSlot (webpack-internal:///(app-pages-browser)/./node_modules/next/dist/compiled/react-dom/cjs/react-dom.development.js:9821:22)
    at reconcileChildrenArray (webpack-internal:///(app-pages-browser)/./node_modules/next/dist/compiled/react-dom/cjs/react-dom.development.js:10033:22)
    at reconcileChildFibersImpl (webpack-internal:///(app-pages-browser)/./node_modules/next/dist/compiled/react-dom/cjs/react-dom.development.js:10515:16)
    at reconcileChildFibers (webpack-internal:///(app-pages-browser)/./node_modules/next/dist/compiled/react-dom/cjs/react-dom.development.js:10573:27)
    at reconcileChildren (webpack-internal:///(app-pages-browser)/./node_modules/next/dist/compiled/react-dom/cjs/react-dom.development.js:15809:28)
    at updateFragment (webpack-internal:///(app-pages-browser)/./node_modules/next/dist/compiled/react-dom/cjs/react-dom.development.js:16230:3)
    at beginWork$1 (webpack-internal:///(app-pages-browser)/./node_modules/next/dist/compiled/react-dom/cjs/react-dom.development.js:18525:14)
    at beginWork (webpack-internal:///(app-pages-browser)/./node_modules/next/dist/compiled/react-dom/cjs/react-dom.development.js:26927:14)
    at performUnitOfWork (webpack-internal:///(app-pages-browser)/./node_modules/next/dist/compiled/react-dom/cjs/react-dom.development.js:25748:12)
    at workLoopConcurrent (webpack-internal:///(app-pages-browser)/./node_modules/next/dist/compiled/react-dom/cjs/react-dom.development.js:25734:5)
    at renderRootConcurrent (webpack-internal:///(app-pages-browser)/./node_modules/next/dist/compiled/react-dom/cjs/react-dom.development.js:25690:9)
    at performConcurrentWorkOnRoot (webpack-internal:///(app-pages-browser)/./node_modules/next/dist/compiled/react-dom/cjs/react-dom.development.js:24504:38)
    at workLoop (webpack-internal:///(app-pages-browser)/./node_modules/next/dist/compiled/scheduler/cjs/scheduler.development.js:256:34)
    at flushWork (webpack-internal:///(app-pages-browser)/./node_modules/next/dist/compiled/scheduler/cjs/scheduler.development.js:225:14)
    at MessagePort.performWorkUntilDeadline (webpack-internal:///(app-pages-browser)/./node_modules/next/dist/compiled/scheduler/cjs/scheduler.development.js:534:21)
[  180146ms] [ERROR] The above error occurred in the <NotFoundErrorBoundary> component:

    at GuidesPage (Server)
    at InnerLayoutRouter (webpack-internal:///(app-pages-browser)/./node_modules/next/dist/client/components/layout-router.js:243:11)
    at RedirectErrorBoundary (webpack-internal:///(app-pages-browser)/./node_modules/next/dist/client/components/redirect-boundary.js:74:9)
    at RedirectBoundary (webpack-internal:///(app-pages-browser)/./node_modules/next/dist/client/components/redirect-boundary.js:82:11)
    at NotFoundBoundary (webpack-internal:///(app-pages-browser)/./node_modules/next/dist/client/components/not-found-boundary.js:84:11)
    at LoadingBoundary (webpack-internal:///(app-pages-browser)/./node_modules/next/dist/client/components/layout-router.js:349:11)
    at ErrorBoundary (webpack-internal:///(app-pages-browser)/./node_modules/next/dist/client/components/error-boundary.js:160:11)
    at InnerScrollAndFocusHandler (webpack-internal:///(app-pages-browser)/./node_modules/next/dist/client/components/layout-router.js:153:9)
    at ScrollAndFocusHandler (webpack-internal:///(app-pages-browser)/./node_modules/next/dist/client/components/layout-router.js:228:11)
    at RenderFromTemplateContext (webpack-internal:///(app-pages-browser)/./node_modules/next/dist/client/components/render-from-template-context.js:16:44)
    at OuterLayoutRouter (webpack-internal:///(app-pages-browser)/./node_modules/next/dist/client/components/layout-router.js:370:11)
    at InnerLayoutRouter (webpack-internal:///(app-pages-browser)/./node_modules/next/dist/client/components/layout-router.js:243:11)
    at RedirectErrorBoundary (webpack-internal:///(app-pages-browser)/./node_modules/next/dist/client/components/redirect-boundary.js:74:9)
    at RedirectBoundary (webpack-internal:///(app-pages-browser)/./node_modules/next/dist/client/components/redirect-boundary.js:82:11)
    at NotFoundErrorBoundary (webpack-internal:///(app-pages-browser)/./node_modules/next/dist/client/components/not-found-boundary.js:76:9)
    at NotFoundBoundary (webpack-internal:///(app-pages-browser)/./node_modules/next/dist/client/components/not-found-boundary.js:84:11)
    at LoadingBoundary (webpack-internal:///(app-pages-browser)/./node_modules/next/dist/client/components/layout-router.js:349:11)
    at ErrorBoundaryHandler (webpack-internal:///(app-pages-browser)/./node_modules/next/dist/client/components/error-boundary.js:113:9)
    at ErrorBoundary (webpack-internal:///(app-pages-browser)/./node_modules/next/dist/client/components/error-boundary.js:160:11)
    at InnerScrollAndFocusHandler (webpack-internal:///(app-pages-browser)/./node_modules/next/dist/client/components/layout-router.js:153:9)
    at ScrollAndFocusHandler (webpack-internal:///(app-pages-browser)/./node_modules/next/dist/client/components/layout-router.js:228:11)
    at RenderFromTemplateContext (webpack-internal:///(app-pages-browser)/./node_modules/next/dist/client/components/render-from-template-context.js:16:44)
    at OuterLayoutRouter (webpack-internal:///(app-pages-browser)/./node_modules/next/dist/client/components/layout-router.js:370:11)
    at div
    at RedesignLayout (Server)
    at InnerLayoutRouter (webpack-internal:///(app-pages-browser)/./node_modules/next/dist/client/components/layout-router.js:243:11)
    at RedirectErrorBoundary (webpack-internal:///(app-pages-browser)/./node_modules/next/dist/client/components/redirect-boundary.js:74:9)
    at RedirectBoundary (webpack-internal:///(app-pages-browser)/./node_modules/next/dist/client/components/redirect-boundary.js:82:11)
    at NotFoundErrorBoundary (webpack-internal:///(app-pages-browser)/./node_modules/next/dist/client/components/not-found-boundary.js:76:9)
    at NotFoundBoundary (webpack-internal:///(app-pages-browser)/./node_modules/next/dist/client/components/not-found-boundary.js:84:11)
    at LoadingBoundary (webpack-internal:///(app-pages-browser)/./node_modules/next/dist/client/components/layout-router.js:349:11)
    at ErrorBoundary (webpack-internal:///(app-pages-browser)/./node_modules/next/dist/client/components/error-boundary.js:160:11)
    at InnerScrollAndFocusHandler (webpack-internal:///(app-pages-browser)/./node_modules/next/dist/client/components/layout-router.js:153:9)
    at ScrollAndFocusHandler (webpack-internal:///(app-pages-browser)/./node_modules/next/dist/client/components/layout-router.js:228:11)
    at RenderFromTemplateContext (webpack-internal:///(app-pages-browser)/./node_modules/next/dist/client/components/render-from-template-context.js:16:44)
    at OuterLayoutRouter (webpack-internal:///(app-pages-browser)/./node_modules/next/dist/client/components/layout-router.js:370:11)
    at __experimental_CheckoutProvider (webpack-internal:///(app-pages-browser)/./node_modules/@clerk/shared/dist/runtime/react/index.mjs:136:44)
    at SWRConfig (webpack-internal:///(app-pages-browser)/./node_modules/swr/dist/_internal/config-context-client-BoS53ST9.mjs:554:13)
    at SWRConfigCompat (webpack-internal:///(app-pages-browser)/./node_modules/@clerk/shared/dist/runtime/react/index.mjs:124:28)
    at OrganizationProvider (webpack-internal:///(app-pages-browser)/./node_modules/@clerk/shared/dist/runtime/react/index.mjs:148:33)
    at ClerkContextProvider (webpack-internal:///(app-pages-browser)/./node_modules/@clerk/clerk-react/dist/index.mjs:1849:11)
    at ClerkProviderBase (webpack-internal:///(app-pages-browser)/./node_modules/@clerk/clerk-react/dist/index.mjs:1941:11)
    at Hoc (webpack-internal:///(app-pages-browser)/./node_modules/@clerk/clerk-react/dist/chunk-THNCS7QR.mjs:84:5)
    at ClerkNextOptionsProvider (webpack-internal:///(app-pages-browser)/./node_modules/@clerk/nextjs/dist/esm/client-boundary/NextOptionsContext.js:17:11)
    at NextClientClerkProvider (webpack-internal:///(app-pages-browser)/./node_modules/@clerk/nextjs/dist/esm/app-router/client/ClerkProvider.js:62:13)
    at ClientClerkProvider (webpack-internal:///(app-pages-browser)/./node_modules/@clerk/nextjs/dist/esm/app-router/client/ClerkProvider.js:135:13)
    at ClerkProvider (Server)
    at body
    at html
    at RootLayout (Server)
    at RedirectErrorBoundary (webpack-internal:///(app-pages-browser)/./node_modules/next/dist/client/components/redirect-boundary.js:74:9)
    at RedirectBoundary (webpack-internal:///(app-pages-browser)/./node_modules/next/dist/client/components/redirect-boundary.js:82:11)
    at NotFoundErrorBoundary (webpack-internal:///(app-pages-browser)/./node_modules/next/dist/client/components/not-found-boundary.js:76:9)
    at NotFoundBoundary (webpack-internal:///(app-pages-browser)/./node_modules/next/dist/client/components/not-found-boundary.js:84:11)
    at DevRootNotFoundBoundary (webpack-internal:///(app-pages-browser)/./node_modules/next/dist/client/components/dev-root-not-found-boundary.js:33:11)
    at ReactDevOverlay (webpack-internal:///(app-pages-browser)/./node_modules/next/dist/client/components/react-dev-overlay/app/ReactDevOverlay.js:87:9)
    at HotReload (webpack-internal:///(app-pages-browser)/./node_modules/next/dist/client/components/react-dev-overlay/app/hot-reloader-client.js:321:11)
    at Router (webpack-internal:///(app-pages-browser)/./node_modules/next/dist/client/components/app-router.js:207:11)
    at ErrorBoundaryHandler (webpack-internal:///(app-pages-browser)/./node_modules/next/dist/client/components/error-boundary.js:113:9)
    at ErrorBoundary (webpack-internal:///(app-pages-browser)/./node_modules/next/dist/client/components/error-boundary.js:160:11)
    at AppRouter (webpack-internal:///(app-pages-browser)/./node_modules/next/dist/client/components/app-router.js:585:13)
    at ServerRoot (webpack-internal:///(app-pages-browser)/./node_modules/next/dist/client/app-index.js:112:27)
    at Root (webpack-internal:///(app-pages-browser)/./node_modules/next/dist/client/app-index.js:117:11)

React will try to recreate this component tree from scratch using the error boundary you provided, ErrorBoundaryHandler. @ webpack-internal:///(app-pages-browser)/./node_modules/next/dist/client/app-index.js:32
[  180147ms] [ERROR] Page error: TypeError: Cannot read properties of undefined (reading 'call')
    at options.factory (http://localhost:5001/_next/static/chunks/webpack.js?v=1775997430578:715:31)
    at __webpack_require__ (http://localhost:5001/_next/static/chunks/webpack.js?v=1775997430578:37:33)
    at fn (http://localhost:5001/_next/static/chunks/webpack.js?v=1775997430578:371:21)
    at requireModule (webpack-internal:///(app-pages-browser)/./node_modules/next/dist/compiled/react-server-dom-webpack/cjs/react-server-dom-webpack-client.browser.development.js:198:23)
    at initializeModuleChunk (webpack-internal:///(app-pages-browser)/./node_modules/next/dist/compiled/react-server-dom-webpack/cjs/react-server-dom-webpack-client.browser.development.js:1370:17)
    at readChunk (webpack-internal:///(app-pages-browser)/./node_modules/next/dist/compiled/react-server-dom-webpack/cjs/react-server-dom-webpack-client.browser.development.js:1180:7)
    at resolveLazy (webpack-internal:///(app-pages-browser)/./node_modules/next/dist/compiled/react-dom/cjs/react-dom.development.js:9484:10)
    at updateElement (webpack-internal:///(app-pages-browser)/./node_modules/next/dist/compiled/react-dom/cjs/react-dom.development.js:9632:110)
    at updateSlot (webpack-internal:///(app-pages-browser)/./node_modules/next/dist/compiled/react-dom/cjs/react-dom.development.js:9821:22)
    at reconcileChildrenArray (webpack-internal:///(app-pages-browser)/./node_modules/next/dist/compiled/react-dom/cjs/react-dom.development.js:10033:22)
    at reconcileChildFibersImpl (webpack-internal:///(app-pages-browser)/./node_modules/next/dist/compiled/react-dom/cjs/react-dom.development.js:10515:16)
    at reconcileChildFibers (webpack-internal:///(app-pages-browser)/./node_modules/next/dist/compiled/react-dom/cjs/react-dom.development.js:10573:27)
    at reconcileChildren (webpack-internal:///(app-pages-browser)/./node_modules/next/dist/compiled/react-dom/cjs/react-dom.development.js:15809:28)
    at updateFragment (webpack-internal:///(app-pages-browser)/./node_modules/next/dist/compiled/react-dom/cjs/react-dom.development.js:16230:3)
    at beginWork$1 (webpack-internal:///(app-pages-browser)/./node_modules/next/dist/compiled/react-dom/cjs/react-dom.development.js:18525:14)
    at beginWork (webpack-internal:///(app-pages-browser)/./node_modules/next/dist/compiled/react-dom/cjs/react-dom.development.js:26927:14)
    at performUnitOfWork (webpack-internal:///(app-pages-browser)/./node_modules/next/dist/compiled/react-dom/cjs/react-dom.development.js:25748:12)
    at workLoopConcurrent (webpack-internal:///(app-pages-browser)/./node_modules/next/dist/compiled/react-dom/cjs/react-dom.development.js:25734:5)
    at renderRootConcurrent (webpack-internal:///(app-pages-browser)/./node_modules/next/dist/compiled/react-dom/cjs/react-dom.development.js:25690:9)
    at performConcurrentWorkOnRoot (webpack-internal:///(app-pages-browser)/./node_modules/next/dist/compiled/react-dom/cjs/react-dom.development.js:24504:38)
    at workLoop (webpack-internal:///(app-pages-browser)/./node_modules/next/dist/compiled/scheduler/cjs/scheduler.development.js:256:34)
    at flushWork (webpack-internal:///(app-pages-browser)/./node_modules/next/dist/compiled/scheduler/cjs/scheduler.development.js:225:14)
    at MessagePort.performWorkUntilDeadline (webpack-internal:///(app-pages-browser)/./node_modules/next/dist/compiled/scheduler/cjs/scheduler.development.js:534:21) @ webpack-internal:///(app-pages-browser)/./node_modules/next/dist/client/app-index.js:32
[  180149ms] [ERROR] Page error: TypeError: Cannot read properties of undefined (reading 'call')
    at options.factory (http://localhost:5001/_next/static/chunks/webpack.js?v=1775997430578:715:31)
    at __webpack_require__ (http://localhost:5001/_next/static/chunks/webpack.js?v=1775997430578:37:33)
    at fn (http://localhost:5001/_next/static/chunks/webpack.js?v=1775997430578:371:21)
    at requireModule (webpack-internal:///(app-pages-browser)/./node_modules/next/dist/compiled/react-server-dom-webpack/cjs/react-server-dom-webpack-client.browser.development.js:198:23)
    at initializeModuleChunk (webpack-internal:///(app-pages-browser)/./node_modules/next/dist/compiled/react-server-dom-webpack/cjs/react-server-dom-webpack-client.browser.development.js:1370:17)
    at readChunk (webpack-internal:///(app-pages-browser)/./node_modules/next/dist/compiled/react-server-dom-webpack/cjs/react-server-dom-webpack-client.browser.development.js:1180:7)
    at resolveLazy (webpack-internal:///(app-pages-browser)/./node_modules/next/dist/compiled/react-dom/cjs/react-dom.development.js:9484:10)
    at updateElement (webpack-internal:///(app-pages-browser)/./node_modules/next/dist/compiled/react-dom/cjs/react-dom.development.js:9632:110)
    at updateSlot (webpack-internal:///(app-pages-browser)/./node_modules/next/dist/compiled/react-dom/cjs/react-dom.development.js:9821:22)
    at reconcileChildrenArray (webpack-internal:///(app-pages-browser)/./node_modules/next/dist/compiled/react-dom/cjs/react-dom.development.js:10033:22)
    at reconcileChildFibersImpl (webpack-internal:///(app-pages-browser)/./node_modules/next/dist/compiled/react-dom/cjs/react-dom.development.js:10515:16)
    at reconcileChildFibers (webpack-internal:///(app-pages-browser)/./node_modules/next/dist/compiled/react-dom/cjs/react-dom.development.js:10573:27)
    at reconcileChildren (webpack-internal:///(app-pages-browser)/./node_modules/next/dist/compiled/react-dom/cjs/react-dom.development.js:15809:28)
    at updateFragment (webpack-internal:///(app-pages-browser)/./node_modules/next/dist/compiled/react-dom/cjs/react-dom.development.js:16230:3)
    at beginWork$1 (webpack-internal:///(app-pages-browser)/./node_modules/next/dist/compiled/react-dom/cjs/react-dom.development.js:18525:14)
    at beginWork (webpack-internal:///(app-pages-browser)/./node_modules/next/dist/compiled/react-dom/cjs/react-dom.development.js:26927:14)
    at performUnitOfWork (webpack-internal:///(app-pages-browser)/./node_modules/next/dist/compiled/react-dom/cjs/react-dom.development.js:25748:12)
    at workLoopConcurrent (webpack-internal:///(app-pages-browser)/./node_modules/next/dist/compiled/react-dom/cjs/react-dom.development.js:25734:5)
    at renderRootConcurrent (webpack-internal:///(app-pages-browser)/./node_modules/next/dist/compiled/react-dom/cjs/react-dom.development.js:25690:9)
    at performConcurrentWorkOnRoot (webpack-internal:///(app-pages-browser)/./node_modules/next/dist/compiled/react-dom/cjs/react-dom.development.js:24504:38)
    at workLoop (webpack-internal:///(app-pages-browser)/./node_modules/next/dist/compiled/scheduler/cjs/scheduler.development.js:256:34)
    at flushWork (webpack-internal:///(app-pages-browser)/./node_modules/next/dist/compiled/scheduler/cjs/scheduler.development.js:225:14)
    at MessagePort.performWorkUntilDeadline (webpack-internal:///(app-pages-browser)/./node_modules/next/dist/compiled/scheduler/cjs/scheduler.development.js:534:21) @ webpack-internal:///(app-pages-browser)/./node_modules/next/dist/client/app-index.js:32
[  180561ms] [INFO] %cDownload the React DevTools for a better development experience: https://reactjs.org/link/react-devtools font-weight:bold @ webpack-internal:///(app-pages-browser)/./node_modules/next/dist/compiled/react-dom/cjs/react-dom.development.js:38559
[  180692ms] [ERROR] Warning: %s a style property during rerender (%s) when a conflicting property is set (%s) can lead to styling bugs. To avoid this, don't mix shorthand and non-shorthand properties for the same value; instead, replace the shorthand with separate values.%s Updating animation animationDelay 
    at div
    at section
    at AnimatedGuidesHero (webpack-internal:///(app-pages-browser)/./src/app/redesign/guides/_components/AnimatedGuidesHero.tsx:28:82)
    at GuidesPage (Server)
    at GuidesPage (Server)
    at InnerLayoutRouter (webpack-internal:///(app-pages-browser)/./node_modules/next/dist/client/components/layout-router.js:243:11)
    at RedirectErrorBoundary (webpack-internal:///(app-pages-browser)/./node_modules/next/dist/client/components/redirect-boundary.js:74:9)
    at RedirectBoundary (webpack-internal:///(app-pages-browser)/./node_modules/next/dist/client/components/redirect-boundary.js:82:11)
    at NotFoundBoundary (webpack-internal:///(app-pages-browser)/./node_modules/next/dist/client/components/not-found-boundary.js:84:11)
    at LoadingBoundary (webpack-internal:///(app-pages-browser)/./node_modules/next/dist/client/components/layout-router.js:349:11)
    at ErrorBoundary (webpack-internal:///(app-pages-browser)/./node_modules/next/dist/client/components/error-boundary.js:160:11)
    at InnerScrollAndFocusHandler (webpack-internal:///(app-pages-browser)/./node_modules/next/dist/client/components/layout-router.js:153:9)
    at ScrollAndFocusHandler (webpack-internal:///(app-pages-browser)/./node_modules/next/dist/client/components/layout-router.js:228:11)
    at RenderFromTemplateContext (webpack-internal:///(app-pages-browser)/./node_modules/next/dist/client/components/render-from-template-context.js:16:44)
    at OuterLayoutRouter (webpack-internal:///(app-pages-browser)/./node_modules/next/dist/client/components/layout-router.js:370:11)
    at InnerLayoutRouter (webpack-internal:///(app-pages-browser)/./node_modules/next/dist/client/components/layout-router.js:243:11)
    at RedirectErrorBoundary (webpack-internal:///(app-pages-browser)/./node_modules/next/dist/client/components/redirect-boundary.js:74:9)
    at RedirectBoundary (webpack-internal:///(app-pages-browser)/./node_modules/next/dist/client/components/redirect-boundary.js:82:11)
    at NotFoundErrorBoundary (webpack-internal:///(app-pages-browser)/./node_modules/next/dist/client/components/not-found-boundary.js:76:9)
    at NotFoundBoundary (webpack-internal:///(app-pages-browser)/./node_modules/next/dist/client/components/not-found-boundary.js:84:11)
    at LoadingBoundary (webpack-internal:///(app-pages-browser)/./node_modules/next/dist/client/components/layout-router.js:349:11)
    at ErrorBoundaryHandler (webpack-internal:///(app-pages-browser)/./node_modules/next/dist/client/components/error-boundary.js:113:9)
    at ErrorBoundary (webpack-internal:///(app-pages-browser)/./node_modules/next/dist/client/components/error-boundary.js:160:11)
    at InnerScrollAndFocusHandler (webpack-internal:///(app-pages-browser)/./node_modules/next/dist/client/components/layout-router.js:153:9)
    at ScrollAndFocusHandler (webpack-internal:///(app-pages-browser)/./node_modules/next/dist/client/components/layout-router.js:228:11)
    at RenderFromTemplateContext (webpack-internal:///(app-pages-browser)/./node_modules/next/dist/client/components/render-from-template-context.js:16:44)
    at OuterLayoutRouter (webpack-internal:///(app-pages-browser)/./node_modules/next/dist/client/components/layout-router.js:370:11)
    at div
    at RedesignLayout (Server)
    at InnerLayoutRouter (webpack-internal:///(app-pages-browser)/./node_modules/next/dist/client/components/layout-router.js:243:11)
    at RedirectErrorBoundary (webpack-internal:///(app-pages-browser)/./node_modules/next/dist/client/components/redirect-boundary.js:74:9)
    at RedirectBoundary (webpack-internal:///(app-pages-browser)/./node_modules/next/dist/client/components/redirect-boundary.js:82:11)
    at NotFoundErrorBoundary (webpack-internal:///(app-pages-browser)/./node_modules/next/dist/client/components/not-found-boundary.js:76:9)
    at NotFoundBoundary (webpack-internal:///(app-pages-browser)/./node_modules/next/dist/client/components/not-found-boundary.js:84:11)
    at LoadingBoundary (webpack-internal:///(app-pages-browser)/./node_modules/next/dist/client/components/layout-router.js:349:11)
    at ErrorBoundary (webpack-internal:///(app-pages-browser)/./node_modules/next/dist/client/components/error-boundary.js:160:11)
    at InnerScrollAndFocusHandler (webpack-internal:///(app-pages-browser)/./node_modules/next/dist/client/components/layout-router.js:153:9)
    at ScrollAndFocusHandler (webpack-internal:///(app-pages-browser)/./node_modules/next/dist/client/components/layout-router.js:228:11)
    at RenderFromTemplateContext (webpack-internal:///(app-pages-browser)/./node_modules/next/dist/client/components/render-from-template-context.js:16:44)
    at OuterLayoutRouter (webpack-internal:///(app-pages-browser)/./node_modules/next/dist/client/components/layout-router.js:370:11)
    at __experimental_CheckoutProvider (webpack-internal:///(app-pages-browser)/./node_modules/@clerk/shared/dist/runtime/react/index.mjs:136:44)
    at SWRConfig (webpack-internal:///(app-pages-browser)/./node_modules/swr/dist/_internal/config-context-client-BoS53ST9.mjs:554:13)
    at SWRConfigCompat (webpack-internal:///(app-pages-browser)/./node_modules/@clerk/shared/dist/runtime/react/index.mjs:124:28)
    at OrganizationProvider (webpack-internal:///(app-pages-browser)/./node_modules/@clerk/shared/dist/runtime/react/index.mjs:148:33)
    at ClerkContextProvider (webpack-internal:///(app-pages-browser)/./node_modules/@clerk/clerk-react/dist/index.mjs:1849:11)
    at ClerkProviderBase (webpack-internal:///(app-pages-browser)/./node_modules/@clerk/clerk-react/dist/index.mjs:1941:11)
    at Hoc (webpack-internal:///(app-pages-browser)/./node_modules/@clerk/clerk-react/dist/chunk-THNCS7QR.mjs:84:5)
    at ClerkNextOptionsProvider (webpack-internal:///(app-pages-browser)/./node_modules/@clerk/nextjs/dist/esm/client-boundary/NextOptionsContext.js:17:11)
    at NextClientClerkProvider (webpack-internal:///(app-pages-browser)/./node_modules/@clerk/nextjs/dist/esm/app-router/client/ClerkProvider.js:62:13)
    at ClientClerkProvider (webpack-internal:///(app-pages-browser)/./node_modules/@clerk/nextjs/dist/esm/app-router/client/ClerkProvider.js:135:13)
    at ClerkProvider (Server)
    at body
    at html
    at RootLayout (Server)
    at RedirectErrorBoundary (webpack-internal:///(app-pages-browser)/./node_modules/next/dist/client/components/redirect-boundary.js:74:9)
    at RedirectBoundary (webpack-internal:///(app-pages-browser)/./node_modules/next/dist/client/components/redirect-boundary.js:82:11)
    at NotFoundErrorBoundary (webpack-internal:///(app-pages-browser)/./node_modules/next/dist/client/components/not-found-boundary.js:76:9)
    at NotFoundBoundary (webpack-internal:///(app-pages-browser)/./node_modules/next/dist/client/components/not-found-boundary.js:84:11)
    at DevRootNotFoundBoundary (webpack-internal:///(app-pages-browser)/./node_modules/next/dist/client/components/dev-root-not-found-boundary.js:33:11)
    at ReactDevOverlay (webpack-internal:///(app-pages-browser)/./node_modules/next/dist/client/components/react-dev-overlay/app/ReactDevOverlay.js:87:9)
    at HotReload (webpack-internal:///(app-pages-browser)/./node_modules/next/dist/client/components/react-dev-overlay/app/hot-reloader-client.js:321:11)
    at Router (webpack-internal:///(app-pages-browser)/./node_modules/next/dist/client/components/app-router.js:207:11)
    at ErrorBoundaryHandler (webpack-internal:///(app-pages-browser)/./node_modules/next/dist/client/components/error-boundary.js:113:9)
    at ErrorBoundary (webpack-internal:///(app-pages-browser)/./node_modules/next/dist/client/components/error-boundary.js:160:11)
    at AppRouter (webpack-internal:///(app-pages-browser)/./node_modules/next/dist/client/components/app-router.js:585:13)
    at ServerRoot (webpack-internal:///(app-pages-browser)/./node_modules/next/dist/client/app-index.js:112:27)
    at Root (webpack-internal:///(app-pages-browser)/./node_modules/next/dist/client/app-index.js:117:11) @ webpack-internal:///(app-pages-browser)/./node_modules/next/dist/client/app-index.js:32
[  180692ms] [ERROR] Warning: %s a style property during rerender (%s) when a conflicting property is set (%s) can lead to styling bugs. To avoid this, don't mix shorthand and non-shorthand properties for the same value; instead, replace the shorthand with separate values.%s Updating animation animationDelay 
    at div
    at section
    at AnimatedGuidesHero (webpack-internal:///(app-pages-browser)/./src/app/redesign/guides/_components/AnimatedGuidesHero.tsx:28:82)
    at GuidesPage (Server)
    at GuidesPage (Server)
    at InnerLayoutRouter (webpack-internal:///(app-pages-browser)/./node_modules/next/dist/client/components/layout-router.js:243:11)
    at RedirectErrorBoundary (webpack-internal:///(app-pages-browser)/./node_modules/next/dist/client/components/redirect-boundary.js:74:9)
    at RedirectBoundary (webpack-internal:///(app-pages-browser)/./node_modules/next/dist/client/components/redirect-boundary.js:82:11)
    at NotFoundBoundary (webpack-internal:///(app-pages-browser)/./node_modules/next/dist/client/components/not-found-boundary.js:84:11)
    at LoadingBoundary (webpack-internal:///(app-pages-browser)/./node_modules/next/dist/client/components/layout-router.js:349:11)
    at ErrorBoundary (webpack-internal:///(app-pages-browser)/./node_modules/next/dist/client/components/error-boundary.js:160:11)
    at InnerScrollAndFocusHandler (webpack-internal:///(app-pages-browser)/./node_modules/next/dist/client/components/layout-router.js:153:9)
    at ScrollAndFocusHandler (webpack-internal:///(app-pages-browser)/./node_modules/next/dist/client/components/layout-router.js:228:11)
    at RenderFromTemplateContext (webpack-internal:///(app-pages-browser)/./node_modules/next/dist/client/components/render-from-template-context.js:16:44)
    at OuterLayoutRouter (webpack-internal:///(app-pages-browser)/./node_modules/next/dist/client/components/layout-router.js:370:11)
    at InnerLayoutRouter (webpack-internal:///(app-pages-browser)/./node_modules/next/dist/client/components/layout-router.js:243:11)
    at RedirectErrorBoundary (webpack-internal:///(app-pages-browser)/./node_modules/next/dist/client/components/redirect-boundary.js:74:9)
    at RedirectBoundary (webpack-internal:///(app-pages-browser)/./node_modules/next/dist/client/components/redirect-boundary.js:82:11)
    at NotFoundErrorBoundary (webpack-internal:///(app-pages-browser)/./node_modules/next/dist/client/components/not-found-boundary.js:76:9)
    at NotFoundBoundary (webpack-internal:///(app-pages-browser)/./node_modules/next/dist/client/components/not-found-boundary.js:84:11)
    at LoadingBoundary (webpack-internal:///(app-pages-browser)/./node_modules/next/dist/client/components/layout-router.js:349:11)
    at ErrorBoundaryHandler (webpack-internal:///(app-pages-browser)/./node_modules/next/dist/client/components/error-boundary.js:113:9)
    at ErrorBoundary (webpack-internal:///(app-pages-browser)/./node_modules/next/dist/client/components/error-boundary.js:160:11)
    at InnerScrollAndFocusHandler (webpack-internal:///(app-pages-browser)/./node_modules/next/dist/client/components/layout-router.js:153:9)
    at ScrollAndFocusHandler (webpack-internal:///(app-pages-browser)/./node_modules/next/dist/client/components/layout-router.js:228:11)
    at RenderFromTemplateContext (webpack-internal:///(app-pages-browser)/./node_modules/next/dist/client/components/render-from-template-context.js:16:44)
    at OuterLayoutRouter (webpack-internal:///(app-pages-browser)/./node_modules/next/dist/client/components/layout-router.js:370:11)
    at div
    at RedesignLayout (Server)
    at InnerLayoutRouter (webpack-internal:///(app-pages-browser)/./node_modules/next/dist/client/components/layout-router.js:243:11)
    at RedirectErrorBoundary (webpack-internal:///(app-pages-browser)/./node_modules/next/dist/client/components/redirect-boundary.js:74:9)
    at RedirectBoundary (webpack-internal:///(app-pages-browser)/./node_modules/next/dist/client/components/redirect-boundary.js:82:11)
    at NotFoundErrorBoundary (webpack-internal:///(app-pages-browser)/./node_modules/next/dist/client/components/not-found-boundary.js:76:9)
    at NotFoundBoundary (webpack-internal:///(app-pages-browser)/./node_modules/next/dist/client/components/not-found-boundary.js:84:11)
    at LoadingBoundary (webpack-internal:///(app-pages-browser)/./node_modules/next/dist/client/components/layout-router.js:349:11)
    at ErrorBoundary (webpack-internal:///(app-pages-browser)/./node_modules/next/dist/client/components/error-boundary.js:160:11)
    at InnerScrollAndFocusHandler (webpack-internal:///(app-pages-browser)/./node_modules/next/dist/client/components/layout-router.js:153:9)
    at ScrollAndFocusHandler (webpack-internal:///(app-pages-browser)/./node_modules/next/dist/client/components/layout-router.js:228:11)
    at RenderFromTemplateContext (webpack-internal:///(app-pages-browser)/./node_modules/next/dist/client/components/render-from-template-context.js:16:44)
    at OuterLayoutRouter (webpack-internal:///(app-pages-browser)/./node_modules/next/dist/client/components/layout-router.js:370:11)
    at __experimental_CheckoutProvider (webpack-internal:///(app-pages-browser)/./node_modules/@clerk/shared/dist/runtime/react/index.mjs:136:44)
    at SWRConfig (webpack-internal:///(app-pages-browser)/./node_modules/swr/dist/_internal/config-context-client-BoS53ST9.mjs:554:13)
    at SWRConfigCompat (webpack-internal:///(app-pages-browser)/./node_modules/@clerk/shared/dist/runtime/react/index.mjs:124:28)
    at OrganizationProvider (webpack-internal:///(app-pages-browser)/./node_modules/@clerk/shared/dist/runtime/react/index.mjs:148:33)
    at ClerkContextProvider (webpack-internal:///(app-pages-browser)/./node_modules/@clerk/clerk-react/dist/index.mjs:1849:11)
    at ClerkProviderBase (webpack-internal:///(app-pages-browser)/./node_modules/@clerk/clerk-react/dist/index.mjs:1941:11)
    at Hoc (webpack-internal:///(app-pages-browser)/./node_modules/@clerk/clerk-react/dist/chunk-THNCS7QR.mjs:84:5)
    at ClerkNextOptionsProvider (webpack-internal:///(app-pages-browser)/./node_modules/@clerk/nextjs/dist/esm/client-boundary/NextOptionsContext.js:17:11)
    at NextClientClerkProvider (webpack-internal:///(app-pages-browser)/./node_modules/@clerk/nextjs/dist/esm/app-router/client/ClerkProvider.js:62:13)
    at ClientClerkProvider (webpack-internal:///(app-pages-browser)/./node_modules/@clerk/nextjs/dist/esm/app-router/client/ClerkProvider.js:135:13)
    at ClerkProvider (Server)
    at body
    at html
    at RootLayout (Server)
    at RedirectErrorBoundary (webpack-internal:///(app-pages-browser)/./node_modules/next/dist/client/components/redirect-boundary.js:74:9)
    at RedirectBoundary (webpack-internal:///(app-pages-browser)/./node_modules/next/dist/client/components/redirect-boundary.js:82:11)
    at NotFoundErrorBoundary (webpack-internal:///(app-pages-browser)/./node_modules/next/dist/client/components/not-found-boundary.js:76:9)
    at NotFoundBoundary (webpack-internal:///(app-pages-browser)/./node_modules/next/dist/client/components/not-found-boundary.js:84:11)
    at DevRootNotFoundBoundary (webpack-internal:///(app-pages-browser)/./node_modules/next/dist/client/components/dev-root-not-found-boundary.js:33:11)
    at ReactDevOverlay (webpack-internal:///(app-pages-browser)/./node_modules/next/dist/client/components/react-dev-overlay/app/ReactDevOverlay.js:87:9)
    at HotReload (webpack-internal:///(app-pages-browser)/./node_modules/next/dist/client/components/react-dev-overlay/app/hot-reloader-client.js:321:11)
    at Router (webpack-internal:///(app-pages-browser)/./node_modules/next/dist/client/components/app-router.js:207:11)
    at ErrorBoundaryHandler (webpack-internal:///(app-pages-browser)/./node_modules/next/dist/client/components/error-boundary.js:113:9)
    at ErrorBoundary (webpack-internal:///(app-pages-browser)/./node_modules/next/dist/client/components/error-boundary.js:160:11)
    at AppRouter (webpack-internal:///(app-pages-browser)/./node_modules/next/dist/client/components/app-router.js:585:13)
    at ServerRoot (webpack-internal:///(app-pages-browser)/./node_modules/next/dist/client/app-index.js:112:27)
    at Root (webpack-internal:///(app-pages-browser)/./node_modules/next/dist/client/app-index.js:117:11) @ webpack-internal:///(app-pages-browser)/./node_modules/next/dist/client/app-index.js:32
[  180693ms] [ERROR] Warning: %s a style property during rerender (%s) when a conflicting property is set (%s) can lead to styling bugs. To avoid this, don't mix shorthand and non-shorthand properties for the same value; instead, replace the shorthand with separate values.%s Updating animation animationDelay 
    at div
    at section
    at AnimatedGuidesHero (webpack-internal:///(app-pages-browser)/./src/app/redesign/guides/_components/AnimatedGuidesHero.tsx:28:82)
    at GuidesPage (Server)
    at GuidesPage (Server)
    at InnerLayoutRouter (webpack-internal:///(app-pages-browser)/./node_modules/next/dist/client/components/layout-router.js:243:11)
    at RedirectErrorBoundary (webpack-internal:///(app-pages-browser)/./node_modules/next/dist/client/components/redirect-boundary.js:74:9)
    at RedirectBoundary (webpack-internal:///(app-pages-browser)/./node_modules/next/dist/client/components/redirect-boundary.js:82:11)
    at NotFoundBoundary (webpack-internal:///(app-pages-browser)/./node_modules/next/dist/client/components/not-found-boundary.js:84:11)
    at LoadingBoundary (webpack-internal:///(app-pages-browser)/./node_modules/next/dist/client/components/layout-router.js:349:11)
    at ErrorBoundary (webpack-internal:///(app-pages-browser)/./node_modules/next/dist/client/components/error-boundary.js:160:11)
    at InnerScrollAndFocusHandler (webpack-internal:///(app-pages-browser)/./node_modules/next/dist/client/components/layout-router.js:153:9)
    at ScrollAndFocusHandler (webpack-internal:///(app-pages-browser)/./node_modules/next/dist/client/components/layout-router.js:228:11)
    at RenderFromTemplateContext (webpack-internal:///(app-pages-browser)/./node_modules/next/dist/client/components/render-from-template-context.js:16:44)
    at OuterLayoutRouter (webpack-internal:///(app-pages-browser)/./node_modules/next/dist/client/components/layout-router.js:370:11)
    at InnerLayoutRouter (webpack-internal:///(app-pages-browser)/./node_modules/next/dist/client/components/layout-router.js:243:11)
    at RedirectErrorBoundary (webpack-internal:///(app-pages-browser)/./node_modules/next/dist/client/components/redirect-boundary.js:74:9)
    at RedirectBoundary (webpack-internal:///(app-pages-browser)/./node_modules/next/dist/client/components/redirect-boundary.js:82:11)
    at NotFoundErrorBoundary (webpack-internal:///(app-pages-browser)/./node_modules/next/dist/client/components/not-found-boundary.js:76:9)
    at NotFoundBoundary (webpack-internal:///(app-pages-browser)/./node_modules/next/dist/client/components/not-found-boundary.js:84:11)
    at LoadingBoundary (webpack-internal:///(app-pages-browser)/./node_modules/next/dist/client/components/layout-router.js:349:11)
    at ErrorBoundaryHandler (webpack-internal:///(app-pages-browser)/./node_modules/next/dist/client/components/error-boundary.js:113:9)
    at ErrorBoundary (webpack-internal:///(app-pages-browser)/./node_modules/next/dist/client/components/error-boundary.js:160:11)
    at InnerScrollAndFocusHandler (webpack-internal:///(app-pages-browser)/./node_modules/next/dist/client/components/layout-router.js:153:9)
    at ScrollAndFocusHandler (webpack-internal:///(app-pages-browser)/./node_modules/next/dist/client/components/layout-router.js:228:11)
    at RenderFromTemplateContext (webpack-internal:///(app-pages-browser)/./node_modules/next/dist/client/components/render-from-template-context.js:16:44)
    at OuterLayoutRouter (webpack-internal:///(app-pages-browser)/./node_modules/next/dist/client/components/layout-router.js:370:11)
    at div
    at RedesignLayout (Server)
    at InnerLayoutRouter (webpack-internal:///(app-pages-browser)/./node_modules/next/dist/client/components/layout-router.js:243:11)
    at RedirectErrorBoundary (webpack-internal:///(app-pages-browser)/./node_modules/next/dist/client/components/redirect-boundary.js:74:9)
    at RedirectBoundary (webpack-internal:///(app-pages-browser)/./node_modules/next/dist/client/components/redirect-boundary.js:82:11)
    at NotFoundErrorBoundary (webpack-internal:///(app-pages-browser)/./node_modules/next/dist/client/components/not-found-boundary.js:76:9)
    at NotFoundBoundary (webpack-internal:///(app-pages-browser)/./node_modules/next/dist/client/components/not-found-boundary.js:84:11)
    at LoadingBoundary (webpack-internal:///(app-pages-browser)/./node_modules/next/dist/client/components/layout-router.js:349:11)
    at ErrorBoundary (webpack-internal:///(app-pages-browser)/./node_modules/next/dist/client/components/error-boundary.js:160:11)
    at InnerScrollAndFocusHandler (webpack-internal:///(app-pages-browser)/./node_modules/next/dist/client/components/layout-router.js:153:9)
    at ScrollAndFocusHandler (webpack-internal:///(app-pages-browser)/./node_modules/next/dist/client/components/layout-router.js:228:11)
    at RenderFromTemplateContext (webpack-internal:///(app-pages-browser)/./node_modules/next/dist/client/components/render-from-template-context.js:16:44)
    at OuterLayoutRouter (webpack-internal:///(app-pages-browser)/./node_modules/next/dist/client/components/layout-router.js:370:11)
    at __experimental_CheckoutProvider (webpack-internal:///(app-pages-browser)/./node_modules/@clerk/shared/dist/runtime/react/index.mjs:136:44)
    at SWRConfig (webpack-internal:///(app-pages-browser)/./node_modules/swr/dist/_internal/config-context-client-BoS53ST9.mjs:554:13)
    at SWRConfigCompat (webpack-internal:///(app-pages-browser)/./node_modules/@clerk/shared/dist/runtime/react/index.mjs:124:28)
    at OrganizationProvider (webpack-internal:///(app-pages-browser)/./node_modules/@clerk/shared/dist/runtime/react/index.mjs:148:33)
    at ClerkContextProvider (webpack-internal:///(app-pages-browser)/./node_modules/@clerk/clerk-react/dist/index.mjs:1849:11)
    at ClerkProviderBase (webpack-internal:///(app-pages-browser)/./node_modules/@clerk/clerk-react/dist/index.mjs:1941:11)
    at Hoc (webpack-internal:///(app-pages-browser)/./node_modules/@clerk/clerk-react/dist/chunk-THNCS7QR.mjs:84:5)
    at ClerkNextOptionsProvider (webpack-internal:///(app-pages-browser)/./node_modules/@clerk/nextjs/dist/esm/client-boundary/NextOptionsContext.js:17:11)
    at NextClientClerkProvider (webpack-internal:///(app-pages-browser)/./node_modules/@clerk/nextjs/dist/esm/app-router/client/ClerkProvider.js:62:13)
    at ClientClerkProvider (webpack-internal:///(app-pages-browser)/./node_modules/@clerk/nextjs/dist/esm/app-router/client/ClerkProvider.js:135:13)
    at ClerkProvider (Server)
    at body
    at html
    at RootLayout (Server)
    at RedirectErrorBoundary (webpack-internal:///(app-pages-browser)/./node_modules/next/dist/client/components/redirect-boundary.js:74:9)
    at RedirectBoundary (webpack-internal:///(app-pages-browser)/./node_modules/next/dist/client/components/redirect-boundary.js:82:11)
    at NotFoundErrorBoundary (webpack-internal:///(app-pages-browser)/./node_modules/next/dist/client/components/not-found-boundary.js:76:9)
    at NotFoundBoundary (webpack-internal:///(app-pages-browser)/./node_modules/next/dist/client/components/not-found-boundary.js:84:11)
    at DevRootNotFoundBoundary (webpack-internal:///(app-pages-browser)/./node_modules/next/dist/client/components/dev-root-not-found-boundary.js:33:11)
    at ReactDevOverlay (webpack-internal:///(app-pages-browser)/./node_modules/next/dist/client/components/react-dev-overlay/app/ReactDevOverlay.js:87:9)
    at HotReload (webpack-internal:///(app-pages-browser)/./node_modules/next/dist/client/components/react-dev-overlay/app/hot-reloader-client.js:321:11)
    at Router (webpack-internal:///(app-pages-browser)/./node_modules/next/dist/client/components/app-router.js:207:11)
    at ErrorBoundaryHandler (webpack-internal:///(app-pages-browser)/./node_modules/next/dist/client/components/error-boundary.js:113:9)
    at ErrorBoundary (webpack-internal:///(app-pages-browser)/./node_modules/next/dist/client/components/error-boundary.js:160:11)
    at AppRouter (webpack-internal:///(app-pages-browser)/./node_modules/next/dist/client/components/app-router.js:585:13)
    at ServerRoot (webpack-internal:///(app-pages-browser)/./node_modules/next/dist/client/app-index.js:112:27)
    at Root (webpack-internal:///(app-pages-browser)/./node_modules/next/dist/client/app-index.js:117:11) @ webpack-internal:///(app-pages-browser)/./node_modules/next/dist/client/app-index.js:32
[  180694ms] [ERROR] Warning: %s a style property during rerender (%s) when a conflicting property is set (%s) can lead to styling bugs. To avoid this, don't mix shorthand and non-shorthand properties for the same value; instead, replace the shorthand with separate values.%s Updating animation animationDelay 
    at div
    at section
    at AnimatedGuidesHero (webpack-internal:///(app-pages-browser)/./src/app/redesign/guides/_components/AnimatedGuidesHero.tsx:28:82)
    at GuidesPage (Server)
    at GuidesPage (Server)
    at InnerLayoutRouter (webpack-internal:///(app-pages-browser)/./node_modules/next/dist/client/components/layout-router.js:243:11)
    at RedirectErrorBoundary (webpack-internal:///(app-pages-browser)/./node_modules/next/dist/client/components/redirect-boundary.js:74:9)
    at RedirectBoundary (webpack-internal:///(app-pages-browser)/./node_modules/next/dist/client/components/redirect-boundary.js:82:11)
    at NotFoundBoundary (webpack-internal:///(app-pages-browser)/./node_modules/next/dist/client/components/not-found-boundary.js:84:11)
    at LoadingBoundary (webpack-internal:///(app-pages-browser)/./node_modules/next/dist/client/components/layout-router.js:349:11)
    at ErrorBoundary (webpack-internal:///(app-pages-browser)/./node_modules/next/dist/client/components/error-boundary.js:160:11)
    at InnerScrollAndFocusHandler (webpack-internal:///(app-pages-browser)/./node_modules/next/dist/client/components/layout-router.js:153:9)
    at ScrollAndFocusHandler (webpack-internal:///(app-pages-browser)/./node_modules/next/dist/client/components/layout-router.js:228:11)
    at RenderFromTemplateContext (webpack-internal:///(app-pages-browser)/./node_modules/next/dist/client/components/render-from-template-context.js:16:44)
    at OuterLayoutRouter (webpack-internal:///(app-pages-browser)/./node_modules/next/dist/client/components/layout-router.js:370:11)
    at InnerLayoutRouter (webpack-internal:///(app-pages-browser)/./node_modules/next/dist/client/components/layout-router.js:243:11)
    at RedirectErrorBoundary (webpack-internal:///(app-pages-browser)/./node_modules/next/dist/client/components/redirect-boundary.js:74:9)
    at RedirectBoundary (webpack-internal:///(app-pages-browser)/./node_modules/next/dist/client/components/redirect-boundary.js:82:11)
    at NotFoundErrorBoundary (webpack-internal:///(app-pages-browser)/./node_modules/next/dist/client/components/not-found-boundary.js:76:9)
    at NotFoundBoundary (webpack-internal:///(app-pages-browser)/./node_modules/next/dist/client/components/not-found-boundary.js:84:11)
    at LoadingBoundary (webpack-internal:///(app-pages-browser)/./node_modules/next/dist/client/components/layout-router.js:349:11)
    at ErrorBoundaryHandler (webpack-internal:///(app-pages-browser)/./node_modules/next/dist/client/components/error-boundary.js:113:9)
    at ErrorBoundary (webpack-internal:///(app-pages-browser)/./node_modules/next/dist/client/components/error-boundary.js:160:11)
    at InnerScrollAndFocusHandler (webpack-internal:///(app-pages-browser)/./node_modules/next/dist/client/components/layout-router.js:153:9)
    at ScrollAndFocusHandler (webpack-internal:///(app-pages-browser)/./node_modules/next/dist/client/components/layout-router.js:228:11)
    at RenderFromTemplateContext (webpack-internal:///(app-pages-browser)/./node_modules/next/dist/client/components/render-from-template-context.js:16:44)
    at OuterLayoutRouter (webpack-internal:///(app-pages-browser)/./node_modules/next/dist/client/components/layout-router.js:370:11)
    at div
    at RedesignLayout (Server)
    at InnerLayoutRouter (webpack-internal:///(app-pages-browser)/./node_modules/next/dist/client/components/layout-router.js:243:11)
    at RedirectErrorBoundary (webpack-internal:///(app-pages-browser)/./node_modules/next/dist/client/components/redirect-boundary.js:74:9)
    at RedirectBoundary (webpack-internal:///(app-pages-browser)/./node_modules/next/dist/client/components/redirect-boundary.js:82:11)
    at NotFoundErrorBoundary (webpack-internal:///(app-pages-browser)/./node_modules/next/dist/client/components/not-found-boundary.js:76:9)
    at NotFoundBoundary (webpack-internal:///(app-pages-browser)/./node_modules/next/dist/client/components/not-found-boundary.js:84:11)
    at LoadingBoundary (webpack-internal:///(app-pages-browser)/./node_modules/next/dist/client/components/layout-router.js:349:11)
    at ErrorBoundary (webpack-internal:///(app-pages-browser)/./node_modules/next/dist/client/components/error-boundary.js:160:11)
    at InnerScrollAndFocusHandler (webpack-internal:///(app-pages-browser)/./node_modules/next/dist/client/components/layout-router.js:153:9)
    at ScrollAndFocusHandler (webpack-internal:///(app-pages-browser)/./node_modules/next/dist/client/components/layout-router.js:228:11)
    at RenderFromTemplateContext (webpack-internal:///(app-pages-browser)/./node_modules/next/dist/client/components/render-from-template-context.js:16:44)
    at OuterLayoutRouter (webpack-internal:///(app-pages-browser)/./node_modules/next/dist/client/components/layout-router.js:370:11)
    at __experimental_CheckoutProvider (webpack-internal:///(app-pages-browser)/./node_modules/@clerk/shared/dist/runtime/react/index.mjs:136:44)
    at SWRConfig (webpack-internal:///(app-pages-browser)/./node_modules/swr/dist/_internal/config-context-client-BoS53ST9.mjs:554:13)
    at SWRConfigCompat (webpack-internal:///(app-pages-browser)/./node_modules/@clerk/shared/dist/runtime/react/index.mjs:124:28)
    at OrganizationProvider (webpack-internal:///(app-pages-browser)/./node_modules/@clerk/shared/dist/runtime/react/index.mjs:148:33)
    at ClerkContextProvider (webpack-internal:///(app-pages-browser)/./node_modules/@clerk/clerk-react/dist/index.mjs:1849:11)
    at ClerkProviderBase (webpack-internal:///(app-pages-browser)/./node_modules/@clerk/clerk-react/dist/index.mjs:1941:11)
    at Hoc (webpack-internal:///(app-pages-browser)/./node_modules/@clerk/clerk-react/dist/chunk-THNCS7QR.mjs:84:5)
    at ClerkNextOptionsProvider (webpack-internal:///(app-pages-browser)/./node_modules/@clerk/nextjs/dist/esm/client-boundary/NextOptionsContext.js:17:11)
    at NextClientClerkProvider (webpack-internal:///(app-pages-browser)/./node_modules/@clerk/nextjs/dist/esm/app-router/client/ClerkProvider.js:62:13)
    at ClientClerkProvider (webpack-internal:///(app-pages-browser)/./node_modules/@clerk/nextjs/dist/esm/app-router/client/ClerkProvider.js:135:13)
    at ClerkProvider (Server)
    at body
    at html
    at RootLayout (Server)
    at RedirectErrorBoundary (webpack-internal:///(app-pages-browser)/./node_modules/next/dist/client/components/redirect-boundary.js:74:9)
    at RedirectBoundary (webpack-internal:///(app-pages-browser)/./node_modules/next/dist/client/components/redirect-boundary.js:82:11)
    at NotFoundErrorBoundary (webpack-internal:///(app-pages-browser)/./node_modules/next/dist/client/components/not-found-boundary.js:76:9)
    at NotFoundBoundary (webpack-internal:///(app-pages-browser)/./node_modules/next/dist/client/components/not-found-boundary.js:84:11)
    at DevRootNotFoundBoundary (webpack-internal:///(app-pages-browser)/./node_modules/next/dist/client/components/dev-root-not-found-boundary.js:33:11)
    at ReactDevOverlay (webpack-internal:///(app-pages-browser)/./node_modules/next/dist/client/components/react-dev-overlay/app/ReactDevOverlay.js:87:9)
    at HotReload (webpack-internal:///(app-pages-browser)/./node_modules/next/dist/client/components/react-dev-overlay/app/hot-reloader-client.js:321:11)
    at Router (webpack-internal:///(app-pages-browser)/./node_modules/next/dist/client/components/app-router.js:207:11)
    at ErrorBoundaryHandler (webpack-internal:///(app-pages-browser)/./node_modules/next/dist/client/components/error-boundary.js:113:9)
    at ErrorBoundary (webpack-internal:///(app-pages-browser)/./node_modules/next/dist/client/components/error-boundary.js:160:11)
    at AppRouter (webpack-internal:///(app-pages-browser)/./node_modules/next/dist/client/components/app-router.js:585:13)
    at ServerRoot (webpack-internal:///(app-pages-browser)/./node_modules/next/dist/client/app-index.js:112:27)
    at Root (webpack-internal:///(app-pages-browser)/./node_modules/next/dist/client/app-index.js:117:11) @ webpack-internal:///(app-pages-browser)/./node_modules/next/dist/client/app-index.js:32
[  180694ms] [ERROR] Warning: %s a style property during rerender (%s) when a conflicting property is set (%s) can lead to styling bugs. To avoid this, don't mix shorthand and non-shorthand properties for the same value; instead, replace the shorthand with separate values.%s Updating animation animationDelay 
    at div
    at section
    at AnimatedGuidesHero (webpack-internal:///(app-pages-browser)/./src/app/redesign/guides/_components/AnimatedGuidesHero.tsx:28:82)
    at GuidesPage (Server)
    at GuidesPage (Server)
    at InnerLayoutRouter (webpack-internal:///(app-pages-browser)/./node_modules/next/dist/client/components/layout-router.js:243:11)
    at RedirectErrorBoundary (webpack-internal:///(app-pages-browser)/./node_modules/next/dist/client/components/redirect-boundary.js:74:9)
    at RedirectBoundary (webpack-internal:///(app-pages-browser)/./node_modules/next/dist/client/components/redirect-boundary.js:82:11)
    at NotFoundBoundary (webpack-internal:///(app-pages-browser)/./node_modules/next/dist/client/components/not-found-boundary.js:84:11)
    at LoadingBoundary (webpack-internal:///(app-pages-browser)/./node_modules/next/dist/client/components/layout-router.js:349:11)
    at ErrorBoundary (webpack-internal:///(app-pages-browser)/./node_modules/next/dist/client/components/error-boundary.js:160:11)
    at InnerScrollAndFocusHandler (webpack-internal:///(app-pages-browser)/./node_modules/next/dist/client/components/layout-router.js:153:9)
    at ScrollAndFocusHandler (webpack-internal:///(app-pages-browser)/./node_modules/next/dist/client/components/layout-router.js:228:11)
    at RenderFromTemplateContext (webpack-internal:///(app-pages-browser)/./node_modules/next/dist/client/components/render-from-template-context.js:16:44)
    at OuterLayoutRouter (webpack-internal:///(app-pages-browser)/./node_modules/next/dist/client/components/layout-router.js:370:11)
    at InnerLayoutRouter (webpack-internal:///(app-pages-browser)/./node_modules/next/dist/client/components/layout-router.js:243:11)
    at RedirectErrorBoundary (webpack-internal:///(app-pages-browser)/./node_modules/next/dist/client/components/redirect-boundary.js:74:9)
    at RedirectBoundary (webpack-internal:///(app-pages-browser)/./node_modules/next/dist/client/components/redirect-boundary.js:82:11)
    at NotFoundErrorBoundary (webpack-internal:///(app-pages-browser)/./node_modules/next/dist/client/components/not-found-boundary.js:76:9)
    at NotFoundBoundary (webpack-internal:///(app-pages-browser)/./node_modules/next/dist/client/components/not-found-boundary.js:84:11)
    at LoadingBoundary (webpack-internal:///(app-pages-browser)/./node_modules/next/dist/client/components/layout-router.js:349:11)
    at ErrorBoundaryHandler (webpack-internal:///(app-pages-browser)/./node_modules/next/dist/client/components/error-boundary.js:113:9)
    at ErrorBoundary (webpack-internal:///(app-pages-browser)/./node_modules/next/dist/client/components/error-boundary.js:160:11)
    at InnerScrollAndFocusHandler (webpack-internal:///(app-pages-browser)/./node_modules/next/dist/client/components/layout-router.js:153:9)
    at ScrollAndFocusHandler (webpack-internal:///(app-pages-browser)/./node_modules/next/dist/client/components/layout-router.js:228:11)
    at RenderFromTemplateContext (webpack-internal:///(app-pages-browser)/./node_modules/next/dist/client/components/render-from-template-context.js:16:44)
    at OuterLayoutRouter (webpack-internal:///(app-pages-browser)/./node_modules/next/dist/client/components/layout-router.js:370:11)
    at div
    at RedesignLayout (Server)
    at InnerLayoutRouter (webpack-internal:///(app-pages-browser)/./node_modules/next/dist/client/components/layout-router.js:243:11)
    at RedirectErrorBoundary (webpack-internal:///(app-pages-browser)/./node_modules/next/dist/client/components/redirect-boundary.js:74:9)
    at RedirectBoundary (webpack-internal:///(app-pages-browser)/./node_modules/next/dist/client/components/redirect-boundary.js:82:11)
    at NotFoundErrorBoundary (webpack-internal:///(app-pages-browser)/./node_modules/next/dist/client/components/not-found-boundary.js:76:9)
    at NotFoundBoundary (webpack-internal:///(app-pages-browser)/./node_modules/next/dist/client/components/not-found-boundary.js:84:11)
    at LoadingBoundary (webpack-internal:///(app-pages-browser)/./node_modules/next/dist/client/components/layout-router.js:349:11)
    at ErrorBoundary (webpack-internal:///(app-pages-browser)/./node_modules/next/dist/client/components/error-boundary.js:160:11)
    at InnerScrollAndFocusHandler (webpack-internal:///(app-pages-browser)/./node_modules/next/dist/client/components/layout-router.js:153:9)
    at ScrollAndFocusHandler (webpack-internal:///(app-pages-browser)/./node_modules/next/dist/client/components/layout-router.js:228:11)
    at RenderFromTemplateContext (webpack-internal:///(app-pages-browser)/./node_modules/next/dist/client/components/render-from-template-context.js:16:44)
    at OuterLayoutRouter (webpack-internal:///(app-pages-browser)/./node_modules/next/dist/client/components/layout-router.js:370:11)
    at __experimental_CheckoutProvider (webpack-internal:///(app-pages-browser)/./node_modules/@clerk/shared/dist/runtime/react/index.mjs:136:44)
    at SWRConfig (webpack-internal:///(app-pages-browser)/./node_modules/swr/dist/_internal/config-context-client-BoS53ST9.mjs:554:13)
    at SWRConfigCompat (webpack-internal:///(app-pages-browser)/./node_modules/@clerk/shared/dist/runtime/react/index.mjs:124:28)
    at OrganizationProvider (webpack-internal:///(app-pages-browser)/./node_modules/@clerk/shared/dist/runtime/react/index.mjs:148:33)
    at ClerkContextProvider (webpack-internal:///(app-pages-browser)/./node_modules/@clerk/clerk-react/dist/index.mjs:1849:11)
    at ClerkProviderBase (webpack-internal:///(app-pages-browser)/./node_modules/@clerk/clerk-react/dist/index.mjs:1941:11)
    at Hoc (webpack-internal:///(app-pages-browser)/./node_modules/@clerk/clerk-react/dist/chunk-THNCS7QR.mjs:84:5)
    at ClerkNextOptionsProvider (webpack-internal:///(app-pages-browser)/./node_modules/@clerk/nextjs/dist/esm/client-boundary/NextOptionsContext.js:17:11)
    at NextClientClerkProvider (webpack-internal:///(app-pages-browser)/./node_modules/@clerk/nextjs/dist/esm/app-router/client/ClerkProvider.js:62:13)
    at ClientClerkProvider (webpack-internal:///(app-pages-browser)/./node_modules/@clerk/nextjs/dist/esm/app-router/client/ClerkProvider.js:135:13)
    at ClerkProvider (Server)
    at body
    at html
    at RootLayout (Server)
    at RedirectErrorBoundary (webpack-internal:///(app-pages-browser)/./node_modules/next/dist/client/components/redirect-boundary.js:74:9)
    at RedirectBoundary (webpack-internal:///(app-pages-browser)/./node_modules/next/dist/client/components/redirect-boundary.js:82:11)
    at NotFoundErrorBoundary (webpack-internal:///(app-pages-browser)/./node_modules/next/dist/client/components/not-found-boundary.js:76:9)
    at NotFoundBoundary (webpack-internal:///(app-pages-browser)/./node_modules/next/dist/client/components/not-found-boundary.js:84:11)
    at DevRootNotFoundBoundary (webpack-internal:///(app-pages-browser)/./node_modules/next/dist/client/components/dev-root-not-found-boundary.js:33:11)
    at ReactDevOverlay (webpack-internal:///(app-pages-browser)/./node_modules/next/dist/client/components/react-dev-overlay/app/ReactDevOverlay.js:87:9)
    at HotReload (webpack-internal:///(app-pages-browser)/./node_modules/next/dist/client/components/react-dev-overlay/app/hot-reloader-client.js:321:11)
    at Router (webpack-internal:///(app-pages-browser)/./node_modules/next/dist/client/components/app-router.js:207:11)
    at ErrorBoundaryHandler (webpack-internal:///(app-pages-browser)/./node_modules/next/dist/client/components/error-boundary.js:113:9)
    at ErrorBoundary (webpack-internal:///(app-pages-browser)/./node_modules/next/dist/client/components/error-boundary.js:160:11)
    at AppRouter (webpack-internal:///(app-pages-browser)/./node_modules/next/dist/client/components/app-router.js:585:13)
    at ServerRoot (webpack-internal:///(app-pages-browser)/./node_modules/next/dist/client/app-index.js:112:27)
    at Root (webpack-internal:///(app-pages-browser)/./node_modules/next/dist/client/app-index.js:117:11) @ webpack-internal:///(app-pages-browser)/./node_modules/next/dist/client/app-index.js:32
[  180695ms] [ERROR] Warning: %s a style property during rerender (%s) when a conflicting property is set (%s) can lead to styling bugs. To avoid this, don't mix shorthand and non-shorthand properties for the same value; instead, replace the shorthand with separate values.%s Updating animation animationDelay 
    at div
    at section
    at AnimatedGuidesHero (webpack-internal:///(app-pages-browser)/./src/app/redesign/guides/_components/AnimatedGuidesHero.tsx:28:82)
    at GuidesPage (Server)
    at GuidesPage (Server)
    at InnerLayoutRouter (webpack-internal:///(app-pages-browser)/./node_modules/next/dist/client/components/layout-router.js:243:11)
    at RedirectErrorBoundary (webpack-internal:///(app-pages-browser)/./node_modules/next/dist/client/components/redirect-boundary.js:74:9)
    at RedirectBoundary (webpack-internal:///(app-pages-browser)/./node_modules/next/dist/client/components/redirect-boundary.js:82:11)
    at NotFoundBoundary (webpack-internal:///(app-pages-browser)/./node_modules/next/dist/client/components/not-found-boundary.js:84:11)
    at LoadingBoundary (webpack-internal:///(app-pages-browser)/./node_modules/next/dist/client/components/layout-router.js:349:11)
    at ErrorBoundary (webpack-internal:///(app-pages-browser)/./node_modules/next/dist/client/components/error-boundary.js:160:11)
    at InnerScrollAndFocusHandler (webpack-internal:///(app-pages-browser)/./node_modules/next/dist/client/components/layout-router.js:153:9)
    at ScrollAndFocusHandler (webpack-internal:///(app-pages-browser)/./node_modules/next/dist/client/components/layout-router.js:228:11)
    at RenderFromTemplateContext (webpack-internal:///(app-pages-browser)/./node_modules/next/dist/client/components/render-from-template-context.js:16:44)
    at OuterLayoutRouter (webpack-internal:///(app-pages-browser)/./node_modules/next/dist/client/components/layout-router.js:370:11)
    at InnerLayoutRouter (webpack-internal:///(app-pages-browser)/./node_modules/next/dist/client/components/layout-router.js:243:11)
    at RedirectErrorBoundary (webpack-internal:///(app-pages-browser)/./node_modules/next/dist/client/components/redirect-boundary.js:74:9)
    at RedirectBoundary (webpack-internal:///(app-pages-browser)/./node_modules/next/dist/client/components/redirect-boundary.js:82:11)
    at NotFoundErrorBoundary (webpack-internal:///(app-pages-browser)/./node_modules/next/dist/client/components/not-found-boundary.js:76:9)
    at NotFoundBoundary (webpack-internal:///(app-pages-browser)/./node_modules/next/dist/client/components/not-found-boundary.js:84:11)
    at LoadingBoundary (webpack-internal:///(app-pages-browser)/./node_modules/next/dist/client/components/layout-router.js:349:11)
    at ErrorBoundaryHandler (webpack-internal:///(app-pages-browser)/./node_modules/next/dist/client/components/error-boundary.js:113:9)
    at ErrorBoundary (webpack-internal:///(app-pages-browser)/./node_modules/next/dist/client/components/error-boundary.js:160:11)
    at InnerScrollAndFocusHandler (webpack-internal:///(app-pages-browser)/./node_modules/next/dist/client/components/layout-router.js:153:9)
    at ScrollAndFocusHandler (webpack-internal:///(app-pages-browser)/./node_modules/next/dist/client/components/layout-router.js:228:11)
    at RenderFromTemplateContext (webpack-internal:///(app-pages-browser)/./node_modules/next/dist/client/components/render-from-template-context.js:16:44)
    at OuterLayoutRouter (webpack-internal:///(app-pages-browser)/./node_modules/next/dist/client/components/layout-router.js:370:11)
    at div
    at RedesignLayout (Server)
    at InnerLayoutRouter (webpack-internal:///(app-pages-browser)/./node_modules/next/dist/client/components/layout-router.js:243:11)
    at RedirectErrorBoundary (webpack-internal:///(app-pages-browser)/./node_modules/next/dist/client/components/redirect-boundary.js:74:9)
    at RedirectBoundary (webpack-internal:///(app-pages-browser)/./node_modules/next/dist/client/components/redirect-boundary.js:82:11)
    at NotFoundErrorBoundary (webpack-internal:///(app-pages-browser)/./node_modules/next/dist/client/components/not-found-boundary.js:76:9)
    at NotFoundBoundary (webpack-internal:///(app-pages-browser)/./node_modules/next/dist/client/components/not-found-boundary.js:84:11)
    at LoadingBoundary (webpack-internal:///(app-pages-browser)/./node_modules/next/dist/client/components/layout-router.js:349:11)
    at ErrorBoundary (webpack-internal:///(app-pages-browser)/./node_modules/next/dist/client/components/error-boundary.js:160:11)
    at InnerScrollAndFocusHandler (webpack-internal:///(app-pages-browser)/./node_modules/next/dist/client/components/layout-router.js:153:9)
    at ScrollAndFocusHandler (webpack-internal:///(app-pages-browser)/./node_modules/next/dist/client/components/layout-router.js:228:11)
    at RenderFromTemplateContext (webpack-internal:///(app-pages-browser)/./node_modules/next/dist/client/components/render-from-template-context.js:16:44)
    at OuterLayoutRouter (webpack-internal:///(app-pages-browser)/./node_modules/next/dist/client/components/layout-router.js:370:11)
    at __experimental_CheckoutProvider (webpack-internal:///(app-pages-browser)/./node_modules/@clerk/shared/dist/runtime/react/index.mjs:136:44)
    at SWRConfig (webpack-internal:///(app-pages-browser)/./node_modules/swr/dist/_internal/config-context-client-BoS53ST9.mjs:554:13)
    at SWRConfigCompat (webpack-internal:///(app-pages-browser)/./node_modules/@clerk/shared/dist/runtime/react/index.mjs:124:28)
    at OrganizationProvider (webpack-internal:///(app-pages-browser)/./node_modules/@clerk/shared/dist/runtime/react/index.mjs:148:33)
    at ClerkContextProvider (webpack-internal:///(app-pages-browser)/./node_modules/@clerk/clerk-react/dist/index.mjs:1849:11)
    at ClerkProviderBase (webpack-internal:///(app-pages-browser)/./node_modules/@clerk/clerk-react/dist/index.mjs:1941:11)
    at Hoc (webpack-internal:///(app-pages-browser)/./node_modules/@clerk/clerk-react/dist/chunk-THNCS7QR.mjs:84:5)
    at ClerkNextOptionsProvider (webpack-internal:///(app-pages-browser)/./node_modules/@clerk/nextjs/dist/esm/client-boundary/NextOptionsContext.js:17:11)
    at NextClientClerkProvider (webpack-internal:///(app-pages-browser)/./node_modules/@clerk/nextjs/dist/esm/app-router/client/ClerkProvider.js:62:13)
    at ClientClerkProvider (webpack-internal:///(app-pages-browser)/./node_modules/@clerk/nextjs/dist/esm/app-router/client/ClerkProvider.js:135:13)
    at ClerkProvider (Server)
    at body
    at html
    at RootLayout (Server)
    at RedirectErrorBoundary (webpack-internal:///(app-pages-browser)/./node_modules/next/dist/client/components/redirect-boundary.js:74:9)
    at RedirectBoundary (webpack-internal:///(app-pages-browser)/./node_modules/next/dist/client/components/redirect-boundary.js:82:11)
    at NotFoundErrorBoundary (webpack-internal:///(app-pages-browser)/./node_modules/next/dist/client/components/not-found-boundary.js:76:9)
    at NotFoundBoundary (webpack-internal:///(app-pages-browser)/./node_modules/next/dist/client/components/not-found-boundary.js:84:11)
    at DevRootNotFoundBoundary (webpack-internal:///(app-pages-browser)/./node_modules/next/dist/client/components/dev-root-not-found-boundary.js:33:11)
    at ReactDevOverlay (webpack-internal:///(app-pages-browser)/./node_modules/next/dist/client/components/react-dev-overlay/app/ReactDevOverlay.js:87:9)
    at HotReload (webpack-internal:///(app-pages-browser)/./node_modules/next/dist/client/components/react-dev-overlay/app/hot-reloader-client.js:321:11)
    at Router (webpack-internal:///(app-pages-browser)/./node_modules/next/dist/client/components/app-router.js:207:11)
    at ErrorBoundaryHandler (webpack-internal:///(app-pages-browser)/./node_modules/next/dist/client/components/error-boundary.js:113:9)
    at ErrorBoundary (webpack-internal:///(app-pages-browser)/./node_modules/next/dist/client/components/error-boundary.js:160:11)
    at AppRouter (webpack-internal:///(app-pages-browser)/./node_modules/next/dist/client/components/app-router.js:585:13)
    at ServerRoot (webpack-internal:///(app-pages-browser)/./node_modules/next/dist/client/app-index.js:112:27)
    at Root (webpack-internal:///(app-pages-browser)/./node_modules/next/dist/client/app-index.js:117:11) @ webpack-internal:///(app-pages-browser)/./node_modules/next/dist/client/app-index.js:32
[  180695ms] [ERROR] Warning: %s a style property during rerender (%s) when a conflicting property is set (%s) can lead to styling bugs. To avoid this, don't mix shorthand and non-shorthand properties for the same value; instead, replace the shorthand with separate values.%s Updating animation animationDelay 
    at div
    at section
    at AnimatedGuidesHero (webpack-internal:///(app-pages-browser)/./src/app/redesign/guides/_components/AnimatedGuidesHero.tsx:28:82)
    at GuidesPage (Server)
    at GuidesPage (Server)
    at InnerLayoutRouter (webpack-internal:///(app-pages-browser)/./node_modules/next/dist/client/components/layout-router.js:243:11)
    at RedirectErrorBoundary (webpack-internal:///(app-pages-browser)/./node_modules/next/dist/client/components/redirect-boundary.js:74:9)
    at RedirectBoundary (webpack-internal:///(app-pages-browser)/./node_modules/next/dist/client/components/redirect-boundary.js:82:11)
    at NotFoundBoundary (webpack-internal:///(app-pages-browser)/./node_modules/next/dist/client/components/not-found-boundary.js:84:11)
    at LoadingBoundary (webpack-internal:///(app-pages-browser)/./node_modules/next/dist/client/components/layout-router.js:349:11)
    at ErrorBoundary (webpack-internal:///(app-pages-browser)/./node_modules/next/dist/client/components/error-boundary.js:160:11)
    at InnerScrollAndFocusHandler (webpack-internal:///(app-pages-browser)/./node_modules/next/dist/client/components/layout-router.js:153:9)
    at ScrollAndFocusHandler (webpack-internal:///(app-pages-browser)/./node_modules/next/dist/client/components/layout-router.js:228:11)
    at RenderFromTemplateContext (webpack-internal:///(app-pages-browser)/./node_modules/next/dist/client/components/render-from-template-context.js:16:44)
    at OuterLayoutRouter (webpack-internal:///(app-pages-browser)/./node_modules/next/dist/client/components/layout-router.js:370:11)
    at InnerLayoutRouter (webpack-internal:///(app-pages-browser)/./node_modules/next/dist/client/components/layout-router.js:243:11)
    at RedirectErrorBoundary (webpack-internal:///(app-pages-browser)/./node_modules/next/dist/client/components/redirect-boundary.js:74:9)
    at RedirectBoundary (webpack-internal:///(app-pages-browser)/./node_modules/next/dist/client/components/redirect-boundary.js:82:11)
    at NotFoundErrorBoundary (webpack-internal:///(app-pages-browser)/./node_modules/next/dist/client/components/not-found-boundary.js:76:9)
    at NotFoundBoundary (webpack-internal:///(app-pages-browser)/./node_modules/next/dist/client/components/not-found-boundary.js:84:11)
    at LoadingBoundary (webpack-internal:///(app-pages-browser)/./node_modules/next/dist/client/components/layout-router.js:349:11)
    at ErrorBoundaryHandler (webpack-internal:///(app-pages-browser)/./node_modules/next/dist/client/components/error-boundary.js:113:9)
    at ErrorBoundary (webpack-internal:///(app-pages-browser)/./node_modules/next/dist/client/components/error-boundary.js:160:11)
    at InnerScrollAndFocusHandler (webpack-internal:///(app-pages-browser)/./node_modules/next/dist/client/components/layout-router.js:153:9)
    at ScrollAndFocusHandler (webpack-internal:///(app-pages-browser)/./node_modules/next/dist/client/components/layout-router.js:228:11)
    at RenderFromTemplateContext (webpack-internal:///(app-pages-browser)/./node_modules/next/dist/client/components/render-from-template-context.js:16:44)
    at OuterLayoutRouter (webpack-internal:///(app-pages-browser)/./node_modules/next/dist/client/components/layout-router.js:370:11)
    at div
    at RedesignLayout (Server)
    at InnerLayoutRouter (webpack-internal:///(app-pages-browser)/./node_modules/next/dist/client/components/layout-router.js:243:11)
    at RedirectErrorBoundary (webpack-internal:///(app-pages-browser)/./node_modules/next/dist/client/components/redirect-boundary.js:74:9)
    at RedirectBoundary (webpack-internal:///(app-pages-browser)/./node_modules/next/dist/client/components/redirect-boundary.js:82:11)
    at NotFoundErrorBoundary (webpack-internal:///(app-pages-browser)/./node_modules/next/dist/client/components/not-found-boundary.js:76:9)
    at NotFoundBoundary (webpack-internal:///(app-pages-browser)/./node_modules/next/dist/client/components/not-found-boundary.js:84:11)
    at LoadingBoundary (webpack-internal:///(app-pages-browser)/./node_modules/next/dist/client/components/layout-router.js:349:11)
    at ErrorBoundary (webpack-internal:///(app-pages-browser)/./node_modules/next/dist/client/components/error-boundary.js:160:11)
    at InnerScrollAndFocusHandler (webpack-internal:///(app-pages-browser)/./node_modules/next/dist/client/components/layout-router.js:153:9)
    at ScrollAndFocusHandler (webpack-internal:///(app-pages-browser)/./node_modules/next/dist/client/components/layout-router.js:228:11)
    at RenderFromTemplateContext (webpack-internal:///(app-pages-browser)/./node_modules/next/dist/client/components/render-from-template-context.js:16:44)
    at OuterLayoutRouter (webpack-internal:///(app-pages-browser)/./node_modules/next/dist/client/components/layout-router.js:370:11)
    at __experimental_CheckoutProvider (webpack-internal:///(app-pages-browser)/./node_modules/@clerk/shared/dist/runtime/react/index.mjs:136:44)
    at SWRConfig (webpack-internal:///(app-pages-browser)/./node_modules/swr/dist/_internal/config-context-client-BoS53ST9.mjs:554:13)
    at SWRConfigCompat (webpack-internal:///(app-pages-browser)/./node_modules/@clerk/shared/dist/runtime/react/index.mjs:124:28)
    at OrganizationProvider (webpack-internal:///(app-pages-browser)/./node_modules/@clerk/shared/dist/runtime/react/index.mjs:148:33)
    at ClerkContextProvider (webpack-internal:///(app-pages-browser)/./node_modules/@clerk/clerk-react/dist/index.mjs:1849:11)
    at ClerkProviderBase (webpack-internal:///(app-pages-browser)/./node_modules/@clerk/clerk-react/dist/index.mjs:1941:11)
    at Hoc (webpack-internal:///(app-pages-browser)/./node_modules/@clerk/clerk-react/dist/chunk-THNCS7QR.mjs:84:5)
    at ClerkNextOptionsProvider (webpack-internal:///(app-pages-browser)/./node_modules/@clerk/nextjs/dist/esm/client-boundary/NextOptionsContext.js:17:11)
    at NextClientClerkProvider (webpack-internal:///(app-pages-browser)/./node_modules/@clerk/nextjs/dist/esm/app-router/client/ClerkProvider.js:62:13)
    at ClientClerkProvider (webpack-internal:///(app-pages-browser)/./node_modules/@clerk/nextjs/dist/esm/app-router/client/ClerkProvider.js:135:13)
    at ClerkProvider (Server)
    at body
    at html
    at RootLayout (Server)
    at RedirectErrorBoundary (webpack-internal:///(app-pages-browser)/./node_modules/next/dist/client/components/redirect-boundary.js:74:9)
    at RedirectBoundary (webpack-internal:///(app-pages-browser)/./node_modules/next/dist/client/components/redirect-boundary.js:82:11)
    at NotFoundErrorBoundary (webpack-internal:///(app-pages-browser)/./node_modules/next/dist/client/components/not-found-boundary.js:76:9)
    at NotFoundBoundary (webpack-internal:///(app-pages-browser)/./node_modules/next/dist/client/components/not-found-boundary.js:84:11)
    at DevRootNotFoundBoundary (webpack-internal:///(app-pages-browser)/./node_modules/next/dist/client/components/dev-root-not-found-boundary.js:33:11)
    at ReactDevOverlay (webpack-internal:///(app-pages-browser)/./node_modules/next/dist/client/components/react-dev-overlay/app/ReactDevOverlay.js:87:9)
    at HotReload (webpack-internal:///(app-pages-browser)/./node_modules/next/dist/client/components/react-dev-overlay/app/hot-reloader-client.js:321:11)
    at Router (webpack-internal:///(app-pages-browser)/./node_modules/next/dist/client/components/app-router.js:207:11)
    at ErrorBoundaryHandler (webpack-internal:///(app-pages-browser)/./node_modules/next/dist/client/components/error-boundary.js:113:9)
    at ErrorBoundary (webpack-internal:///(app-pages-browser)/./node_modules/next/dist/client/components/error-boundary.js:160:11)
    at AppRouter (webpack-internal:///(app-pages-browser)/./node_modules/next/dist/client/components/app-router.js:585:13)
    at ServerRoot (webpack-internal:///(app-pages-browser)/./node_modules/next/dist/client/app-index.js:112:27)
    at Root (webpack-internal:///(app-pages-browser)/./node_modules/next/dist/client/app-index.js:117:11) @ webpack-internal:///(app-pages-browser)/./node_modules/next/dist/client/app-index.js:32
[  180985ms] [ERROR] Failed to load resource: the server responded with a status of 400 () @ https://clerk.greentryst.com/v1/client?__clerk_api_version=2025-11-10&_clerk_js_version=5.125.7:0
[  180997ms] [ERROR] Failed to load resource: the server responded with a status of 400 () @ https://clerk.greentryst.com/v1/environment?__clerk_api_version=2025-11-10&_clerk_js_version=5.125.7:0
[  180999ms] [ERROR] e: Clerk: Production Keys are only allowed for domain "greentryst.com". 
API Error: The Request HTTP Origin header must be equal to or a subdomain of the requesting URL.
    at https://clerk.greentryst.com/npm/@clerk/clerk-js@5/dist/clerk.browser.js:2:7182
    at u._baseFetch (https://clerk.greentryst.com/npm/@clerk/clerk-js@5/dist/clerk.browser.js:3:38)
    at async d.execute (https://clerk.greentryst.com/npm/@clerk/clerk-js@5/dist/clerk.browser.js:2:5226)
    at async s._baseGet (https://clerk.greentryst.com/npm/@clerk/clerk-js@5/dist/clerk.browser.js:3:567)
    at async Promise.all (index 1)
    at async #U (https://clerk.greentryst.com/npm/@clerk/clerk-js@5/dist/clerk.browser.js:5:73541)
    at async e5.load (https://clerk.greentryst.com/npm/@clerk/clerk-js@5/dist/clerk.browser.js:5:34322)
    at async _IsomorphicClerk.loadClerkJS (webpack-internal:///(app-pages-browser)/./node_modules/@clerk/clerk-react/dist/index.mjs:1746:9) @ webpack-internal:///(app-pages-browser)/./node_modules/next/dist/client/app-index.js:32
[  181332ms] [ERROR] Failed to load resource: the server responded with a status of 400 () @ https://clerk.greentryst.com/v1/client?__clerk_api_version=2025-11-10&_clerk_js_version=5.125.7:0
[  181339ms] [ERROR] Failed to load resource: the server responded with a status of 400 () @ https://clerk.greentryst.com/v1/environment?__clerk_api_version=2025-11-10&_clerk_js_version=5.125.7:0
[  181340ms] [ERROR] e: Clerk: Production Keys are only allowed for domain "greentryst.com". 
API Error: The Request HTTP Origin header must be equal to or a subdomain of the requesting URL.
    at https://clerk.greentryst.com/npm/@clerk/clerk-js@5/dist/clerk.browser.js:2:7182
    at u._baseFetch (https://clerk.greentryst.com/npm/@clerk/clerk-js@5/dist/clerk.browser.js:3:38)
    at async d.execute (https://clerk.greentryst.com/npm/@clerk/clerk-js@5/dist/clerk.browser.js:2:5226)
    at async s._baseGet (https://clerk.greentryst.com/npm/@clerk/clerk-js@5/dist/clerk.browser.js:3:567)
    at async Promise.all (index 1)
    at async #U (https://clerk.greentryst.com/npm/@clerk/clerk-js@5/dist/clerk.browser.js:5:73541)
    at async e5.load (https://clerk.greentryst.com/npm/@clerk/clerk-js@5/dist/clerk.browser.js:5:34322)
    at async _IsomorphicClerk.loadClerkJS (webpack-internal:///(app-pages-browser)/./node_modules/@clerk/clerk-react/dist/index.mjs:1746:9) @ webpack-internal:///(app-pages-browser)/./node_modules/next/dist/client/app-index.js:32
[  226788ms] [LOG] [Fast Refresh] rebuilding @ webpack-internal:///(app-pages-browser)/./node_modules/next/dist/client/components/react-dev-overlay/app/hot-reloader-client.js:186
[  227307ms] [LOG] [Fast Refresh] done in 518ms @ webpack-internal:///(app-pages-browser)/./node_modules/next/dist/client/components/react-dev-overlay/app/hot-reloader-client.js:43
[  275661ms] [LOG] [Fast Refresh] rebuilding @ webpack-internal:///(app-pages-browser)/./node_modules/next/dist/client/components/react-dev-overlay/app/hot-reloader-client.js:186
[  276160ms] [LOG] [Fast Refresh] done in 498ms @ webpack-internal:///(app-pages-browser)/./node_modules/next/dist/client/components/react-dev-overlay/app/hot-reloader-client.js:43
[  329827ms] [LOG] [Fast Refresh] rebuilding @ webpack-internal:///(app-pages-browser)/./node_modules/next/dist/client/components/react-dev-overlay/app/hot-reloader-client.js:186
[  330304ms] [LOG] [Fast Refresh] done in 476ms @ webpack-internal:///(app-pages-browser)/./node_modules/next/dist/client/components/react-dev-overlay/app/hot-reloader-client.js:43
[  380205ms] [LOG] [Fast Refresh] rebuilding @ webpack-internal:///(app-pages-browser)/./node_modules/next/dist/client/components/react-dev-overlay/app/hot-reloader-client.js:186
[  380903ms] [LOG] [Fast Refresh] done in 699ms @ webpack-internal:///(app-pages-browser)/./node_modules/next/dist/client/components/react-dev-overlay/app/hot-reloader-client.js:43
[  432122ms] [LOG] [Fast Refresh] rebuilding @ webpack-internal:///(app-pages-browser)/./node_modules/next/dist/client/components/react-dev-overlay/app/hot-reloader-client.js:186
[  432892ms] [LOG] [Fast Refresh] done in 769ms @ webpack-internal:///(app-pages-browser)/./node_modules/next/dist/client/components/react-dev-overlay/app/hot-reloader-client.js:43
[  466621ms] [LOG] [Fast Refresh] rebuilding @ webpack-internal:///(app-pages-browser)/./node_modules/next/dist/client/components/react-dev-overlay/app/hot-reloader-client.js:186
[  467360ms] [LOG] [Fast Refresh] done in 739ms @ webpack-internal:///(app-pages-browser)/./node_modules/next/dist/client/components/react-dev-overlay/app/hot-reloader-client.js:43
[  472424ms] [LOG] [Fast Refresh] rebuilding @ webpack-internal:///(app-pages-browser)/./node_modules/next/dist/client/components/react-dev-overlay/app/hot-reloader-client.js:186
[  473029ms] [LOG] [Fast Refresh] rebuilding @ webpack-internal:///(app-pages-browser)/./node_modules/next/dist/client/components/react-dev-overlay/app/hot-reloader-client.js:186
[  473200ms] [LOG] [Fast Refresh] done in 171ms @ webpack-internal:///(app-pages-browser)/./node_modules/next/dist/client/components/react-dev-overlay/app/hot-reloader-client.js:43
[  475176ms] [LOG] [Fast Refresh] rebuilding @ webpack-internal:///(app-pages-browser)/./node_modules/next/dist/client/components/react-dev-overlay/app/hot-reloader-client.js:186
[  475397ms] [LOG] [Fast Refresh] done in 222ms @ webpack-internal:///(app-pages-browser)/./node_modules/next/dist/client/components/react-dev-overlay/app/hot-reloader-client.js:43
[  476901ms] [LOG] [Fast Refresh] rebuilding @ webpack-internal:///(app-pages-browser)/./node_modules/next/dist/client/components/react-dev-overlay/app/hot-reloader-client.js:186
[  477599ms] [LOG] [Fast Refresh] rebuilding @ webpack-internal:///(app-pages-browser)/./node_modules/next/dist/client/components/react-dev-overlay/app/hot-reloader-client.js:186
[  477775ms] [LOG] [Fast Refresh] done in 177ms @ webpack-internal:///(app-pages-browser)/./node_modules/next/dist/client/components/react-dev-overlay/app/hot-reloader-client.js:43
[  478867ms] [LOG] [Fast Refresh] done in 1268ms @ webpack-internal:///(app-pages-browser)/./node_modules/next/dist/client/components/react-dev-overlay/app/hot-reloader-client.js:43
[  478915ms] [LOG] [Fast Refresh] rebuilding @ webpack-internal:///(app-pages-browser)/./node_modules/next/dist/client/components/react-dev-overlay/app/hot-reloader-client.js:186
[  479771ms] [LOG] [Fast Refresh] done in 856ms @ webpack-internal:///(app-pages-browser)/./node_modules/next/dist/client/components/react-dev-overlay/app/hot-reloader-client.js:43
[  528412ms] [LOG] [Fast Refresh] rebuilding @ webpack-internal:///(app-pages-browser)/./node_modules/next/dist/client/components/react-dev-overlay/app/hot-reloader-client.js:186
[  529126ms] [LOG] [Fast Refresh] done in 714ms @ webpack-internal:///(app-pages-browser)/./node_modules/next/dist/client/components/react-dev-overlay/app/hot-reloader-client.js:43
[  578175ms] [LOG] [Fast Refresh] rebuilding @ webpack-internal:///(app-pages-browser)/./node_modules/next/dist/client/components/react-dev-overlay/app/hot-reloader-client.js:186
[  578944ms] [LOG] [Fast Refresh] done in 769ms @ webpack-internal:///(app-pages-browser)/./node_modules/next/dist/client/components/react-dev-overlay/app/hot-reloader-client.js:43
[  626494ms] [LOG] [Fast Refresh] rebuilding @ webpack-internal:///(app-pages-browser)/./node_modules/next/dist/client/components/react-dev-overlay/app/hot-reloader-client.js:186
[  627411ms] [LOG] [Fast Refresh] done in 917ms @ webpack-internal:///(app-pages-browser)/./node_modules/next/dist/client/components/react-dev-overlay/app/hot-reloader-client.js:43
[  675181ms] [LOG] [Fast Refresh] rebuilding @ webpack-internal:///(app-pages-browser)/./node_modules/next/dist/client/components/react-dev-overlay/app/hot-reloader-client.js:186
[  675895ms] [LOG] [Fast Refresh] done in 714ms @ webpack-internal:///(app-pages-browser)/./node_modules/next/dist/client/components/react-dev-overlay/app/hot-reloader-client.js:43
[  720956ms] [LOG] [Fast Refresh] rebuilding @ webpack-internal:///(app-pages-browser)/./node_modules/next/dist/client/components/react-dev-overlay/app/hot-reloader-client.js:186
[  722573ms] [LOG] [Fast Refresh] rebuilding @ webpack-internal:///(app-pages-browser)/./node_modules/next/dist/client/components/react-dev-overlay/app/hot-reloader-client.js:186
[  722612ms] [LOG] [Fast Refresh] done in 38ms @ webpack-internal:///(app-pages-browser)/./node_modules/next/dist/client/components/react-dev-overlay/app/hot-reloader-client.js:43
[  725182ms] [LOG] [Fast Refresh] done in 2609ms @ webpack-internal:///(app-pages-browser)/./node_modules/next/dist/client/components/react-dev-overlay/app/hot-reloader-client.js:43
[  727841ms] [LOG] [Fast Refresh] rebuilding @ webpack-internal:///(app-pages-browser)/./node_modules/next/dist/client/components/react-dev-overlay/app/hot-reloader-client.js:186
[  728680ms] [LOG] [Fast Refresh] done in 838ms @ webpack-internal:///(app-pages-browser)/./node_modules/next/dist/client/components/react-dev-overlay/app/hot-reloader-client.js:43
[  736802ms] [LOG] [Fast Refresh] rebuilding @ webpack-internal:///(app-pages-browser)/./node_modules/next/dist/client/components/react-dev-overlay/app/hot-reloader-client.js:186
[  737357ms] [LOG] [Fast Refresh] done in 555ms @ webpack-internal:///(app-pages-browser)/./node_modules/next/dist/client/components/react-dev-overlay/app/hot-reloader-client.js:43
[  746625ms] [LOG] [Fast Refresh] rebuilding @ webpack-internal:///(app-pages-browser)/./node_modules/next/dist/client/components/react-dev-overlay/app/hot-reloader-client.js:186
[  747460ms] [LOG] [Fast Refresh] done in 836ms @ webpack-internal:///(app-pages-browser)/./node_modules/next/dist/client/components/react-dev-overlay/app/hot-reloader-client.js:43
[  758534ms] [LOG] [Fast Refresh] rebuilding @ webpack-internal:///(app-pages-browser)/./node_modules/next/dist/client/components/react-dev-overlay/app/hot-reloader-client.js:186
[  759546ms] [LOG] [Fast Refresh] done in 1013ms @ webpack-internal:///(app-pages-browser)/./node_modules/next/dist/client/components/react-dev-overlay/app/hot-reloader-client.js:43
[  765929ms] [LOG] [Fast Refresh] rebuilding @ webpack-internal:///(app-pages-browser)/./node_modules/next/dist/client/components/react-dev-overlay/app/hot-reloader-client.js:186
[  767203ms] [LOG] [Fast Refresh] done in 1274ms @ webpack-internal:///(app-pages-browser)/./node_modules/next/dist/client/components/react-dev-overlay/app/hot-reloader-client.js:43
[  770147ms] [LOG] [Fast Refresh] rebuilding @ webpack-internal:///(app-pages-browser)/./node_modules/next/dist/client/components/react-dev-overlay/app/hot-reloader-client.js:186
[  772453ms] [LOG] [Fast Refresh] done in 2306ms @ webpack-internal:///(app-pages-browser)/./node_modules/next/dist/client/components/react-dev-overlay/app/hot-reloader-client.js:43
[  773157ms] [LOG] [Fast Refresh] rebuilding @ webpack-internal:///(app-pages-browser)/./node_modules/next/dist/client/components/react-dev-overlay/app/hot-reloader-client.js:186
[  774473ms] [LOG] [Fast Refresh] done in 1317ms @ webpack-internal:///(app-pages-browser)/./node_modules/next/dist/client/components/react-dev-overlay/app/hot-reloader-client.js:43
[  797142ms] [WARNING] Skipping auto-scroll behavior due to `position: sticky` or `position: fixed` on element: JSHandle@node @ webpack-internal:///(app-pages-browser)/./node_modules/next/dist/client/components/layout-router.js:109
[  797189ms] [ERROR] Warning: %s a style property during rerender (%s) when a conflicting property is set (%s) can lead to styling bugs. To avoid this, don't mix shorthand and non-shorthand properties for the same value; instead, replace the shorthand with separate values.%s Updating animation animationDelay 
    at div
    at section
    at AnimatedHero (webpack-internal:///(app-pages-browser)/./src/app/redesign/guides/[guideId]/_components/AnimatedHero.tsx:33:11)
    at GuidePage (Server)
    at InnerLayoutRouter (webpack-internal:///(app-pages-browser)/./node_modules/next/dist/client/components/layout-router.js:243:11)
    at RedirectErrorBoundary (webpack-internal:///(app-pages-browser)/./node_modules/next/dist/client/components/redirect-boundary.js:74:9)
    at RedirectBoundary (webpack-internal:///(app-pages-browser)/./node_modules/next/dist/client/components/redirect-boundary.js:82:11)
    at NotFoundBoundary (webpack-internal:///(app-pages-browser)/./node_modules/next/dist/client/components/not-found-boundary.js:84:11)
    at LoadingBoundary (webpack-internal:///(app-pages-browser)/./node_modules/next/dist/client/components/layout-router.js:349:11)
    at ErrorBoundary (webpack-internal:///(app-pages-browser)/./node_modules/next/dist/client/components/error-boundary.js:160:11)
    at InnerScrollAndFocusHandler (webpack-internal:///(app-pages-browser)/./node_modules/next/dist/client/components/layout-router.js:153:9)
    at ScrollAndFocusHandler (webpack-internal:///(app-pages-browser)/./node_modules/next/dist/client/components/layout-router.js:228:11)
    at RenderFromTemplateContext (webpack-internal:///(app-pages-browser)/./node_modules/next/dist/client/components/render-from-template-context.js:16:44)
    at OuterLayoutRouter (webpack-internal:///(app-pages-browser)/./node_modules/next/dist/client/components/layout-router.js:370:11)
    at InnerLayoutRouter (webpack-internal:///(app-pages-browser)/./node_modules/next/dist/client/components/layout-router.js:243:11)
    at RedirectErrorBoundary (webpack-internal:///(app-pages-browser)/./node_modules/next/dist/client/components/redirect-boundary.js:74:9)
    at RedirectBoundary (webpack-internal:///(app-pages-browser)/./node_modules/next/dist/client/components/redirect-boundary.js:82:11)
    at NotFoundBoundary (webpack-internal:///(app-pages-browser)/./node_modules/next/dist/client/components/not-found-boundary.js:84:11)
    at LoadingBoundary (webpack-internal:///(app-pages-browser)/./node_modules/next/dist/client/components/layout-router.js:349:11)
    at ErrorBoundary (webpack-internal:///(app-pages-browser)/./node_modules/next/dist/client/components/error-boundary.js:160:11)
    at InnerScrollAndFocusHandler (webpack-internal:///(app-pages-browser)/./node_modules/next/dist/client/components/layout-router.js:153:9)
    at ScrollAndFocusHandler (webpack-internal:///(app-pages-browser)/./node_modules/next/dist/client/components/layout-router.js:228:11)
    at RenderFromTemplateContext (webpack-internal:///(app-pages-browser)/./node_modules/next/dist/client/components/render-from-template-context.js:16:44)
    at OuterLayoutRouter (webpack-internal:///(app-pages-browser)/./node_modules/next/dist/client/components/layout-router.js:370:11)
    at InnerLayoutRouter (webpack-internal:///(app-pages-browser)/./node_modules/next/dist/client/components/layout-router.js:243:11)
    at RedirectErrorBoundary (webpack-internal:///(app-pages-browser)/./node_modules/next/dist/client/components/redirect-boundary.js:74:9)
    at RedirectBoundary (webpack-internal:///(app-pages-browser)/./node_modules/next/dist/client/components/redirect-boundary.js:82:11)
    at NotFoundErrorBoundary (webpack-internal:///(app-pages-browser)/./node_modules/next/dist/client/components/not-found-boundary.js:76:9)
    at NotFoundBoundary (webpack-internal:///(app-pages-browser)/./node_modules/next/dist/client/components/not-found-boundary.js:84:11)
    at LoadingBoundary (webpack-internal:///(app-pages-browser)/./node_modules/next/dist/client/components/layout-router.js:349:11)
    at ErrorBoundaryHandler (webpack-internal:///(app-pages-browser)/./node_modules/next/dist/client/components/error-boundary.js:113:9)
    at ErrorBoundary (webpack-internal:///(app-pages-browser)/./node_modules/next/dist/client/components/error-boundary.js:160:11)
    at InnerScrollAndFocusHandler (webpack-internal:///(app-pages-browser)/./node_modules/next/dist/client/components/layout-router.js:153:9)
    at ScrollAndFocusHandler (webpack-internal:///(app-pages-browser)/./node_modules/next/dist/client/components/layout-router.js:228:11)
    at RenderFromTemplateContext (webpack-internal:///(app-pages-browser)/./node_modules/next/dist/client/components/render-from-template-context.js:16:44)
    at OuterLayoutRouter (webpack-internal:///(app-pages-browser)/./node_modules/next/dist/client/components/layout-router.js:370:11)
    at div
    at RedesignLayout (Server)
    at InnerLayoutRouter (webpack-internal:///(app-pages-browser)/./node_modules/next/dist/client/components/layout-router.js:243:11)
    at RedirectErrorBoundary (webpack-internal:///(app-pages-browser)/./node_modules/next/dist/client/components/redirect-boundary.js:74:9)
    at RedirectBoundary (webpack-internal:///(app-pages-browser)/./node_modules/next/dist/client/components/redirect-boundary.js:82:11)
    at NotFoundErrorBoundary (webpack-internal:///(app-pages-browser)/./node_modules/next/dist/client/components/not-found-boundary.js:76:9)
    at NotFoundBoundary (webpack-internal:///(app-pages-browser)/./node_modules/next/dist/client/components/not-found-boundary.js:84:11)
    at LoadingBoundary (webpack-internal:///(app-pages-browser)/./node_modules/next/dist/client/components/layout-router.js:349:11)
    at ErrorBoundary (webpack-internal:///(app-pages-browser)/./node_modules/next/dist/client/components/error-boundary.js:160:11)
    at InnerScrollAndFocusHandler (webpack-internal:///(app-pages-browser)/./node_modules/next/dist/client/components/layout-router.js:153:9)
    at ScrollAndFocusHandler (webpack-internal:///(app-pages-browser)/./node_modules/next/dist/client/components/layout-router.js:228:11)
    at RenderFromTemplateContext (webpack-internal:///(app-pages-browser)/./node_modules/next/dist/client/components/render-from-template-context.js:16:44)
    at OuterLayoutRouter (webpack-internal:///(app-pages-browser)/./node_modules/next/dist/client/components/layout-router.js:370:11)
    at __experimental_CheckoutProvider (webpack-internal:///(app-pages-browser)/./node_modules/@clerk/shared/dist/runtime/react/index.mjs:136:44)
    at SWRConfig (webpack-internal:///(app-pages-browser)/./node_modules/swr/dist/_internal/config-context-client-BoS53ST9.mjs:554:13)
    at SWRConfigCompat (webpack-internal:///(app-pages-browser)/./node_modules/@clerk/shared/dist/runtime/react/index.mjs:124:28)
    at OrganizationProvider (webpack-internal:///(app-pages-browser)/./node_modules/@clerk/shared/dist/runtime/react/index.mjs:148:33)
    at ClerkContextProvider (webpack-internal:///(app-pages-browser)/./node_modules/@clerk/clerk-react/dist/index.mjs:1849:11)
    at ClerkProviderBase (webpack-internal:///(app-pages-browser)/./node_modules/@clerk/clerk-react/dist/index.mjs:1941:11)
    at Hoc (webpack-internal:///(app-pages-browser)/./node_modules/@clerk/clerk-react/dist/chunk-THNCS7QR.mjs:84:5)
    at ClerkNextOptionsProvider (webpack-internal:///(app-pages-browser)/./node_modules/@clerk/nextjs/dist/esm/client-boundary/NextOptionsContext.js:17:11)
    at NextClientClerkProvider (webpack-internal:///(app-pages-browser)/./node_modules/@clerk/nextjs/dist/esm/app-router/client/ClerkProvider.js:62:13)
    at ClientClerkProvider (webpack-internal:///(app-pages-browser)/./node_modules/@clerk/nextjs/dist/esm/app-router/client/ClerkProvider.js:135:13)
    at ClerkProvider (Server)
    at body
    at html
    at RootLayout (Server)
    at RedirectErrorBoundary (webpack-internal:///(app-pages-browser)/./node_modules/next/dist/client/components/redirect-boundary.js:74:9)
    at RedirectBoundary (webpack-internal:///(app-pages-browser)/./node_modules/next/dist/client/components/redirect-boundary.js:82:11)
    at NotFoundErrorBoundary (webpack-internal:///(app-pages-browser)/./node_modules/next/dist/client/components/not-found-boundary.js:76:9)
    at NotFoundBoundary (webpack-internal:///(app-pages-browser)/./node_modules/next/dist/client/components/not-found-boundary.js:84:11)
    at DevRootNotFoundBoundary (webpack-internal:///(app-pages-browser)/./node_modules/next/dist/client/components/dev-root-not-found-boundary.js:33:11)
    at ReactDevOverlay (webpack-internal:///(app-pages-browser)/./node_modules/next/dist/client/components/react-dev-overlay/app/ReactDevOverlay.js:87:9)
    at HotReload (webpack-internal:///(app-pages-browser)/./node_modules/next/dist/client/components/react-dev-overlay/app/hot-reloader-client.js:321:11)
    at Router (webpack-internal:///(app-pages-browser)/./node_modules/next/dist/client/components/app-router.js:207:11)
    at ErrorBoundaryHandler (webpack-internal:///(app-pages-browser)/./node_modules/next/dist/client/components/error-boundary.js:113:9)
    at ErrorBoundary (webpack-internal:///(app-pages-browser)/./node_modules/next/dist/client/components/error-boundary.js:160:11)
    at AppRouter (webpack-internal:///(app-pages-browser)/./node_modules/next/dist/client/components/app-router.js:585:13)
    at ServerRoot (webpack-internal:///(app-pages-browser)/./node_modules/next/dist/client/app-index.js:112:27)
    at Root (webpack-internal:///(app-pages-browser)/./node_modules/next/dist/client/app-index.js:117:11) @ webpack-internal:///(app-pages-browser)/./node_modules/next/dist/client/app-index.js:32
[  797189ms] [ERROR] Warning: %s a style property during rerender (%s) when a conflicting property is set (%s) can lead to styling bugs. To avoid this, don't mix shorthand and non-shorthand properties for the same value; instead, replace the shorthand with separate values.%s Updating animation animationDelay 
    at div
    at section
    at AnimatedHero (webpack-internal:///(app-pages-browser)/./src/app/redesign/guides/[guideId]/_components/AnimatedHero.tsx:33:11)
    at GuidePage (Server)
    at InnerLayoutRouter (webpack-internal:///(app-pages-browser)/./node_modules/next/dist/client/components/layout-router.js:243:11)
    at RedirectErrorBoundary (webpack-internal:///(app-pages-browser)/./node_modules/next/dist/client/components/redirect-boundary.js:74:9)
    at RedirectBoundary (webpack-internal:///(app-pages-browser)/./node_modules/next/dist/client/components/redirect-boundary.js:82:11)
    at NotFoundBoundary (webpack-internal:///(app-pages-browser)/./node_modules/next/dist/client/components/not-found-boundary.js:84:11)
    at LoadingBoundary (webpack-internal:///(app-pages-browser)/./node_modules/next/dist/client/components/layout-router.js:349:11)
    at ErrorBoundary (webpack-internal:///(app-pages-browser)/./node_modules/next/dist/client/components/error-boundary.js:160:11)
    at InnerScrollAndFocusHandler (webpack-internal:///(app-pages-browser)/./node_modules/next/dist/client/components/layout-router.js:153:9)
    at ScrollAndFocusHandler (webpack-internal:///(app-pages-browser)/./node_modules/next/dist/client/components/layout-router.js:228:11)
    at RenderFromTemplateContext (webpack-internal:///(app-pages-browser)/./node_modules/next/dist/client/components/render-from-template-context.js:16:44)
    at OuterLayoutRouter (webpack-internal:///(app-pages-browser)/./node_modules/next/dist/client/components/layout-router.js:370:11)
    at InnerLayoutRouter (webpack-internal:///(app-pages-browser)/./node_modules/next/dist/client/components/layout-router.js:243:11)
    at RedirectErrorBoundary (webpack-internal:///(app-pages-browser)/./node_modules/next/dist/client/components/redirect-boundary.js:74:9)
    at RedirectBoundary (webpack-internal:///(app-pages-browser)/./node_modules/next/dist/client/components/redirect-boundary.js:82:11)
    at NotFoundBoundary (webpack-internal:///(app-pages-browser)/./node_modules/next/dist/client/components/not-found-boundary.js:84:11)
    at LoadingBoundary (webpack-internal:///(app-pages-browser)/./node_modules/next/dist/client/components/layout-router.js:349:11)
    at ErrorBoundary (webpack-internal:///(app-pages-browser)/./node_modules/next/dist/client/components/error-boundary.js:160:11)
    at InnerScrollAndFocusHandler (webpack-internal:///(app-pages-browser)/./node_modules/next/dist/client/components/layout-router.js:153:9)
    at ScrollAndFocusHandler (webpack-internal:///(app-pages-browser)/./node_modules/next/dist/client/components/layout-router.js:228:11)
    at RenderFromTemplateContext (webpack-internal:///(app-pages-browser)/./node_modules/next/dist/client/components/render-from-template-context.js:16:44)
    at OuterLayoutRouter (webpack-internal:///(app-pages-browser)/./node_modules/next/dist/client/components/layout-router.js:370:11)
    at InnerLayoutRouter (webpack-internal:///(app-pages-browser)/./node_modules/next/dist/client/components/layout-router.js:243:11)
    at RedirectErrorBoundary (webpack-internal:///(app-pages-browser)/./node_modules/next/dist/client/components/redirect-boundary.js:74:9)
    at RedirectBoundary (webpack-internal:///(app-pages-browser)/./node_modules/next/dist/client/components/redirect-boundary.js:82:11)
    at NotFoundErrorBoundary (webpack-internal:///(app-pages-browser)/./node_modules/next/dist/client/components/not-found-boundary.js:76:9)
    at NotFoundBoundary (webpack-internal:///(app-pages-browser)/./node_modules/next/dist/client/components/not-found-boundary.js:84:11)
    at LoadingBoundary (webpack-internal:///(app-pages-browser)/./node_modules/next/dist/client/components/layout-router.js:349:11)
    at ErrorBoundaryHandler (webpack-internal:///(app-pages-browser)/./node_modules/next/dist/client/components/error-boundary.js:113:9)
    at ErrorBoundary (webpack-internal:///(app-pages-browser)/./node_modules/next/dist/client/components/error-boundary.js:160:11)
    at InnerScrollAndFocusHandler (webpack-internal:///(app-pages-browser)/./node_modules/next/dist/client/components/layout-router.js:153:9)
    at ScrollAndFocusHandler (webpack-internal:///(app-pages-browser)/./node_modules/next/dist/client/components/layout-router.js:228:11)
    at RenderFromTemplateContext (webpack-internal:///(app-pages-browser)/./node_modules/next/dist/client/components/render-from-template-context.js:16:44)
    at OuterLayoutRouter (webpack-internal:///(app-pages-browser)/./node_modules/next/dist/client/components/layout-router.js:370:11)
    at div
    at RedesignLayout (Server)
    at InnerLayoutRouter (webpack-internal:///(app-pages-browser)/./node_modules/next/dist/client/components/layout-router.js:243:11)
    at RedirectErrorBoundary (webpack-internal:///(app-pages-browser)/./node_modules/next/dist/client/components/redirect-boundary.js:74:9)
    at RedirectBoundary (webpack-internal:///(app-pages-browser)/./node_modules/next/dist/client/components/redirect-boundary.js:82:11)
    at NotFoundErrorBoundary (webpack-internal:///(app-pages-browser)/./node_modules/next/dist/client/components/not-found-boundary.js:76:9)
    at NotFoundBoundary (webpack-internal:///(app-pages-browser)/./node_modules/next/dist/client/components/not-found-boundary.js:84:11)
    at LoadingBoundary (webpack-internal:///(app-pages-browser)/./node_modules/next/dist/client/components/layout-router.js:349:11)
    at ErrorBoundary (webpack-internal:///(app-pages-browser)/./node_modules/next/dist/client/components/error-boundary.js:160:11)
    at InnerScrollAndFocusHandler (webpack-internal:///(app-pages-browser)/./node_modules/next/dist/client/components/layout-router.js:153:9)
    at ScrollAndFocusHandler (webpack-internal:///(app-pages-browser)/./node_modules/next/dist/client/components/layout-router.js:228:11)
    at RenderFromTemplateContext (webpack-internal:///(app-pages-browser)/./node_modules/next/dist/client/components/render-from-template-context.js:16:44)
    at OuterLayoutRouter (webpack-internal:///(app-pages-browser)/./node_modules/next/dist/client/components/layout-router.js:370:11)
    at __experimental_CheckoutProvider (webpack-internal:///(app-pages-browser)/./node_modules/@clerk/shared/dist/runtime/react/index.mjs:136:44)
    at SWRConfig (webpack-internal:///(app-pages-browser)/./node_modules/swr/dist/_internal/config-context-client-BoS53ST9.mjs:554:13)
    at SWRConfigCompat (webpack-internal:///(app-pages-browser)/./node_modules/@clerk/shared/dist/runtime/react/index.mjs:124:28)
    at OrganizationProvider (webpack-internal:///(app-pages-browser)/./node_modules/@clerk/shared/dist/runtime/react/index.mjs:148:33)
    at ClerkContextProvider (webpack-internal:///(app-pages-browser)/./node_modules/@clerk/clerk-react/dist/index.mjs:1849:11)
    at ClerkProviderBase (webpack-internal:///(app-pages-browser)/./node_modules/@clerk/clerk-react/dist/index.mjs:1941:11)
    at Hoc (webpack-internal:///(app-pages-browser)/./node_modules/@clerk/clerk-react/dist/chunk-THNCS7QR.mjs:84:5)
    at ClerkNextOptionsProvider (webpack-internal:///(app-pages-browser)/./node_modules/@clerk/nextjs/dist/esm/client-boundary/NextOptionsContext.js:17:11)
    at NextClientClerkProvider (webpack-internal:///(app-pages-browser)/./node_modules/@clerk/nextjs/dist/esm/app-router/client/ClerkProvider.js:62:13)
    at ClientClerkProvider (webpack-internal:///(app-pages-browser)/./node_modules/@clerk/nextjs/dist/esm/app-router/client/ClerkProvider.js:135:13)
    at ClerkProvider (Server)
    at body
    at html
    at RootLayout (Server)
    at RedirectErrorBoundary (webpack-internal:///(app-pages-browser)/./node_modules/next/dist/client/components/redirect-boundary.js:74:9)
    at RedirectBoundary (webpack-internal:///(app-pages-browser)/./node_modules/next/dist/client/components/redirect-boundary.js:82:11)
    at NotFoundErrorBoundary (webpack-internal:///(app-pages-browser)/./node_modules/next/dist/client/components/not-found-boundary.js:76:9)
    at NotFoundBoundary (webpack-internal:///(app-pages-browser)/./node_modules/next/dist/client/components/not-found-boundary.js:84:11)
    at DevRootNotFoundBoundary (webpack-internal:///(app-pages-browser)/./node_modules/next/dist/client/components/dev-root-not-found-boundary.js:33:11)
    at ReactDevOverlay (webpack-internal:///(app-pages-browser)/./node_modules/next/dist/client/components/react-dev-overlay/app/ReactDevOverlay.js:87:9)
    at HotReload (webpack-internal:///(app-pages-browser)/./node_modules/next/dist/client/components/react-dev-overlay/app/hot-reloader-client.js:321:11)
    at Router (webpack-internal:///(app-pages-browser)/./node_modules/next/dist/client/components/app-router.js:207:11)
    at ErrorBoundaryHandler (webpack-internal:///(app-pages-browser)/./node_modules/next/dist/client/components/error-boundary.js:113:9)
    at ErrorBoundary (webpack-internal:///(app-pages-browser)/./node_modules/next/dist/client/components/error-boundary.js:160:11)
    at AppRouter (webpack-internal:///(app-pages-browser)/./node_modules/next/dist/client/components/app-router.js:585:13)
    at ServerRoot (webpack-internal:///(app-pages-browser)/./node_modules/next/dist/client/app-index.js:112:27)
    at Root (webpack-internal:///(app-pages-browser)/./node_modules/next/dist/client/app-index.js:117:11) @ webpack-internal:///(app-pages-browser)/./node_modules/next/dist/client/app-index.js:32
[  797190ms] [ERROR] Warning: %s a style property during rerender (%s) when a conflicting property is set (%s) can lead to styling bugs. To avoid this, don't mix shorthand and non-shorthand properties for the same value; instead, replace the shorthand with separate values.%s Updating animation animationDelay 
    at div
    at section
    at AnimatedHero (webpack-internal:///(app-pages-browser)/./src/app/redesign/guides/[guideId]/_components/AnimatedHero.tsx:33:11)
    at GuidePage (Server)
    at InnerLayoutRouter (webpack-internal:///(app-pages-browser)/./node_modules/next/dist/client/components/layout-router.js:243:11)
    at RedirectErrorBoundary (webpack-internal:///(app-pages-browser)/./node_modules/next/dist/client/components/redirect-boundary.js:74:9)
    at RedirectBoundary (webpack-internal:///(app-pages-browser)/./node_modules/next/dist/client/components/redirect-boundary.js:82:11)
    at NotFoundBoundary (webpack-internal:///(app-pages-browser)/./node_modules/next/dist/client/components/not-found-boundary.js:84:11)
    at LoadingBoundary (webpack-internal:///(app-pages-browser)/./node_modules/next/dist/client/components/layout-router.js:349:11)
    at ErrorBoundary (webpack-internal:///(app-pages-browser)/./node_modules/next/dist/client/components/error-boundary.js:160:11)
    at InnerScrollAndFocusHandler (webpack-internal:///(app-pages-browser)/./node_modules/next/dist/client/components/layout-router.js:153:9)
    at ScrollAndFocusHandler (webpack-internal:///(app-pages-browser)/./node_modules/next/dist/client/components/layout-router.js:228:11)
    at RenderFromTemplateContext (webpack-internal:///(app-pages-browser)/./node_modules/next/dist/client/components/render-from-template-context.js:16:44)
    at OuterLayoutRouter (webpack-internal:///(app-pages-browser)/./node_modules/next/dist/client/components/layout-router.js:370:11)
    at InnerLayoutRouter (webpack-internal:///(app-pages-browser)/./node_modules/next/dist/client/components/layout-router.js:243:11)
    at RedirectErrorBoundary (webpack-internal:///(app-pages-browser)/./node_modules/next/dist/client/components/redirect-boundary.js:74:9)
    at RedirectBoundary (webpack-internal:///(app-pages-browser)/./node_modules/next/dist/client/components/redirect-boundary.js:82:11)
    at NotFoundBoundary (webpack-internal:///(app-pages-browser)/./node_modules/next/dist/client/components/not-found-boundary.js:84:11)
    at LoadingBoundary (webpack-internal:///(app-pages-browser)/./node_modules/next/dist/client/components/layout-router.js:349:11)
    at ErrorBoundary (webpack-internal:///(app-pages-browser)/./node_modules/next/dist/client/components/error-boundary.js:160:11)
    at InnerScrollAndFocusHandler (webpack-internal:///(app-pages-browser)/./node_modules/next/dist/client/components/layout-router.js:153:9)
    at ScrollAndFocusHandler (webpack-internal:///(app-pages-browser)/./node_modules/next/dist/client/components/layout-router.js:228:11)
    at RenderFromTemplateContext (webpack-internal:///(app-pages-browser)/./node_modules/next/dist/client/components/render-from-template-context.js:16:44)
    at OuterLayoutRouter (webpack-internal:///(app-pages-browser)/./node_modules/next/dist/client/components/layout-router.js:370:11)
    at InnerLayoutRouter (webpack-internal:///(app-pages-browser)/./node_modules/next/dist/client/components/layout-router.js:243:11)
    at RedirectErrorBoundary (webpack-internal:///(app-pages-browser)/./node_modules/next/dist/client/components/redirect-boundary.js:74:9)
    at RedirectBoundary (webpack-internal:///(app-pages-browser)/./node_modules/next/dist/client/components/redirect-boundary.js:82:11)
    at NotFoundErrorBoundary (webpack-internal:///(app-pages-browser)/./node_modules/next/dist/client/components/not-found-boundary.js:76:9)
    at NotFoundBoundary (webpack-internal:///(app-pages-browser)/./node_modules/next/dist/client/components/not-found-boundary.js:84:11)
    at LoadingBoundary (webpack-internal:///(app-pages-browser)/./node_modules/next/dist/client/components/layout-router.js:349:11)
    at ErrorBoundaryHandler (webpack-internal:///(app-pages-browser)/./node_modules/next/dist/client/components/error-boundary.js:113:9)
    at ErrorBoundary (webpack-internal:///(app-pages-browser)/./node_modules/next/dist/client/components/error-boundary.js:160:11)
    at InnerScrollAndFocusHandler (webpack-internal:///(app-pages-browser)/./node_modules/next/dist/client/components/layout-router.js:153:9)
    at ScrollAndFocusHandler (webpack-internal:///(app-pages-browser)/./node_modules/next/dist/client/components/layout-router.js:228:11)
    at RenderFromTemplateContext (webpack-internal:///(app-pages-browser)/./node_modules/next/dist/client/components/render-from-template-context.js:16:44)
    at OuterLayoutRouter (webpack-internal:///(app-pages-browser)/./node_modules/next/dist/client/components/layout-router.js:370:11)
    at div
    at RedesignLayout (Server)
    at InnerLayoutRouter (webpack-internal:///(app-pages-browser)/./node_modules/next/dist/client/components/layout-router.js:243:11)
    at RedirectErrorBoundary (webpack-internal:///(app-pages-browser)/./node_modules/next/dist/client/components/redirect-boundary.js:74:9)
    at RedirectBoundary (webpack-internal:///(app-pages-browser)/./node_modules/next/dist/client/components/redirect-boundary.js:82:11)
    at NotFoundErrorBoundary (webpack-internal:///(app-pages-browser)/./node_modules/next/dist/client/components/not-found-boundary.js:76:9)
    at NotFoundBoundary (webpack-internal:///(app-pages-browser)/./node_modules/next/dist/client/components/not-found-boundary.js:84:11)
    at LoadingBoundary (webpack-internal:///(app-pages-browser)/./node_modules/next/dist/client/components/layout-router.js:349:11)
    at ErrorBoundary (webpack-internal:///(app-pages-browser)/./node_modules/next/dist/client/components/error-boundary.js:160:11)
    at InnerScrollAndFocusHandler (webpack-internal:///(app-pages-browser)/./node_modules/next/dist/client/components/layout-router.js:153:9)
    at ScrollAndFocusHandler (webpack-internal:///(app-pages-browser)/./node_modules/next/dist/client/components/layout-router.js:228:11)
    at RenderFromTemplateContext (webpack-internal:///(app-pages-browser)/./node_modules/next/dist/client/components/render-from-template-context.js:16:44)
    at OuterLayoutRouter (webpack-internal:///(app-pages-browser)/./node_modules/next/dist/client/components/layout-router.js:370:11)
    at __experimental_CheckoutProvider (webpack-internal:///(app-pages-browser)/./node_modules/@clerk/shared/dist/runtime/react/index.mjs:136:44)
    at SWRConfig (webpack-internal:///(app-pages-browser)/./node_modules/swr/dist/_internal/config-context-client-BoS53ST9.mjs:554:13)
    at SWRConfigCompat (webpack-internal:///(app-pages-browser)/./node_modules/@clerk/shared/dist/runtime/react/index.mjs:124:28)
    at OrganizationProvider (webpack-internal:///(app-pages-browser)/./node_modules/@clerk/shared/dist/runtime/react/index.mjs:148:33)
    at ClerkContextProvider (webpack-internal:///(app-pages-browser)/./node_modules/@clerk/clerk-react/dist/index.mjs:1849:11)
    at ClerkProviderBase (webpack-internal:///(app-pages-browser)/./node_modules/@clerk/clerk-react/dist/index.mjs:1941:11)
    at Hoc (webpack-internal:///(app-pages-browser)/./node_modules/@clerk/clerk-react/dist/chunk-THNCS7QR.mjs:84:5)
    at ClerkNextOptionsProvider (webpack-internal:///(app-pages-browser)/./node_modules/@clerk/nextjs/dist/esm/client-boundary/NextOptionsContext.js:17:11)
    at NextClientClerkProvider (webpack-internal:///(app-pages-browser)/./node_modules/@clerk/nextjs/dist/esm/app-router/client/ClerkProvider.js:62:13)
    at ClientClerkProvider (webpack-internal:///(app-pages-browser)/./node_modules/@clerk/nextjs/dist/esm/app-router/client/ClerkProvider.js:135:13)
    at ClerkProvider (Server)
    at body
    at html
    at RootLayout (Server)
    at RedirectErrorBoundary (webpack-internal:///(app-pages-browser)/./node_modules/next/dist/client/components/redirect-boundary.js:74:9)
    at RedirectBoundary (webpack-internal:///(app-pages-browser)/./node_modules/next/dist/client/components/redirect-boundary.js:82:11)
    at NotFoundErrorBoundary (webpack-internal:///(app-pages-browser)/./node_modules/next/dist/client/components/not-found-boundary.js:76:9)
    at NotFoundBoundary (webpack-internal:///(app-pages-browser)/./node_modules/next/dist/client/components/not-found-boundary.js:84:11)
    at DevRootNotFoundBoundary (webpack-internal:///(app-pages-browser)/./node_modules/next/dist/client/components/dev-root-not-found-boundary.js:33:11)
    at ReactDevOverlay (webpack-internal:///(app-pages-browser)/./node_modules/next/dist/client/components/react-dev-overlay/app/ReactDevOverlay.js:87:9)
    at HotReload (webpack-internal:///(app-pages-browser)/./node_modules/next/dist/client/components/react-dev-overlay/app/hot-reloader-client.js:321:11)
    at Router (webpack-internal:///(app-pages-browser)/./node_modules/next/dist/client/components/app-router.js:207:11)
    at ErrorBoundaryHandler (webpack-internal:///(app-pages-browser)/./node_modules/next/dist/client/components/error-boundary.js:113:9)
    at ErrorBoundary (webpack-internal:///(app-pages-browser)/./node_modules/next/dist/client/components/error-boundary.js:160:11)
    at AppRouter (webpack-internal:///(app-pages-browser)/./node_modules/next/dist/client/components/app-router.js:585:13)
    at ServerRoot (webpack-internal:///(app-pages-browser)/./node_modules/next/dist/client/app-index.js:112:27)
    at Root (webpack-internal:///(app-pages-browser)/./node_modules/next/dist/client/app-index.js:117:11) @ webpack-internal:///(app-pages-browser)/./node_modules/next/dist/client/app-index.js:32
[  797190ms] [ERROR] Warning: %s a style property during rerender (%s) when a conflicting property is set (%s) can lead to styling bugs. To avoid this, don't mix shorthand and non-shorthand properties for the same value; instead, replace the shorthand with separate values.%s Updating animation animationDelay 
    at div
    at section
    at AnimatedHero (webpack-internal:///(app-pages-browser)/./src/app/redesign/guides/[guideId]/_components/AnimatedHero.tsx:33:11)
    at GuidePage (Server)
    at InnerLayoutRouter (webpack-internal:///(app-pages-browser)/./node_modules/next/dist/client/components/layout-router.js:243:11)
    at RedirectErrorBoundary (webpack-internal:///(app-pages-browser)/./node_modules/next/dist/client/components/redirect-boundary.js:74:9)
    at RedirectBoundary (webpack-internal:///(app-pages-browser)/./node_modules/next/dist/client/components/redirect-boundary.js:82:11)
    at NotFoundBoundary (webpack-internal:///(app-pages-browser)/./node_modules/next/dist/client/components/not-found-boundary.js:84:11)
    at LoadingBoundary (webpack-internal:///(app-pages-browser)/./node_modules/next/dist/client/components/layout-router.js:349:11)
    at ErrorBoundary (webpack-internal:///(app-pages-browser)/./node_modules/next/dist/client/components/error-boundary.js:160:11)
    at InnerScrollAndFocusHandler (webpack-internal:///(app-pages-browser)/./node_modules/next/dist/client/components/layout-router.js:153:9)
    at ScrollAndFocusHandler (webpack-internal:///(app-pages-browser)/./node_modules/next/dist/client/components/layout-router.js:228:11)
    at RenderFromTemplateContext (webpack-internal:///(app-pages-browser)/./node_modules/next/dist/client/components/render-from-template-context.js:16:44)
    at OuterLayoutRouter (webpack-internal:///(app-pages-browser)/./node_modules/next/dist/client/components/layout-router.js:370:11)
    at InnerLayoutRouter (webpack-internal:///(app-pages-browser)/./node_modules/next/dist/client/components/layout-router.js:243:11)
    at RedirectErrorBoundary (webpack-internal:///(app-pages-browser)/./node_modules/next/dist/client/components/redirect-boundary.js:74:9)
    at RedirectBoundary (webpack-internal:///(app-pages-browser)/./node_modules/next/dist/client/components/redirect-boundary.js:82:11)
    at NotFoundBoundary (webpack-internal:///(app-pages-browser)/./node_modules/next/dist/client/components/not-found-boundary.js:84:11)
    at LoadingBoundary (webpack-internal:///(app-pages-browser)/./node_modules/next/dist/client/components/layout-router.js:349:11)
    at ErrorBoundary (webpack-internal:///(app-pages-browser)/./node_modules/next/dist/client/components/error-boundary.js:160:11)
    at InnerScrollAndFocusHandler (webpack-internal:///(app-pages-browser)/./node_modules/next/dist/client/components/layout-router.js:153:9)
    at ScrollAndFocusHandler (webpack-internal:///(app-pages-browser)/./node_modules/next/dist/client/components/layout-router.js:228:11)
    at RenderFromTemplateContext (webpack-internal:///(app-pages-browser)/./node_modules/next/dist/client/components/render-from-template-context.js:16:44)
    at OuterLayoutRouter (webpack-internal:///(app-pages-browser)/./node_modules/next/dist/client/components/layout-router.js:370:11)
    at InnerLayoutRouter (webpack-internal:///(app-pages-browser)/./node_modules/next/dist/client/components/layout-router.js:243:11)
    at RedirectErrorBoundary (webpack-internal:///(app-pages-browser)/./node_modules/next/dist/client/components/redirect-boundary.js:74:9)
    at RedirectBoundary (webpack-internal:///(app-pages-browser)/./node_modules/next/dist/client/components/redirect-boundary.js:82:11)
    at NotFoundErrorBoundary (webpack-internal:///(app-pages-browser)/./node_modules/next/dist/client/components/not-found-boundary.js:76:9)
    at NotFoundBoundary (webpack-internal:///(app-pages-browser)/./node_modules/next/dist/client/components/not-found-boundary.js:84:11)
    at LoadingBoundary (webpack-internal:///(app-pages-browser)/./node_modules/next/dist/client/components/layout-router.js:349:11)
    at ErrorBoundaryHandler (webpack-internal:///(app-pages-browser)/./node_modules/next/dist/client/components/error-boundary.js:113:9)
    at ErrorBoundary (webpack-internal:///(app-pages-browser)/./node_modules/next/dist/client/components/error-boundary.js:160:11)
    at InnerScrollAndFocusHandler (webpack-internal:///(app-pages-browser)/./node_modules/next/dist/client/components/layout-router.js:153:9)
    at ScrollAndFocusHandler (webpack-internal:///(app-pages-browser)/./node_modules/next/dist/client/components/layout-router.js:228:11)
    at RenderFromTemplateContext (webpack-internal:///(app-pages-browser)/./node_modules/next/dist/client/components/render-from-template-context.js:16:44)
    at OuterLayoutRouter (webpack-internal:///(app-pages-browser)/./node_modules/next/dist/client/components/layout-router.js:370:11)
    at div
    at RedesignLayout (Server)
    at InnerLayoutRouter (webpack-internal:///(app-pages-browser)/./node_modules/next/dist/client/components/layout-router.js:243:11)
    at RedirectErrorBoundary (webpack-internal:///(app-pages-browser)/./node_modules/next/dist/client/components/redirect-boundary.js:74:9)
    at RedirectBoundary (webpack-internal:///(app-pages-browser)/./node_modules/next/dist/client/components/redirect-boundary.js:82:11)
    at NotFoundErrorBoundary (webpack-internal:///(app-pages-browser)/./node_modules/next/dist/client/components/not-found-boundary.js:76:9)
    at NotFoundBoundary (webpack-internal:///(app-pages-browser)/./node_modules/next/dist/client/components/not-found-boundary.js:84:11)
    at LoadingBoundary (webpack-internal:///(app-pages-browser)/./node_modules/next/dist/client/components/layout-router.js:349:11)
    at ErrorBoundary (webpack-internal:///(app-pages-browser)/./node_modules/next/dist/client/components/error-boundary.js:160:11)
    at InnerScrollAndFocusHandler (webpack-internal:///(app-pages-browser)/./node_modules/next/dist/client/components/layout-router.js:153:9)
    at ScrollAndFocusHandler (webpack-internal:///(app-pages-browser)/./node_modules/next/dist/client/components/layout-router.js:228:11)
    at RenderFromTemplateContext (webpack-internal:///(app-pages-browser)/./node_modules/next/dist/client/components/render-from-template-context.js:16:44)
    at OuterLayoutRouter (webpack-internal:///(app-pages-browser)/./node_modules/next/dist/client/components/layout-router.js:370:11)
    at __experimental_CheckoutProvider (webpack-internal:///(app-pages-browser)/./node_modules/@clerk/shared/dist/runtime/react/index.mjs:136:44)
    at SWRConfig (webpack-internal:///(app-pages-browser)/./node_modules/swr/dist/_internal/config-context-client-BoS53ST9.mjs:554:13)
    at SWRConfigCompat (webpack-internal:///(app-pages-browser)/./node_modules/@clerk/shared/dist/runtime/react/index.mjs:124:28)
    at OrganizationProvider (webpack-internal:///(app-pages-browser)/./node_modules/@clerk/shared/dist/runtime/react/index.mjs:148:33)
    at ClerkContextProvider (webpack-internal:///(app-pages-browser)/./node_modules/@clerk/clerk-react/dist/index.mjs:1849:11)
    at ClerkProviderBase (webpack-internal:///(app-pages-browser)/./node_modules/@clerk/clerk-react/dist/index.mjs:1941:11)
    at Hoc (webpack-internal:///(app-pages-browser)/./node_modules/@clerk/clerk-react/dist/chunk-THNCS7QR.mjs:84:5)
    at ClerkNextOptionsProvider (webpack-internal:///(app-pages-browser)/./node_modules/@clerk/nextjs/dist/esm/client-boundary/NextOptionsContext.js:17:11)
    at NextClientClerkProvider (webpack-internal:///(app-pages-browser)/./node_modules/@clerk/nextjs/dist/esm/app-router/client/ClerkProvider.js:62:13)
    at ClientClerkProvider (webpack-internal:///(app-pages-browser)/./node_modules/@clerk/nextjs/dist/esm/app-router/client/ClerkProvider.js:135:13)
    at ClerkProvider (Server)
    at body
    at html
    at RootLayout (Server)
    at RedirectErrorBoundary (webpack-internal:///(app-pages-browser)/./node_modules/next/dist/client/components/redirect-boundary.js:74:9)
    at RedirectBoundary (webpack-internal:///(app-pages-browser)/./node_modules/next/dist/client/components/redirect-boundary.js:82:11)
    at NotFoundErrorBoundary (webpack-internal:///(app-pages-browser)/./node_modules/next/dist/client/components/not-found-boundary.js:76:9)
    at NotFoundBoundary (webpack-internal:///(app-pages-browser)/./node_modules/next/dist/client/components/not-found-boundary.js:84:11)
    at DevRootNotFoundBoundary (webpack-internal:///(app-pages-browser)/./node_modules/next/dist/client/components/dev-root-not-found-boundary.js:33:11)
    at ReactDevOverlay (webpack-internal:///(app-pages-browser)/./node_modules/next/dist/client/components/react-dev-overlay/app/ReactDevOverlay.js:87:9)
    at HotReload (webpack-internal:///(app-pages-browser)/./node_modules/next/dist/client/components/react-dev-overlay/app/hot-reloader-client.js:321:11)
    at Router (webpack-internal:///(app-pages-browser)/./node_modules/next/dist/client/components/app-router.js:207:11)
    at ErrorBoundaryHandler (webpack-internal:///(app-pages-browser)/./node_modules/next/dist/client/components/error-boundary.js:113:9)
    at ErrorBoundary (webpack-internal:///(app-pages-browser)/./node_modules/next/dist/client/components/error-boundary.js:160:11)
    at AppRouter (webpack-internal:///(app-pages-browser)/./node_modules/next/dist/client/components/app-router.js:585:13)
    at ServerRoot (webpack-internal:///(app-pages-browser)/./node_modules/next/dist/client/app-index.js:112:27)
    at Root (webpack-internal:///(app-pages-browser)/./node_modules/next/dist/client/app-index.js:117:11) @ webpack-internal:///(app-pages-browser)/./node_modules/next/dist/client/app-index.js:32
[  797191ms] [ERROR] Warning: %s a style property during rerender (%s) when a conflicting property is set (%s) can lead to styling bugs. To avoid this, don't mix shorthand and non-shorthand properties for the same value; instead, replace the shorthand with separate values.%s Updating animation animationDelay 
    at div
    at section
    at AnimatedHero (webpack-internal:///(app-pages-browser)/./src/app/redesign/guides/[guideId]/_components/AnimatedHero.tsx:33:11)
    at GuidePage (Server)
    at InnerLayoutRouter (webpack-internal:///(app-pages-browser)/./node_modules/next/dist/client/components/layout-router.js:243:11)
    at RedirectErrorBoundary (webpack-internal:///(app-pages-browser)/./node_modules/next/dist/client/components/redirect-boundary.js:74:9)
    at RedirectBoundary (webpack-internal:///(app-pages-browser)/./node_modules/next/dist/client/components/redirect-boundary.js:82:11)
    at NotFoundBoundary (webpack-internal:///(app-pages-browser)/./node_modules/next/dist/client/components/not-found-boundary.js:84:11)
    at LoadingBoundary (webpack-internal:///(app-pages-browser)/./node_modules/next/dist/client/components/layout-router.js:349:11)
    at ErrorBoundary (webpack-internal:///(app-pages-browser)/./node_modules/next/dist/client/components/error-boundary.js:160:11)
    at InnerScrollAndFocusHandler (webpack-internal:///(app-pages-browser)/./node_modules/next/dist/client/components/layout-router.js:153:9)
    at ScrollAndFocusHandler (webpack-internal:///(app-pages-browser)/./node_modules/next/dist/client/components/layout-router.js:228:11)
    at RenderFromTemplateContext (webpack-internal:///(app-pages-browser)/./node_modules/next/dist/client/components/render-from-template-context.js:16:44)
    at OuterLayoutRouter (webpack-internal:///(app-pages-browser)/./node_modules/next/dist/client/components/layout-router.js:370:11)
    at InnerLayoutRouter (webpack-internal:///(app-pages-browser)/./node_modules/next/dist/client/components/layout-router.js:243:11)
    at RedirectErrorBoundary (webpack-internal:///(app-pages-browser)/./node_modules/next/dist/client/components/redirect-boundary.js:74:9)
    at RedirectBoundary (webpack-internal:///(app-pages-browser)/./node_modules/next/dist/client/components/redirect-boundary.js:82:11)
    at NotFoundBoundary (webpack-internal:///(app-pages-browser)/./node_modules/next/dist/client/components/not-found-boundary.js:84:11)
    at LoadingBoundary (webpack-internal:///(app-pages-browser)/./node_modules/next/dist/client/components/layout-router.js:349:11)
    at ErrorBoundary (webpack-internal:///(app-pages-browser)/./node_modules/next/dist/client/components/error-boundary.js:160:11)
    at InnerScrollAndFocusHandler (webpack-internal:///(app-pages-browser)/./node_modules/next/dist/client/components/layout-router.js:153:9)
    at ScrollAndFocusHandler (webpack-internal:///(app-pages-browser)/./node_modules/next/dist/client/components/layout-router.js:228:11)
    at RenderFromTemplateContext (webpack-internal:///(app-pages-browser)/./node_modules/next/dist/client/components/render-from-template-context.js:16:44)
    at OuterLayoutRouter (webpack-internal:///(app-pages-browser)/./node_modules/next/dist/client/components/layout-router.js:370:11)
    at InnerLayoutRouter (webpack-internal:///(app-pages-browser)/./node_modules/next/dist/client/components/layout-router.js:243:11)
    at RedirectErrorBoundary (webpack-internal:///(app-pages-browser)/./node_modules/next/dist/client/components/redirect-boundary.js:74:9)
    at RedirectBoundary (webpack-internal:///(app-pages-browser)/./node_modules/next/dist/client/components/redirect-boundary.js:82:11)
    at NotFoundErrorBoundary (webpack-internal:///(app-pages-browser)/./node_modules/next/dist/client/components/not-found-boundary.js:76:9)
    at NotFoundBoundary (webpack-internal:///(app-pages-browser)/./node_modules/next/dist/client/components/not-found-boundary.js:84:11)
    at LoadingBoundary (webpack-internal:///(app-pages-browser)/./node_modules/next/dist/client/components/layout-router.js:349:11)
    at ErrorBoundaryHandler (webpack-internal:///(app-pages-browser)/./node_modules/next/dist/client/components/error-boundary.js:113:9)
    at ErrorBoundary (webpack-internal:///(app-pages-browser)/./node_modules/next/dist/client/components/error-boundary.js:160:11)
    at InnerScrollAndFocusHandler (webpack-internal:///(app-pages-browser)/./node_modules/next/dist/client/components/layout-router.js:153:9)
    at ScrollAndFocusHandler (webpack-internal:///(app-pages-browser)/./node_modules/next/dist/client/components/layout-router.js:228:11)
    at RenderFromTemplateContext (webpack-internal:///(app-pages-browser)/./node_modules/next/dist/client/components/render-from-template-context.js:16:44)
    at OuterLayoutRouter (webpack-internal:///(app-pages-browser)/./node_modules/next/dist/client/components/layout-router.js:370:11)
    at div
    at RedesignLayout (Server)
    at InnerLayoutRouter (webpack-internal:///(app-pages-browser)/./node_modules/next/dist/client/components/layout-router.js:243:11)
    at RedirectErrorBoundary (webpack-internal:///(app-pages-browser)/./node_modules/next/dist/client/components/redirect-boundary.js:74:9)
    at RedirectBoundary (webpack-internal:///(app-pages-browser)/./node_modules/next/dist/client/components/redirect-boundary.js:82:11)
    at NotFoundErrorBoundary (webpack-internal:///(app-pages-browser)/./node_modules/next/dist/client/components/not-found-boundary.js:76:9)
    at NotFoundBoundary (webpack-internal:///(app-pages-browser)/./node_modules/next/dist/client/components/not-found-boundary.js:84:11)
    at LoadingBoundary (webpack-internal:///(app-pages-browser)/./node_modules/next/dist/client/components/layout-router.js:349:11)
    at ErrorBoundary (webpack-internal:///(app-pages-browser)/./node_modules/next/dist/client/components/error-boundary.js:160:11)
    at InnerScrollAndFocusHandler (webpack-internal:///(app-pages-browser)/./node_modules/next/dist/client/components/layout-router.js:153:9)
    at ScrollAndFocusHandler (webpack-internal:///(app-pages-browser)/./node_modules/next/dist/client/components/layout-router.js:228:11)
    at RenderFromTemplateContext (webpack-internal:///(app-pages-browser)/./node_modules/next/dist/client/components/render-from-template-context.js:16:44)
    at OuterLayoutRouter (webpack-internal:///(app-pages-browser)/./node_modules/next/dist/client/components/layout-router.js:370:11)
    at __experimental_CheckoutProvider (webpack-internal:///(app-pages-browser)/./node_modules/@clerk/shared/dist/runtime/react/index.mjs:136:44)
    at SWRConfig (webpack-internal:///(app-pages-browser)/./node_modules/swr/dist/_internal/config-context-client-BoS53ST9.mjs:554:13)
    at SWRConfigCompat (webpack-internal:///(app-pages-browser)/./node_modules/@clerk/shared/dist/runtime/react/index.mjs:124:28)
    at OrganizationProvider (webpack-internal:///(app-pages-browser)/./node_modules/@clerk/shared/dist/runtime/react/index.mjs:148:33)
    at ClerkContextProvider (webpack-internal:///(app-pages-browser)/./node_modules/@clerk/clerk-react/dist/index.mjs:1849:11)
    at ClerkProviderBase (webpack-internal:///(app-pages-browser)/./node_modules/@clerk/clerk-react/dist/index.mjs:1941:11)
    at Hoc (webpack-internal:///(app-pages-browser)/./node_modules/@clerk/clerk-react/dist/chunk-THNCS7QR.mjs:84:5)
    at ClerkNextOptionsProvider (webpack-internal:///(app-pages-browser)/./node_modules/@clerk/nextjs/dist/esm/client-boundary/NextOptionsContext.js:17:11)
    at NextClientClerkProvider (webpack-internal:///(app-pages-browser)/./node_modules/@clerk/nextjs/dist/esm/app-router/client/ClerkProvider.js:62:13)
    at ClientClerkProvider (webpack-internal:///(app-pages-browser)/./node_modules/@clerk/nextjs/dist/esm/app-router/client/ClerkProvider.js:135:13)
    at ClerkProvider (Server)
    at body
    at html
    at RootLayout (Server)
    at RedirectErrorBoundary (webpack-internal:///(app-pages-browser)/./node_modules/next/dist/client/components/redirect-boundary.js:74:9)
    at RedirectBoundary (webpack-internal:///(app-pages-browser)/./node_modules/next/dist/client/components/redirect-boundary.js:82:11)
    at NotFoundErrorBoundary (webpack-internal:///(app-pages-browser)/./node_modules/next/dist/client/components/not-found-boundary.js:76:9)
    at NotFoundBoundary (webpack-internal:///(app-pages-browser)/./node_modules/next/dist/client/components/not-found-boundary.js:84:11)
    at DevRootNotFoundBoundary (webpack-internal:///(app-pages-browser)/./node_modules/next/dist/client/components/dev-root-not-found-boundary.js:33:11)
    at ReactDevOverlay (webpack-internal:///(app-pages-browser)/./node_modules/next/dist/client/components/react-dev-overlay/app/ReactDevOverlay.js:87:9)
    at HotReload (webpack-internal:///(app-pages-browser)/./node_modules/next/dist/client/components/react-dev-overlay/app/hot-reloader-client.js:321:11)
    at Router (webpack-internal:///(app-pages-browser)/./node_modules/next/dist/client/components/app-router.js:207:11)
    at ErrorBoundaryHandler (webpack-internal:///(app-pages-browser)/./node_modules/next/dist/client/components/error-boundary.js:113:9)
    at ErrorBoundary (webpack-internal:///(app-pages-browser)/./node_modules/next/dist/client/components/error-boundary.js:160:11)
    at AppRouter (webpack-internal:///(app-pages-browser)/./node_modules/next/dist/client/components/app-router.js:585:13)
    at ServerRoot (webpack-internal:///(app-pages-browser)/./node_modules/next/dist/client/app-index.js:112:27)
    at Root (webpack-internal:///(app-pages-browser)/./node_modules/next/dist/client/app-index.js:117:11) @ webpack-internal:///(app-pages-browser)/./node_modules/next/dist/client/app-index.js:32
[  797191ms] [ERROR] Warning: %s a style property during rerender (%s) when a conflicting property is set (%s) can lead to styling bugs. To avoid this, don't mix shorthand and non-shorthand properties for the same value; instead, replace the shorthand with separate values.%s Updating animation animationDelay 
    at div
    at section
    at AnimatedHero (webpack-internal:///(app-pages-browser)/./src/app/redesign/guides/[guideId]/_components/AnimatedHero.tsx:33:11)
    at GuidePage (Server)
    at InnerLayoutRouter (webpack-internal:///(app-pages-browser)/./node_modules/next/dist/client/components/layout-router.js:243:11)
    at RedirectErrorBoundary (webpack-internal:///(app-pages-browser)/./node_modules/next/dist/client/components/redirect-boundary.js:74:9)
    at RedirectBoundary (webpack-internal:///(app-pages-browser)/./node_modules/next/dist/client/components/redirect-boundary.js:82:11)
    at NotFoundBoundary (webpack-internal:///(app-pages-browser)/./node_modules/next/dist/client/components/not-found-boundary.js:84:11)
    at LoadingBoundary (webpack-internal:///(app-pages-browser)/./node_modules/next/dist/client/components/layout-router.js:349:11)
    at ErrorBoundary (webpack-internal:///(app-pages-browser)/./node_modules/next/dist/client/components/error-boundary.js:160:11)
    at InnerScrollAndFocusHandler (webpack-internal:///(app-pages-browser)/./node_modules/next/dist/client/components/layout-router.js:153:9)
    at ScrollAndFocusHandler (webpack-internal:///(app-pages-browser)/./node_modules/next/dist/client/components/layout-router.js:228:11)
    at RenderFromTemplateContext (webpack-internal:///(app-pages-browser)/./node_modules/next/dist/client/components/render-from-template-context.js:16:44)
    at OuterLayoutRouter (webpack-internal:///(app-pages-browser)/./node_modules/next/dist/client/components/layout-router.js:370:11)
    at InnerLayoutRouter (webpack-internal:///(app-pages-browser)/./node_modules/next/dist/client/components/layout-router.js:243:11)
    at RedirectErrorBoundary (webpack-internal:///(app-pages-browser)/./node_modules/next/dist/client/components/redirect-boundary.js:74:9)
    at RedirectBoundary (webpack-internal:///(app-pages-browser)/./node_modules/next/dist/client/components/redirect-boundary.js:82:11)
    at NotFoundBoundary (webpack-internal:///(app-pages-browser)/./node_modules/next/dist/client/components/not-found-boundary.js:84:11)
    at LoadingBoundary (webpack-internal:///(app-pages-browser)/./node_modules/next/dist/client/components/layout-router.js:349:11)
    at ErrorBoundary (webpack-internal:///(app-pages-browser)/./node_modules/next/dist/client/components/error-boundary.js:160:11)
    at InnerScrollAndFocusHandler (webpack-internal:///(app-pages-browser)/./node_modules/next/dist/client/components/layout-router.js:153:9)
    at ScrollAndFocusHandler (webpack-internal:///(app-pages-browser)/./node_modules/next/dist/client/components/layout-router.js:228:11)
    at RenderFromTemplateContext (webpack-internal:///(app-pages-browser)/./node_modules/next/dist/client/components/render-from-template-context.js:16:44)
    at OuterLayoutRouter (webpack-internal:///(app-pages-browser)/./node_modules/next/dist/client/components/layout-router.js:370:11)
    at InnerLayoutRouter (webpack-internal:///(app-pages-browser)/./node_modules/next/dist/client/components/layout-router.js:243:11)
    at RedirectErrorBoundary (webpack-internal:///(app-pages-browser)/./node_modules/next/dist/client/components/redirect-boundary.js:74:9)
    at RedirectBoundary (webpack-internal:///(app-pages-browser)/./node_modules/next/dist/client/components/redirect-boundary.js:82:11)
    at NotFoundErrorBoundary (webpack-internal:///(app-pages-browser)/./node_modules/next/dist/client/components/not-found-boundary.js:76:9)
    at NotFoundBoundary (webpack-internal:///(app-pages-browser)/./node_modules/next/dist/client/components/not-found-boundary.js:84:11)
    at LoadingBoundary (webpack-internal:///(app-pages-browser)/./node_modules/next/dist/client/components/layout-router.js:349:11)
    at ErrorBoundaryHandler (webpack-internal:///(app-pages-browser)/./node_modules/next/dist/client/components/error-boundary.js:113:9)
    at ErrorBoundary (webpack-internal:///(app-pages-browser)/./node_modules/next/dist/client/components/error-boundary.js:160:11)
    at InnerScrollAndFocusHandler (webpack-internal:///(app-pages-browser)/./node_modules/next/dist/client/components/layout-router.js:153:9)
    at ScrollAndFocusHandler (webpack-internal:///(app-pages-browser)/./node_modules/next/dist/client/components/layout-router.js:228:11)
    at RenderFromTemplateContext (webpack-internal:///(app-pages-browser)/./node_modules/next/dist/client/components/render-from-template-context.js:16:44)
    at OuterLayoutRouter (webpack-internal:///(app-pages-browser)/./node_modules/next/dist/client/components/layout-router.js:370:11)
    at div
    at RedesignLayout (Server)
    at InnerLayoutRouter (webpack-internal:///(app-pages-browser)/./node_modules/next/dist/client/components/layout-router.js:243:11)
    at RedirectErrorBoundary (webpack-internal:///(app-pages-browser)/./node_modules/next/dist/client/components/redirect-boundary.js:74:9)
    at RedirectBoundary (webpack-internal:///(app-pages-browser)/./node_modules/next/dist/client/components/redirect-boundary.js:82:11)
    at NotFoundErrorBoundary (webpack-internal:///(app-pages-browser)/./node_modules/next/dist/client/components/not-found-boundary.js:76:9)
    at NotFoundBoundary (webpack-internal:///(app-pages-browser)/./node_modules/next/dist/client/components/not-found-boundary.js:84:11)
    at LoadingBoundary (webpack-internal:///(app-pages-browser)/./node_modules/next/dist/client/components/layout-router.js:349:11)
    at ErrorBoundary (webpack-internal:///(app-pages-browser)/./node_modules/next/dist/client/components/error-boundary.js:160:11)
    at InnerScrollAndFocusHandler (webpack-internal:///(app-pages-browser)/./node_modules/next/dist/client/components/layout-router.js:153:9)
    at ScrollAndFocusHandler (webpack-internal:///(app-pages-browser)/./node_modules/next/dist/client/components/layout-router.js:228:11)
    at RenderFromTemplateContext (webpack-internal:///(app-pages-browser)/./node_modules/next/dist/client/components/render-from-template-context.js:16:44)
    at OuterLayoutRouter (webpack-internal:///(app-pages-browser)/./node_modules/next/dist/client/components/layout-router.js:370:11)
    at __experimental_CheckoutProvider (webpack-internal:///(app-pages-browser)/./node_modules/@clerk/shared/dist/runtime/react/index.mjs:136:44)
    at SWRConfig (webpack-internal:///(app-pages-browser)/./node_modules/swr/dist/_internal/config-context-client-BoS53ST9.mjs:554:13)
    at SWRConfigCompat (webpack-internal:///(app-pages-browser)/./node_modules/@clerk/shared/dist/runtime/react/index.mjs:124:28)
    at OrganizationProvider (webpack-internal:///(app-pages-browser)/./node_modules/@clerk/shared/dist/runtime/react/index.mjs:148:33)
    at ClerkContextProvider (webpack-internal:///(app-pages-browser)/./node_modules/@clerk/clerk-react/dist/index.mjs:1849:11)
    at ClerkProviderBase (webpack-internal:///(app-pages-browser)/./node_modules/@clerk/clerk-react/dist/index.mjs:1941:11)
    at Hoc (webpack-internal:///(app-pages-browser)/./node_modules/@clerk/clerk-react/dist/chunk-THNCS7QR.mjs:84:5)
    at ClerkNextOptionsProvider (webpack-internal:///(app-pages-browser)/./node_modules/@clerk/nextjs/dist/esm/client-boundary/NextOptionsContext.js:17:11)
    at NextClientClerkProvider (webpack-internal:///(app-pages-browser)/./node_modules/@clerk/nextjs/dist/esm/app-router/client/ClerkProvider.js:62:13)
    at ClientClerkProvider (webpack-internal:///(app-pages-browser)/./node_modules/@clerk/nextjs/dist/esm/app-router/client/ClerkProvider.js:135:13)
    at ClerkProvider (Server)
    at body
    at html
    at RootLayout (Server)
    at RedirectErrorBoundary (webpack-internal:///(app-pages-browser)/./node_modules/next/dist/client/components/redirect-boundary.js:74:9)
    at RedirectBoundary (webpack-internal:///(app-pages-browser)/./node_modules/next/dist/client/components/redirect-boundary.js:82:11)
    at NotFoundErrorBoundary (webpack-internal:///(app-pages-browser)/./node_modules/next/dist/client/components/not-found-boundary.js:76:9)
    at NotFoundBoundary (webpack-internal:///(app-pages-browser)/./node_modules/next/dist/client/components/not-found-boundary.js:84:11)
    at DevRootNotFoundBoundary (webpack-internal:///(app-pages-browser)/./node_modules/next/dist/client/components/dev-root-not-found-boundary.js:33:11)
    at ReactDevOverlay (webpack-internal:///(app-pages-browser)/./node_modules/next/dist/client/components/react-dev-overlay/app/ReactDevOverlay.js:87:9)
    at HotReload (webpack-internal:///(app-pages-browser)/./node_modules/next/dist/client/components/react-dev-overlay/app/hot-reloader-client.js:321:11)
    at Router (webpack-internal:///(app-pages-browser)/./node_modules/next/dist/client/components/app-router.js:207:11)
    at ErrorBoundaryHandler (webpack-internal:///(app-pages-browser)/./node_modules/next/dist/client/components/error-boundary.js:113:9)
    at ErrorBoundary (webpack-internal:///(app-pages-browser)/./node_modules/next/dist/client/components/error-boundary.js:160:11)
    at AppRouter (webpack-internal:///(app-pages-browser)/./node_modules/next/dist/client/components/app-router.js:585:13)
    at ServerRoot (webpack-internal:///(app-pages-browser)/./node_modules/next/dist/client/app-index.js:112:27)
    at Root (webpack-internal:///(app-pages-browser)/./node_modules/next/dist/client/app-index.js:117:11) @ webpack-internal:///(app-pages-browser)/./node_modules/next/dist/client/app-index.js:32
[  819141ms] [LOG] [Fast Refresh] rebuilding @ webpack-internal:///(app-pages-browser)/./node_modules/next/dist/client/components/react-dev-overlay/app/hot-reloader-client.js:186
[  820290ms] [LOG] [Fast Refresh] done in 1148ms @ webpack-internal:///(app-pages-browser)/./node_modules/next/dist/client/components/react-dev-overlay/app/hot-reloader-client.js:43
[  862416ms] [LOG] [Fast Refresh] rebuilding @ webpack-internal:///(app-pages-browser)/./node_modules/next/dist/client/components/react-dev-overlay/app/hot-reloader-client.js:186
[  863401ms] [LOG] [Fast Refresh] done in 986ms @ webpack-internal:///(app-pages-browser)/./node_modules/next/dist/client/components/react-dev-overlay/app/hot-reloader-client.js:43
[  905918ms] [LOG] [Fast Refresh] rebuilding @ webpack-internal:///(app-pages-browser)/./node_modules/next/dist/client/components/react-dev-overlay/app/hot-reloader-client.js:186
[  907571ms] [LOG] [Fast Refresh] done in 1655ms @ webpack-internal:///(app-pages-browser)/./node_modules/next/dist/client/components/react-dev-overlay/app/hot-reloader-client.js:43
[  950942ms] [LOG] [Fast Refresh] rebuilding @ webpack-internal:///(app-pages-browser)/./node_modules/next/dist/client/components/react-dev-overlay/app/hot-reloader-client.js:186
[  951902ms] [LOG] [Fast Refresh] rebuilding @ webpack-internal:///(app-pages-browser)/./node_modules/next/dist/client/components/react-dev-overlay/app/hot-reloader-client.js:186
[  951993ms] [LOG] [Fast Refresh] done in 90ms @ webpack-internal:///(app-pages-browser)/./node_modules/next/dist/client/components/react-dev-overlay/app/hot-reloader-client.js:43
[  981772ms] [LOG] [Fast Refresh] rebuilding @ webpack-internal:///(app-pages-browser)/./node_modules/next/dist/client/components/react-dev-overlay/app/hot-reloader-client.js:186
[  982445ms] [LOG] [Fast Refresh] done in 674ms @ webpack-internal:///(app-pages-browser)/./node_modules/next/dist/client/components/react-dev-overlay/app/hot-reloader-client.js:43
[  990163ms] [LOG] [Fast Refresh] rebuilding @ webpack-internal:///(app-pages-browser)/./node_modules/next/dist/client/components/react-dev-overlay/app/hot-reloader-client.js:186
[  990682ms] [LOG] [Fast Refresh] done in 519ms @ webpack-internal:///(app-pages-browser)/./node_modules/next/dist/client/components/react-dev-overlay/app/hot-reloader-client.js:43
[  995493ms] [LOG] [Fast Refresh] rebuilding @ webpack-internal:///(app-pages-browser)/./node_modules/next/dist/client/components/react-dev-overlay/app/hot-reloader-client.js:186
[  996001ms] [LOG] [Fast Refresh] done in 509ms @ webpack-internal:///(app-pages-browser)/./node_modules/next/dist/client/components/react-dev-overlay/app/hot-reloader-client.js:43
[  996697ms] [LOG] [Fast Refresh] rebuilding @ webpack-internal:///(app-pages-browser)/./node_modules/next/dist/client/components/react-dev-overlay/app/hot-reloader-client.js:186
[  997335ms] [LOG] [Fast Refresh] done in 638ms @ webpack-internal:///(app-pages-browser)/./node_modules/next/dist/client/components/react-dev-overlay/app/hot-reloader-client.js:43
[ 1042375ms] [LOG] [Fast Refresh] rebuilding @ webpack-internal:///(app-pages-browser)/./node_modules/next/dist/client/components/react-dev-overlay/app/hot-reloader-client.js:186
[ 1043522ms] [LOG] [Fast Refresh] done in 1148ms @ webpack-internal:///(app-pages-browser)/./node_modules/next/dist/client/components/react-dev-overlay/app/hot-reloader-client.js:43
[ 1064486ms] [LOG] [Fast Refresh] rebuilding @ webpack-internal:///(app-pages-browser)/./node_modules/next/dist/client/components/react-dev-overlay/app/hot-reloader-client.js:186
[ 1065563ms] [LOG] [Fast Refresh] done in 1077ms @ webpack-internal:///(app-pages-browser)/./node_modules/next/dist/client/components/react-dev-overlay/app/hot-reloader-client.js:43
[ 1097932ms] [LOG] [Fast Refresh] rebuilding @ webpack-internal:///(app-pages-browser)/./node_modules/next/dist/client/components/react-dev-overlay/app/hot-reloader-client.js:186
[ 1098784ms] [LOG] [Fast Refresh] done in 852ms @ webpack-internal:///(app-pages-browser)/./node_modules/next/dist/client/components/react-dev-overlay/app/hot-reloader-client.js:43
[ 1105763ms] [LOG] [Fast Refresh] rebuilding @ webpack-internal:///(app-pages-browser)/./node_modules/next/dist/client/components/react-dev-overlay/app/hot-reloader-client.js:186
[ 1106803ms] [LOG] [Fast Refresh] done in 1039ms @ webpack-internal:///(app-pages-browser)/./node_modules/next/dist/client/components/react-dev-overlay/app/hot-reloader-client.js:43
[ 1141880ms] [LOG] [Fast Refresh] rebuilding @ webpack-internal:///(app-pages-browser)/./node_modules/next/dist/client/components/react-dev-overlay/app/hot-reloader-client.js:186
[ 1142963ms] [LOG] [Fast Refresh] done in 1085ms @ webpack-internal:///(app-pages-browser)/./node_modules/next/dist/client/components/react-dev-overlay/app/hot-reloader-client.js:43
[ 1183806ms] [LOG] [Fast Refresh] rebuilding @ webpack-internal:///(app-pages-browser)/./node_modules/next/dist/client/components/react-dev-overlay/app/hot-reloader-client.js:186
[ 1185621ms] [LOG] [Fast Refresh] done in 1815ms @ webpack-internal:///(app-pages-browser)/./node_modules/next/dist/client/components/react-dev-overlay/app/hot-reloader-client.js:43
[ 1193384ms] [LOG] [Fast Refresh] rebuilding @ webpack-internal:///(app-pages-browser)/./node_modules/next/dist/client/components/react-dev-overlay/app/hot-reloader-client.js:186
[ 1194729ms] [ERROR] ./src/app/redesign/guides/[guideId]/_components/AnimatedHero.tsx
Error: 
  x Unexpected token `section`. Expected jsx identifier
    ,-[/Users/knowprajjwal/LearningPlatform/src/app/redesign/guides/[guideId]/_components/AnimatedHero.tsx:41:1]
 41 |   ];
 42 | 
 43 |   return (
 44 |     <section className="relative overflow-hidden bg-gt-text-dark pt-24 pb-12">
    :      ^^^^^^^
 45 |       {/* Animated gradient blobs */}
 46 |       <div
 47 |         className={cn(
    `----

Caused by:
    Syntax Error

Import trace for requested module:
./src/app/redesign/guides/[guideId]/_components/AnimatedHero.tsx @ webpack-internal:///(app-pages-browser)/./node_modules/next/dist/client/app-index.js:32
[ 1195689ms] [LOG] [Fast Refresh] rebuilding @ webpack-internal:///(app-pages-browser)/./node_modules/next/dist/client/components/react-dev-overlay/app/hot-reloader-client.js:186
[ 1201864ms] [ERROR] ./src/app/redesign/guides/[guideId]/_components/AnimatedHero.tsx
Error: 
  x Unexpected token `section`. Expected jsx identifier
    ,-[/Users/knowprajjwal/LearningPlatform/src/app/redesign/guides/[guideId]/_components/AnimatedHero.tsx:41:1]
 41 |   ];
 42 | 
 43 |   return (
 44 |     <section className="relative overflow-hidden bg-gt-text-dark pt-24 pb-12">
    :      ^^^^^^^
 45 |       {/* Animated gradient blobs */}
 46 |       <div
 47 |         className={cn(
    `----

Caused by:
    Syntax Error

Import trace for requested module:
./src/app/redesign/guides/[guideId]/_components/AnimatedHero.tsx
./src/app/redesign/guides/[guideId]/page.tsx @ webpack-internal:///(app-pages-browser)/./node_modules/next/dist/client/app-index.js:32
[ 1209279ms] [ERROR] Failed to load resource: the server responded with a status of 500 (Internal Server Error) @ http://localhost:5001/redesign/guides/how-to-calculate-financed-emissions?_rsc=1q7lr:0
[ 1210635ms] [ERROR] Failed to load resource: the server responded with a status of 500 (Internal Server Error) @ http://localhost:5001/redesign/guides/how-to-calculate-financed-emissions:0
[ 1212125ms] [INFO] %cDownload the React DevTools for a better development experience: https://reactjs.org/link/react-devtools font-weight:bold @ webpack-internal:///./node_modules/react-dom/cjs/react-dom.development.js:29889
[ 1212497ms] ModuleBuildError: Module build failed (from ./node_modules/next/dist/build/webpack/loaders/next-swc-loader.js):
Error: 
  x Unexpected token `section`. Expected jsx identifier
    ,-[/Users/knowprajjwal/LearningPlatform/src/app/redesign/guides/[guideId]/_components/AnimatedHero.tsx:41:1]
 41 |   ];
 42 | 
 43 |   return (
 44 |     <section className="relative overflow-hidden bg-gt-text-dark pt-24 pb-12">
    :      ^^^^^^^
 45 |       {/* Animated gradient blobs */}
 46 |       <div
 47 |         className={cn(
    `----


Caused by:
    Syntax Error
    at processResult (file:///Users/knowprajjwal/LearningPlatform/node_modules/next/dist/compiled/webpack/bundle5.js:28:400590)
    at <unknown> (file:///Users/knowprajjwal/LearningPlatform/node_modules/next/dist/compiled/webpack/bundle5.js:28:402302)
    at <unknown> (file:///Users/knowprajjwal/LearningPlatform/node_modules/next/dist/compiled/loader-runner/LoaderRunner.js:1:8645)
    at <unknown> (file:///Users/knowprajjwal/LearningPlatform/node_modules/next/dist/compiled/loader-runner/LoaderRunner.js:1:5019)
    at r.callback (file:///Users/knowprajjwal/LearningPlatform/node_modules/next/dist/compiled/loader-runner/LoaderRunner.js:1:4039)
[ 1212316ms] [LOG] [HMR] connected @ webpack-internal:///./node_modules/next/dist/client/components/react-dev-overlay/pages/websocket.js:38
[ 1212326ms] [ERROR] ./src/app/redesign/guides/[guideId]/_components/AnimatedHero.tsx
Error: 
  x Unexpected token `section`. Expected jsx identifier
    ,-[/Users/knowprajjwal/LearningPlatform/src/app/redesign/guides/[guideId]/_components/AnimatedHero.tsx:41:1]
 41 |   ];
 42 | 
 43 |   return (
 44 |     <section className="relative overflow-hidden bg-gt-text-dark pt-24 pb-12">
    :      ^^^^^^^
 45 |       {/* Animated gradient blobs */}
 46 |       <div
 47 |         className={cn(
    `----

Caused by:
    Syntax Error @ webpack-internal:///./node_modules/next/dist/client/components/react-dev-overlay/internal/helpers/hydration-error-info.js:62
[ 1212380ms] [ERROR] ./src/app/redesign/guides/[guideId]/_components/AnimatedHero.tsx
Error: 
  x Unexpected token `section`. Expected jsx identifier
    ,-[/Users/knowprajjwal/LearningPlatform/src/app/redesign/guides/[guideId]/_components/AnimatedHero.tsx:41:1]
 41 |   ];
 42 | 
 43 |   return (
 44 |     <section className="relative overflow-hidden bg-gt-text-dark pt-24 pb-12">
    :      ^^^^^^^
 45 |       {/* Animated gradient blobs */}
 46 |       <div
 47 |         className={cn(
    `----

Caused by:
    Syntax Error @ webpack-internal:///./node_modules/next/dist/client/components/react-dev-overlay/internal/helpers/hydration-error-info.js:62
[ 1212709ms] [ERROR] ./src/app/redesign/guides/[guideId]/_components/AnimatedHero.tsx
Error: 
  x Unexpected token `section`. Expected jsx identifier
    ,-[/Users/knowprajjwal/LearningPlatform/src/app/redesign/guides/[guideId]/_components/AnimatedHero.tsx:41:1]
 41 |   ];
 42 | 
 43 |   return (
 44 |     <section className="relative overflow-hidden bg-gt-text-dark pt-24 pb-12">
    :      ^^^^^^^
 45 |       {/* Animated gradient blobs */}
 46 |       <div
 47 |         className={cn(
    `----

Caused by:
    Syntax Error @ webpack-internal:///./node_modules/next/dist/client/components/react-dev-overlay/internal/helpers/hydration-error-info.js:62
[ 1214867ms] [LOG] [Fast Refresh] rebuilding @ webpack-internal:///./node_modules/next/dist/client/components/react-dev-overlay/pages/hot-reloader-client.js:221
[ 1216368ms] [LOG] [Fast Refresh] rebuilding @ webpack-internal:///./node_modules/next/dist/client/components/react-dev-overlay/pages/hot-reloader-client.js:221
[ 1217686ms] [WARNING] [Fast Refresh] performing full reload

Fast Refresh will perform a full reload when you edit a file that's imported by modules outside of the React rendering tree.
You might have a file which exports a React component but also exports a value that is imported by a non-React component file.
Consider migrating the non-React component export to a separate file and importing it into both files.

It is also possible the parent component of the component you edited is a class component, which disables Fast Refresh.
Fast Refresh requires at least one parent function component in your React tree. @ webpack-internal:///./node_modules/next/dist/client/components/react-dev-overlay/pages/hot-reloader-client.js:347
[ 1219750ms] [INFO] %cDownload the React DevTools for a better development experience: https://reactjs.org/link/react-devtools font-weight:bold @ webpack-internal:///(app-pages-browser)/./node_modules/next/dist/compiled/react-dom/cjs/react-dom.development.js:38559
[ 1220574ms] [ERROR] Warning: %s a style property during rerender (%s) when a conflicting property is set (%s) can lead to styling bugs. To avoid this, don't mix shorthand and non-shorthand properties for the same value; instead, replace the shorthand with separate values.%s Updating animation animationDelay 
    at div
    at section
    at AnimatedHero (webpack-internal:///(app-pages-browser)/./src/app/redesign/guides/[guideId]/_components/AnimatedHero.tsx:33:11)
    at GuidePage (Server)
    at InnerLayoutRouter (webpack-internal:///(app-pages-browser)/./node_modules/next/dist/client/components/layout-router.js:243:11)
    at RedirectErrorBoundary (webpack-internal:///(app-pages-browser)/./node_modules/next/dist/client/components/redirect-boundary.js:74:9)
    at RedirectBoundary (webpack-internal:///(app-pages-browser)/./node_modules/next/dist/client/components/redirect-boundary.js:82:11)
    at NotFoundBoundary (webpack-internal:///(app-pages-browser)/./node_modules/next/dist/client/components/not-found-boundary.js:84:11)
    at LoadingBoundary (webpack-internal:///(app-pages-browser)/./node_modules/next/dist/client/components/layout-router.js:349:11)
    at ErrorBoundary (webpack-internal:///(app-pages-browser)/./node_modules/next/dist/client/components/error-boundary.js:160:11)
    at InnerScrollAndFocusHandler (webpack-internal:///(app-pages-browser)/./node_modules/next/dist/client/components/layout-router.js:153:9)
    at ScrollAndFocusHandler (webpack-internal:///(app-pages-browser)/./node_modules/next/dist/client/components/layout-router.js:228:11)
    at RenderFromTemplateContext (webpack-internal:///(app-pages-browser)/./node_modules/next/dist/client/components/render-from-template-context.js:16:44)
    at OuterLayoutRouter (webpack-internal:///(app-pages-browser)/./node_modules/next/dist/client/components/layout-router.js:370:11)
    at InnerLayoutRouter (webpack-internal:///(app-pages-browser)/./node_modules/next/dist/client/components/layout-router.js:243:11)
    at RedirectErrorBoundary (webpack-internal:///(app-pages-browser)/./node_modules/next/dist/client/components/redirect-boundary.js:74:9)
    at RedirectBoundary (webpack-internal:///(app-pages-browser)/./node_modules/next/dist/client/components/redirect-boundary.js:82:11)
    at NotFoundBoundary (webpack-internal:///(app-pages-browser)/./node_modules/next/dist/client/components/not-found-boundary.js:84:11)
    at LoadingBoundary (webpack-internal:///(app-pages-browser)/./node_modules/next/dist/client/components/layout-router.js:349:11)
    at ErrorBoundary (webpack-internal:///(app-pages-browser)/./node_modules/next/dist/client/components/error-boundary.js:160:11)
    at InnerScrollAndFocusHandler (webpack-internal:///(app-pages-browser)/./node_modules/next/dist/client/components/layout-router.js:153:9)
    at ScrollAndFocusHandler (webpack-internal:///(app-pages-browser)/./node_modules/next/dist/client/components/layout-router.js:228:11)
    at RenderFromTemplateContext (webpack-internal:///(app-pages-browser)/./node_modules/next/dist/client/components/render-from-template-context.js:16:44)
    at OuterLayoutRouter (webpack-internal:///(app-pages-browser)/./node_modules/next/dist/client/components/layout-router.js:370:11)
    at InnerLayoutRouter (webpack-internal:///(app-pages-browser)/./node_modules/next/dist/client/components/layout-router.js:243:11)
    at RedirectErrorBoundary (webpack-internal:///(app-pages-browser)/./node_modules/next/dist/client/components/redirect-boundary.js:74:9)
    at RedirectBoundary (webpack-internal:///(app-pages-browser)/./node_modules/next/dist/client/components/redirect-boundary.js:82:11)
    at NotFoundErrorBoundary (webpack-internal:///(app-pages-browser)/./node_modules/next/dist/client/components/not-found-boundary.js:76:9)
    at NotFoundBoundary (webpack-internal:///(app-pages-browser)/./node_modules/next/dist/client/components/not-found-boundary.js:84:11)
    at LoadingBoundary (webpack-internal:///(app-pages-browser)/./node_modules/next/dist/client/components/layout-router.js:349:11)
    at ErrorBoundaryHandler (webpack-internal:///(app-pages-browser)/./node_modules/next/dist/client/components/error-boundary.js:113:9)
    at ErrorBoundary (webpack-internal:///(app-pages-browser)/./node_modules/next/dist/client/components/error-boundary.js:160:11)
    at InnerScrollAndFocusHandler (webpack-internal:///(app-pages-browser)/./node_modules/next/dist/client/components/layout-router.js:153:9)
    at ScrollAndFocusHandler (webpack-internal:///(app-pages-browser)/./node_modules/next/dist/client/components/layout-router.js:228:11)
    at RenderFromTemplateContext (webpack-internal:///(app-pages-browser)/./node_modules/next/dist/client/components/render-from-template-context.js:16:44)
    at OuterLayoutRouter (webpack-internal:///(app-pages-browser)/./node_modules/next/dist/client/components/layout-router.js:370:11)
    at div
    at InnerLayoutRouter (webpack-internal:///(app-pages-browser)/./node_modules/next/dist/client/components/layout-router.js:243:11)
    at RedirectErrorBoundary (webpack-internal:///(app-pages-browser)/./node_modules/next/dist/client/components/redirect-boundary.js:74:9)
    at RedirectBoundary (webpack-internal:///(app-pages-browser)/./node_modules/next/dist/client/components/redirect-boundary.js:82:11)
    at NotFoundErrorBoundary (webpack-internal:///(app-pages-browser)/./node_modules/next/dist/client/components/not-found-boundary.js:76:9)
    at NotFoundBoundary (webpack-internal:///(app-pages-browser)/./node_modules/next/dist/client/components/not-found-boundary.js:84:11)
    at LoadingBoundary (webpack-internal:///(app-pages-browser)/./node_modules/next/dist/client/components/layout-router.js:349:11)
    at ErrorBoundary (webpack-internal:///(app-pages-browser)/./node_modules/next/dist/client/components/error-boundary.js:160:11)
    at InnerScrollAndFocusHandler (webpack-internal:///(app-pages-browser)/./node_modules/next/dist/client/components/layout-router.js:153:9)
    at ScrollAndFocusHandler (webpack-internal:///(app-pages-browser)/./node_modules/next/dist/client/components/layout-router.js:228:11)
    at RenderFromTemplateContext (webpack-internal:///(app-pages-browser)/./node_modules/next/dist/client/components/render-from-template-context.js:16:44)
    at OuterLayoutRouter (webpack-internal:///(app-pages-browser)/./node_modules/next/dist/client/components/layout-router.js:370:11)
    at __experimental_CheckoutProvider (webpack-internal:///(app-pages-browser)/./node_modules/@clerk/shared/dist/runtime/react/index.mjs:136:44)
    at SWRConfig (webpack-internal:///(app-pages-browser)/./node_modules/swr/dist/_internal/config-context-client-BoS53ST9.mjs:554:13)
    at SWRConfigCompat (webpack-internal:///(app-pages-browser)/./node_modules/@clerk/shared/dist/runtime/react/index.mjs:124:28)
    at OrganizationProvider (webpack-internal:///(app-pages-browser)/./node_modules/@clerk/shared/dist/runtime/react/index.mjs:148:33)
    at ClerkContextProvider (webpack-internal:///(app-pages-browser)/./node_modules/@clerk/clerk-react/dist/index.mjs:1849:11)
    at ClerkProviderBase (webpack-internal:///(app-pages-browser)/./node_modules/@clerk/clerk-react/dist/index.mjs:1941:11)
    at Hoc (webpack-internal:///(app-pages-browser)/./node_modules/@clerk/clerk-react/dist/chunk-THNCS7QR.mjs:84:5)
    at ClerkNextOptionsProvider (webpack-internal:///(app-pages-browser)/./node_modules/@clerk/nextjs/dist/esm/client-boundary/NextOptionsContext.js:17:11)
    at NextClientClerkProvider (webpack-internal:///(app-pages-browser)/./node_modules/@clerk/nextjs/dist/esm/app-router/client/ClerkProvider.js:62:13)
    at ClientClerkProvider (webpack-internal:///(app-pages-browser)/./node_modules/@clerk/nextjs/dist/esm/app-router/client/ClerkProvider.js:135:13)
    at ClerkProvider (Server)
    at body
    at html
    at RootLayout (Server)
    at RedirectErrorBoundary (webpack-internal:///(app-pages-browser)/./node_modules/next/dist/client/components/redirect-boundary.js:74:9)
    at RedirectBoundary (webpack-internal:///(app-pages-browser)/./node_modules/next/dist/client/components/redirect-boundary.js:82:11)
    at NotFoundErrorBoundary (webpack-internal:///(app-pages-browser)/./node_modules/next/dist/client/components/not-found-boundary.js:76:9)
    at NotFoundBoundary (webpack-internal:///(app-pages-browser)/./node_modules/next/dist/client/components/not-found-boundary.js:84:11)
    at DevRootNotFoundBoundary (webpack-internal:///(app-pages-browser)/./node_modules/next/dist/client/components/dev-root-not-found-boundary.js:33:11)
    at ReactDevOverlay (webpack-internal:///(app-pages-browser)/./node_modules/next/dist/client/components/react-dev-overlay/app/ReactDevOverlay.js:87:9)
    at HotReload (webpack-internal:///(app-pages-browser)/./node_modules/next/dist/client/components/react-dev-overlay/app/hot-reloader-client.js:321:11)
    at Router (webpack-internal:///(app-pages-browser)/./node_modules/next/dist/client/components/app-router.js:207:11)
    at ErrorBoundaryHandler (webpack-internal:///(app-pages-browser)/./node_modules/next/dist/client/components/error-boundary.js:113:9)
    at ErrorBoundary (webpack-internal:///(app-pages-browser)/./node_modules/next/dist/client/components/error-boundary.js:160:11)
    at AppRouter (webpack-internal:///(app-pages-browser)/./node_modules/next/dist/client/components/app-router.js:585:13)
    at ServerRoot (webpack-internal:///(app-pages-browser)/./node_modules/next/dist/client/app-index.js:112:27)
    at Root (webpack-internal:///(app-pages-browser)/./node_modules/next/dist/client/app-index.js:117:11) @ webpack-internal:///(app-pages-browser)/./node_modules/next/dist/client/app-index.js:32
[ 1220576ms] [ERROR] Warning: %s a style property during rerender (%s) when a conflicting property is set (%s) can lead to styling bugs. To avoid this, don't mix shorthand and non-shorthand properties for the same value; instead, replace the shorthand with separate values.%s Updating animation animationDelay 
    at div
    at section
    at AnimatedHero (webpack-internal:///(app-pages-browser)/./src/app/redesign/guides/[guideId]/_components/AnimatedHero.tsx:33:11)
    at GuidePage (Server)
    at InnerLayoutRouter (webpack-internal:///(app-pages-browser)/./node_modules/next/dist/client/components/layout-router.js:243:11)
    at RedirectErrorBoundary (webpack-internal:///(app-pages-browser)/./node_modules/next/dist/client/components/redirect-boundary.js:74:9)
    at RedirectBoundary (webpack-internal:///(app-pages-browser)/./node_modules/next/dist/client/components/redirect-boundary.js:82:11)
    at NotFoundBoundary (webpack-internal:///(app-pages-browser)/./node_modules/next/dist/client/components/not-found-boundary.js:84:11)
    at LoadingBoundary (webpack-internal:///(app-pages-browser)/./node_modules/next/dist/client/components/layout-router.js:349:11)
    at ErrorBoundary (webpack-internal:///(app-pages-browser)/./node_modules/next/dist/client/components/error-boundary.js:160:11)
    at InnerScrollAndFocusHandler (webpack-internal:///(app-pages-browser)/./node_modules/next/dist/client/components/layout-router.js:153:9)
    at ScrollAndFocusHandler (webpack-internal:///(app-pages-browser)/./node_modules/next/dist/client/components/layout-router.js:228:11)
    at RenderFromTemplateContext (webpack-internal:///(app-pages-browser)/./node_modules/next/dist/client/components/render-from-template-context.js:16:44)
    at OuterLayoutRouter (webpack-internal:///(app-pages-browser)/./node_modules/next/dist/client/components/layout-router.js:370:11)
    at InnerLayoutRouter (webpack-internal:///(app-pages-browser)/./node_modules/next/dist/client/components/layout-router.js:243:11)
    at RedirectErrorBoundary (webpack-internal:///(app-pages-browser)/./node_modules/next/dist/client/components/redirect-boundary.js:74:9)
    at RedirectBoundary (webpack-internal:///(app-pages-browser)/./node_modules/next/dist/client/components/redirect-boundary.js:82:11)
    at NotFoundBoundary (webpack-internal:///(app-pages-browser)/./node_modules/next/dist/client/components/not-found-boundary.js:84:11)
    at LoadingBoundary (webpack-internal:///(app-pages-browser)/./node_modules/next/dist/client/components/layout-router.js:349:11)
    at ErrorBoundary (webpack-internal:///(app-pages-browser)/./node_modules/next/dist/client/components/error-boundary.js:160:11)
    at InnerScrollAndFocusHandler (webpack-internal:///(app-pages-browser)/./node_modules/next/dist/client/components/layout-router.js:153:9)
    at ScrollAndFocusHandler (webpack-internal:///(app-pages-browser)/./node_modules/next/dist/client/components/layout-router.js:228:11)
    at RenderFromTemplateContext (webpack-internal:///(app-pages-browser)/./node_modules/next/dist/client/components/render-from-template-context.js:16:44)
    at OuterLayoutRouter (webpack-internal:///(app-pages-browser)/./node_modules/next/dist/client/components/layout-router.js:370:11)
    at InnerLayoutRouter (webpack-internal:///(app-pages-browser)/./node_modules/next/dist/client/components/layout-router.js:243:11)
    at RedirectErrorBoundary (webpack-internal:///(app-pages-browser)/./node_modules/next/dist/client/components/redirect-boundary.js:74:9)
    at RedirectBoundary (webpack-internal:///(app-pages-browser)/./node_modules/next/dist/client/components/redirect-boundary.js:82:11)
    at NotFoundErrorBoundary (webpack-internal:///(app-pages-browser)/./node_modules/next/dist/client/components/not-found-boundary.js:76:9)
    at NotFoundBoundary (webpack-internal:///(app-pages-browser)/./node_modules/next/dist/client/components/not-found-boundary.js:84:11)
    at LoadingBoundary (webpack-internal:///(app-pages-browser)/./node_modules/next/dist/client/components/layout-router.js:349:11)
    at ErrorBoundaryHandler (webpack-internal:///(app-pages-browser)/./node_modules/next/dist/client/components/error-boundary.js:113:9)
    at ErrorBoundary (webpack-internal:///(app-pages-browser)/./node_modules/next/dist/client/components/error-boundary.js:160:11)
    at InnerScrollAndFocusHandler (webpack-internal:///(app-pages-browser)/./node_modules/next/dist/client/components/layout-router.js:153:9)
    at ScrollAndFocusHandler (webpack-internal:///(app-pages-browser)/./node_modules/next/dist/client/components/layout-router.js:228:11)
    at RenderFromTemplateContext (webpack-internal:///(app-pages-browser)/./node_modules/next/dist/client/components/render-from-template-context.js:16:44)
    at OuterLayoutRouter (webpack-internal:///(app-pages-browser)/./node_modules/next/dist/client/components/layout-router.js:370:11)
    at div
    at InnerLayoutRouter (webpack-internal:///(app-pages-browser)/./node_modules/next/dist/client/components/layout-router.js:243:11)
    at RedirectErrorBoundary (webpack-internal:///(app-pages-browser)/./node_modules/next/dist/client/components/redirect-boundary.js:74:9)
    at RedirectBoundary (webpack-internal:///(app-pages-browser)/./node_modules/next/dist/client/components/redirect-boundary.js:82:11)
    at NotFoundErrorBoundary (webpack-internal:///(app-pages-browser)/./node_modules/next/dist/client/components/not-found-boundary.js:76:9)
    at NotFoundBoundary (webpack-internal:///(app-pages-browser)/./node_modules/next/dist/client/components/not-found-boundary.js:84:11)
    at LoadingBoundary (webpack-internal:///(app-pages-browser)/./node_modules/next/dist/client/components/layout-router.js:349:11)
    at ErrorBoundary (webpack-internal:///(app-pages-browser)/./node_modules/next/dist/client/components/error-boundary.js:160:11)
    at InnerScrollAndFocusHandler (webpack-internal:///(app-pages-browser)/./node_modules/next/dist/client/components/layout-router.js:153:9)
    at ScrollAndFocusHandler (webpack-internal:///(app-pages-browser)/./node_modules/next/dist/client/components/layout-router.js:228:11)
    at RenderFromTemplateContext (webpack-internal:///(app-pages-browser)/./node_modules/next/dist/client/components/render-from-template-context.js:16:44)
    at OuterLayoutRouter (webpack-internal:///(app-pages-browser)/./node_modules/next/dist/client/components/layout-router.js:370:11)
    at __experimental_CheckoutProvider (webpack-internal:///(app-pages-browser)/./node_modules/@clerk/shared/dist/runtime/react/index.mjs:136:44)
    at SWRConfig (webpack-internal:///(app-pages-browser)/./node_modules/swr/dist/_internal/config-context-client-BoS53ST9.mjs:554:13)
    at SWRConfigCompat (webpack-internal:///(app-pages-browser)/./node_modules/@clerk/shared/dist/runtime/react/index.mjs:124:28)
    at OrganizationProvider (webpack-internal:///(app-pages-browser)/./node_modules/@clerk/shared/dist/runtime/react/index.mjs:148:33)
    at ClerkContextProvider (webpack-internal:///(app-pages-browser)/./node_modules/@clerk/clerk-react/dist/index.mjs:1849:11)
    at ClerkProviderBase (webpack-internal:///(app-pages-browser)/./node_modules/@clerk/clerk-react/dist/index.mjs:1941:11)
    at Hoc (webpack-internal:///(app-pages-browser)/./node_modules/@clerk/clerk-react/dist/chunk-THNCS7QR.mjs:84:5)
    at ClerkNextOptionsProvider (webpack-internal:///(app-pages-browser)/./node_modules/@clerk/nextjs/dist/esm/client-boundary/NextOptionsContext.js:17:11)
    at NextClientClerkProvider (webpack-internal:///(app-pages-browser)/./node_modules/@clerk/nextjs/dist/esm/app-router/client/ClerkProvider.js:62:13)
    at ClientClerkProvider (webpack-internal:///(app-pages-browser)/./node_modules/@clerk/nextjs/dist/esm/app-router/client/ClerkProvider.js:135:13)
    at ClerkProvider (Server)
    at body
    at html
    at RootLayout (Server)
    at RedirectErrorBoundary (webpack-internal:///(app-pages-browser)/./node_modules/next/dist/client/components/redirect-boundary.js:74:9)
    at RedirectBoundary (webpack-internal:///(app-pages-browser)/./node_modules/next/dist/client/components/redirect-boundary.js:82:11)
    at NotFoundErrorBoundary (webpack-internal:///(app-pages-browser)/./node_modules/next/dist/client/components/not-found-boundary.js:76:9)
    at NotFoundBoundary (webpack-internal:///(app-pages-browser)/./node_modules/next/dist/client/components/not-found-boundary.js:84:11)
    at DevRootNotFoundBoundary (webpack-internal:///(app-pages-browser)/./node_modules/next/dist/client/components/dev-root-not-found-boundary.js:33:11)
    at ReactDevOverlay (webpack-internal:///(app-pages-browser)/./node_modules/next/dist/client/components/react-dev-overlay/app/ReactDevOverlay.js:87:9)
    at HotReload (webpack-internal:///(app-pages-browser)/./node_modules/next/dist/client/components/react-dev-overlay/app/hot-reloader-client.js:321:11)
    at Router (webpack-internal:///(app-pages-browser)/./node_modules/next/dist/client/components/app-router.js:207:11)
    at ErrorBoundaryHandler (webpack-internal:///(app-pages-browser)/./node_modules/next/dist/client/components/error-boundary.js:113:9)
    at ErrorBoundary (webpack-internal:///(app-pages-browser)/./node_modules/next/dist/client/components/error-boundary.js:160:11)
    at AppRouter (webpack-internal:///(app-pages-browser)/./node_modules/next/dist/client/components/app-router.js:585:13)
    at ServerRoot (webpack-internal:///(app-pages-browser)/./node_modules/next/dist/client/app-index.js:112:27)
    at Root (webpack-internal:///(app-pages-browser)/./node_modules/next/dist/client/app-index.js:117:11) @ webpack-internal:///(app-pages-browser)/./node_modules/next/dist/client/app-index.js:32
[ 1220577ms] [ERROR] Warning: %s a style property during rerender (%s) when a conflicting property is set (%s) can lead to styling bugs. To avoid this, don't mix shorthand and non-shorthand properties for the same value; instead, replace the shorthand with separate values.%s Updating animation animationDelay 
    at div
    at section
    at AnimatedHero (webpack-internal:///(app-pages-browser)/./src/app/redesign/guides/[guideId]/_components/AnimatedHero.tsx:33:11)
    at GuidePage (Server)
    at InnerLayoutRouter (webpack-internal:///(app-pages-browser)/./node_modules/next/dist/client/components/layout-router.js:243:11)
    at RedirectErrorBoundary (webpack-internal:///(app-pages-browser)/./node_modules/next/dist/client/components/redirect-boundary.js:74:9)
    at RedirectBoundary (webpack-internal:///(app-pages-browser)/./node_modules/next/dist/client/components/redirect-boundary.js:82:11)
    at NotFoundBoundary (webpack-internal:///(app-pages-browser)/./node_modules/next/dist/client/components/not-found-boundary.js:84:11)
    at LoadingBoundary (webpack-internal:///(app-pages-browser)/./node_modules/next/dist/client/components/layout-router.js:349:11)
    at ErrorBoundary (webpack-internal:///(app-pages-browser)/./node_modules/next/dist/client/components/error-boundary.js:160:11)
    at InnerScrollAndFocusHandler (webpack-internal:///(app-pages-browser)/./node_modules/next/dist/client/components/layout-router.js:153:9)
    at ScrollAndFocusHandler (webpack-internal:///(app-pages-browser)/./node_modules/next/dist/client/components/layout-router.js:228:11)
    at RenderFromTemplateContext (webpack-internal:///(app-pages-browser)/./node_modules/next/dist/client/components/render-from-template-context.js:16:44)
    at OuterLayoutRouter (webpack-internal:///(app-pages-browser)/./node_modules/next/dist/client/components/layout-router.js:370:11)
    at InnerLayoutRouter (webpack-internal:///(app-pages-browser)/./node_modules/next/dist/client/components/layout-router.js:243:11)
    at RedirectErrorBoundary (webpack-internal:///(app-pages-browser)/./node_modules/next/dist/client/components/redirect-boundary.js:74:9)
    at RedirectBoundary (webpack-internal:///(app-pages-browser)/./node_modules/next/dist/client/components/redirect-boundary.js:82:11)
    at NotFoundBoundary (webpack-internal:///(app-pages-browser)/./node_modules/next/dist/client/components/not-found-boundary.js:84:11)
    at LoadingBoundary (webpack-internal:///(app-pages-browser)/./node_modules/next/dist/client/components/layout-router.js:349:11)
    at ErrorBoundary (webpack-internal:///(app-pages-browser)/./node_modules/next/dist/client/components/error-boundary.js:160:11)
    at InnerScrollAndFocusHandler (webpack-internal:///(app-pages-browser)/./node_modules/next/dist/client/components/layout-router.js:153:9)
    at ScrollAndFocusHandler (webpack-internal:///(app-pages-browser)/./node_modules/next/dist/client/components/layout-router.js:228:11)
    at RenderFromTemplateContext (webpack-internal:///(app-pages-browser)/./node_modules/next/dist/client/components/render-from-template-context.js:16:44)
    at OuterLayoutRouter (webpack-internal:///(app-pages-browser)/./node_modules/next/dist/client/components/layout-router.js:370:11)
    at InnerLayoutRouter (webpack-internal:///(app-pages-browser)/./node_modules/next/dist/client/components/layout-router.js:243:11)
    at RedirectErrorBoundary (webpack-internal:///(app-pages-browser)/./node_modules/next/dist/client/components/redirect-boundary.js:74:9)
    at RedirectBoundary (webpack-internal:///(app-pages-browser)/./node_modules/next/dist/client/components/redirect-boundary.js:82:11)
    at NotFoundErrorBoundary (webpack-internal:///(app-pages-browser)/./node_modules/next/dist/client/components/not-found-boundary.js:76:9)
    at NotFoundBoundary (webpack-internal:///(app-pages-browser)/./node_modules/next/dist/client/components/not-found-boundary.js:84:11)
    at LoadingBoundary (webpack-internal:///(app-pages-browser)/./node_modules/next/dist/client/components/layout-router.js:349:11)
    at ErrorBoundaryHandler (webpack-internal:///(app-pages-browser)/./node_modules/next/dist/client/components/error-boundary.js:113:9)
    at ErrorBoundary (webpack-internal:///(app-pages-browser)/./node_modules/next/dist/client/components/error-boundary.js:160:11)
    at InnerScrollAndFocusHandler (webpack-internal:///(app-pages-browser)/./node_modules/next/dist/client/components/layout-router.js:153:9)
    at ScrollAndFocusHandler (webpack-internal:///(app-pages-browser)/./node_modules/next/dist/client/components/layout-router.js:228:11)
    at RenderFromTemplateContext (webpack-internal:///(app-pages-browser)/./node_modules/next/dist/client/components/render-from-template-context.js:16:44)
    at OuterLayoutRouter (webpack-internal:///(app-pages-browser)/./node_modules/next/dist/client/components/layout-router.js:370:11)
    at div
    at InnerLayoutRouter (webpack-internal:///(app-pages-browser)/./node_modules/next/dist/client/components/layout-router.js:243:11)
    at RedirectErrorBoundary (webpack-internal:///(app-pages-browser)/./node_modules/next/dist/client/components/redirect-boundary.js:74:9)
    at RedirectBoundary (webpack-internal:///(app-pages-browser)/./node_modules/next/dist/client/components/redirect-boundary.js:82:11)
    at NotFoundErrorBoundary (webpack-internal:///(app-pages-browser)/./node_modules/next/dist/client/components/not-found-boundary.js:76:9)
    at NotFoundBoundary (webpack-internal:///(app-pages-browser)/./node_modules/next/dist/client/components/not-found-boundary.js:84:11)
    at LoadingBoundary (webpack-internal:///(app-pages-browser)/./node_modules/next/dist/client/components/layout-router.js:349:11)
    at ErrorBoundary (webpack-internal:///(app-pages-browser)/./node_modules/next/dist/client/components/error-boundary.js:160:11)
    at InnerScrollAndFocusHandler (webpack-internal:///(app-pages-browser)/./node_modules/next/dist/client/components/layout-router.js:153:9)
    at ScrollAndFocusHandler (webpack-internal:///(app-pages-browser)/./node_modules/next/dist/client/components/layout-router.js:228:11)
    at RenderFromTemplateContext (webpack-internal:///(app-pages-browser)/./node_modules/next/dist/client/components/render-from-template-context.js:16:44)
    at OuterLayoutRouter (webpack-internal:///(app-pages-browser)/./node_modules/next/dist/client/components/layout-router.js:370:11)
    at __experimental_CheckoutProvider (webpack-internal:///(app-pages-browser)/./node_modules/@clerk/shared/dist/runtime/react/index.mjs:136:44)
    at SWRConfig (webpack-internal:///(app-pages-browser)/./node_modules/swr/dist/_internal/config-context-client-BoS53ST9.mjs:554:13)
    at SWRConfigCompat (webpack-internal:///(app-pages-browser)/./node_modules/@clerk/shared/dist/runtime/react/index.mjs:124:28)
    at OrganizationProvider (webpack-internal:///(app-pages-browser)/./node_modules/@clerk/shared/dist/runtime/react/index.mjs:148:33)
    at ClerkContextProvider (webpack-internal:///(app-pages-browser)/./node_modules/@clerk/clerk-react/dist/index.mjs:1849:11)
    at ClerkProviderBase (webpack-internal:///(app-pages-browser)/./node_modules/@clerk/clerk-react/dist/index.mjs:1941:11)
    at Hoc (webpack-internal:///(app-pages-browser)/./node_modules/@clerk/clerk-react/dist/chunk-THNCS7QR.mjs:84:5)
    at ClerkNextOptionsProvider (webpack-internal:///(app-pages-browser)/./node_modules/@clerk/nextjs/dist/esm/client-boundary/NextOptionsContext.js:17:11)
    at NextClientClerkProvider (webpack-internal:///(app-pages-browser)/./node_modules/@clerk/nextjs/dist/esm/app-router/client/ClerkProvider.js:62:13)
    at ClientClerkProvider (webpack-internal:///(app-pages-browser)/./node_modules/@clerk/nextjs/dist/esm/app-router/client/ClerkProvider.js:135:13)
    at ClerkProvider (Server)
    at body
    at html
    at RootLayout (Server)
    at RedirectErrorBoundary (webpack-internal:///(app-pages-browser)/./node_modules/next/dist/client/components/redirect-boundary.js:74:9)
    at RedirectBoundary (webpack-internal:///(app-pages-browser)/./node_modules/next/dist/client/components/redirect-boundary.js:82:11)
    at NotFoundErrorBoundary (webpack-internal:///(app-pages-browser)/./node_modules/next/dist/client/components/not-found-boundary.js:76:9)
    at NotFoundBoundary (webpack-internal:///(app-pages-browser)/./node_modules/next/dist/client/components/not-found-boundary.js:84:11)
    at DevRootNotFoundBoundary (webpack-internal:///(app-pages-browser)/./node_modules/next/dist/client/components/dev-root-not-found-boundary.js:33:11)
    at ReactDevOverlay (webpack-internal:///(app-pages-browser)/./node_modules/next/dist/client/components/react-dev-overlay/app/ReactDevOverlay.js:87:9)
    at HotReload (webpack-internal:///(app-pages-browser)/./node_modules/next/dist/client/components/react-dev-overlay/app/hot-reloader-client.js:321:11)
    at Router (webpack-internal:///(app-pages-browser)/./node_modules/next/dist/client/components/app-router.js:207:11)
    at ErrorBoundaryHandler (webpack-internal:///(app-pages-browser)/./node_modules/next/dist/client/components/error-boundary.js:113:9)
    at ErrorBoundary (webpack-internal:///(app-pages-browser)/./node_modules/next/dist/client/components/error-boundary.js:160:11)
    at AppRouter (webpack-internal:///(app-pages-browser)/./node_modules/next/dist/client/components/app-router.js:585:13)
    at ServerRoot (webpack-internal:///(app-pages-browser)/./node_modules/next/dist/client/app-index.js:112:27)
    at Root (webpack-internal:///(app-pages-browser)/./node_modules/next/dist/client/app-index.js:117:11) @ webpack-internal:///(app-pages-browser)/./node_modules/next/dist/client/app-index.js:32
[ 1220578ms] [ERROR] Warning: %s a style property during rerender (%s) when a conflicting property is set (%s) can lead to styling bugs. To avoid this, don't mix shorthand and non-shorthand properties for the same value; instead, replace the shorthand with separate values.%s Updating animation animationDelay 
    at div
    at section
    at AnimatedHero (webpack-internal:///(app-pages-browser)/./src/app/redesign/guides/[guideId]/_components/AnimatedHero.tsx:33:11)
    at GuidePage (Server)
    at InnerLayoutRouter (webpack-internal:///(app-pages-browser)/./node_modules/next/dist/client/components/layout-router.js:243:11)
    at RedirectErrorBoundary (webpack-internal:///(app-pages-browser)/./node_modules/next/dist/client/components/redirect-boundary.js:74:9)
    at RedirectBoundary (webpack-internal:///(app-pages-browser)/./node_modules/next/dist/client/components/redirect-boundary.js:82:11)
    at NotFoundBoundary (webpack-internal:///(app-pages-browser)/./node_modules/next/dist/client/components/not-found-boundary.js:84:11)
    at LoadingBoundary (webpack-internal:///(app-pages-browser)/./node_modules/next/dist/client/components/layout-router.js:349:11)
    at ErrorBoundary (webpack-internal:///(app-pages-browser)/./node_modules/next/dist/client/components/error-boundary.js:160:11)
    at InnerScrollAndFocusHandler (webpack-internal:///(app-pages-browser)/./node_modules/next/dist/client/components/layout-router.js:153:9)
    at ScrollAndFocusHandler (webpack-internal:///(app-pages-browser)/./node_modules/next/dist/client/components/layout-router.js:228:11)
    at RenderFromTemplateContext (webpack-internal:///(app-pages-browser)/./node_modules/next/dist/client/components/render-from-template-context.js:16:44)
    at OuterLayoutRouter (webpack-internal:///(app-pages-browser)/./node_modules/next/dist/client/components/layout-router.js:370:11)
    at InnerLayoutRouter (webpack-internal:///(app-pages-browser)/./node_modules/next/dist/client/components/layout-router.js:243:11)
    at RedirectErrorBoundary (webpack-internal:///(app-pages-browser)/./node_modules/next/dist/client/components/redirect-boundary.js:74:9)
    at RedirectBoundary (webpack-internal:///(app-pages-browser)/./node_modules/next/dist/client/components/redirect-boundary.js:82:11)
    at NotFoundBoundary (webpack-internal:///(app-pages-browser)/./node_modules/next/dist/client/components/not-found-boundary.js:84:11)
    at LoadingBoundary (webpack-internal:///(app-pages-browser)/./node_modules/next/dist/client/components/layout-router.js:349:11)
    at ErrorBoundary (webpack-internal:///(app-pages-browser)/./node_modules/next/dist/client/components/error-boundary.js:160:11)
    at InnerScrollAndFocusHandler (webpack-internal:///(app-pages-browser)/./node_modules/next/dist/client/components/layout-router.js:153:9)
    at ScrollAndFocusHandler (webpack-internal:///(app-pages-browser)/./node_modules/next/dist/client/components/layout-router.js:228:11)
    at RenderFromTemplateContext (webpack-internal:///(app-pages-browser)/./node_modules/next/dist/client/components/render-from-template-context.js:16:44)
    at OuterLayoutRouter (webpack-internal:///(app-pages-browser)/./node_modules/next/dist/client/components/layout-router.js:370:11)
    at InnerLayoutRouter (webpack-internal:///(app-pages-browser)/./node_modules/next/dist/client/components/layout-router.js:243:11)
    at RedirectErrorBoundary (webpack-internal:///(app-pages-browser)/./node_modules/next/dist/client/components/redirect-boundary.js:74:9)
    at RedirectBoundary (webpack-internal:///(app-pages-browser)/./node_modules/next/dist/client/components/redirect-boundary.js:82:11)
    at NotFoundErrorBoundary (webpack-internal:///(app-pages-browser)/./node_modules/next/dist/client/components/not-found-boundary.js:76:9)
    at NotFoundBoundary (webpack-internal:///(app-pages-browser)/./node_modules/next/dist/client/components/not-found-boundary.js:84:11)
    at LoadingBoundary (webpack-internal:///(app-pages-browser)/./node_modules/next/dist/client/components/layout-router.js:349:11)
    at ErrorBoundaryHandler (webpack-internal:///(app-pages-browser)/./node_modules/next/dist/client/components/error-boundary.js:113:9)
    at ErrorBoundary (webpack-internal:///(app-pages-browser)/./node_modules/next/dist/client/components/error-boundary.js:160:11)
    at InnerScrollAndFocusHandler (webpack-internal:///(app-pages-browser)/./node_modules/next/dist/client/components/layout-router.js:153:9)
    at ScrollAndFocusHandler (webpack-internal:///(app-pages-browser)/./node_modules/next/dist/client/components/layout-router.js:228:11)
    at RenderFromTemplateContext (webpack-internal:///(app-pages-browser)/./node_modules/next/dist/client/components/render-from-template-context.js:16:44)
    at OuterLayoutRouter (webpack-internal:///(app-pages-browser)/./node_modules/next/dist/client/components/layout-router.js:370:11)
    at div
    at InnerLayoutRouter (webpack-internal:///(app-pages-browser)/./node_modules/next/dist/client/components/layout-router.js:243:11)
    at RedirectErrorBoundary (webpack-internal:///(app-pages-browser)/./node_modules/next/dist/client/components/redirect-boundary.js:74:9)
    at RedirectBoundary (webpack-internal:///(app-pages-browser)/./node_modules/next/dist/client/components/redirect-boundary.js:82:11)
    at NotFoundErrorBoundary (webpack-internal:///(app-pages-browser)/./node_modules/next/dist/client/components/not-found-boundary.js:76:9)
    at NotFoundBoundary (webpack-internal:///(app-pages-browser)/./node_modules/next/dist/client/components/not-found-boundary.js:84:11)
    at LoadingBoundary (webpack-internal:///(app-pages-browser)/./node_modules/next/dist/client/components/layout-router.js:349:11)
    at ErrorBoundary (webpack-internal:///(app-pages-browser)/./node_modules/next/dist/client/components/error-boundary.js:160:11)
    at InnerScrollAndFocusHandler (webpack-internal:///(app-pages-browser)/./node_modules/next/dist/client/components/layout-router.js:153:9)
    at ScrollAndFocusHandler (webpack-internal:///(app-pages-browser)/./node_modules/next/dist/client/components/layout-router.js:228:11)
    at RenderFromTemplateContext (webpack-internal:///(app-pages-browser)/./node_modules/next/dist/client/components/render-from-template-context.js:16:44)
    at OuterLayoutRouter (webpack-internal:///(app-pages-browser)/./node_modules/next/dist/client/components/layout-router.js:370:11)
    at __experimental_CheckoutProvider (webpack-internal:///(app-pages-browser)/./node_modules/@clerk/shared/dist/runtime/react/index.mjs:136:44)
    at SWRConfig (webpack-internal:///(app-pages-browser)/./node_modules/swr/dist/_internal/config-context-client-BoS53ST9.mjs:554:13)
    at SWRConfigCompat (webpack-internal:///(app-pages-browser)/./node_modules/@clerk/shared/dist/runtime/react/index.mjs:124:28)
    at OrganizationProvider (webpack-internal:///(app-pages-browser)/./node_modules/@clerk/shared/dist/runtime/react/index.mjs:148:33)
    at ClerkContextProvider (webpack-internal:///(app-pages-browser)/./node_modules/@clerk/clerk-react/dist/index.mjs:1849:11)
    at ClerkProviderBase (webpack-internal:///(app-pages-browser)/./node_modules/@clerk/clerk-react/dist/index.mjs:1941:11)
    at Hoc (webpack-internal:///(app-pages-browser)/./node_modules/@clerk/clerk-react/dist/chunk-THNCS7QR.mjs:84:5)
    at ClerkNextOptionsProvider (webpack-internal:///(app-pages-browser)/./node_modules/@clerk/nextjs/dist/esm/client-boundary/NextOptionsContext.js:17:11)
    at NextClientClerkProvider (webpack-internal:///(app-pages-browser)/./node_modules/@clerk/nextjs/dist/esm/app-router/client/ClerkProvider.js:62:13)
    at ClientClerkProvider (webpack-internal:///(app-pages-browser)/./node_modules/@clerk/nextjs/dist/esm/app-router/client/ClerkProvider.js:135:13)
    at ClerkProvider (Server)
    at body
    at html
    at RootLayout (Server)
    at RedirectErrorBoundary (webpack-internal:///(app-pages-browser)/./node_modules/next/dist/client/components/redirect-boundary.js:74:9)
    at RedirectBoundary (webpack-internal:///(app-pages-browser)/./node_modules/next/dist/client/components/redirect-boundary.js:82:11)
    at NotFoundErrorBoundary (webpack-internal:///(app-pages-browser)/./node_modules/next/dist/client/components/not-found-boundary.js:76:9)
    at NotFoundBoundary (webpack-internal:///(app-pages-browser)/./node_modules/next/dist/client/components/not-found-boundary.js:84:11)
    at DevRootNotFoundBoundary (webpack-internal:///(app-pages-browser)/./node_modules/next/dist/client/components/dev-root-not-found-boundary.js:33:11)
    at ReactDevOverlay (webpack-internal:///(app-pages-browser)/./node_modules/next/dist/client/components/react-dev-overlay/app/ReactDevOverlay.js:87:9)
    at HotReload (webpack-internal:///(app-pages-browser)/./node_modules/next/dist/client/components/react-dev-overlay/app/hot-reloader-client.js:321:11)
    at Router (webpack-internal:///(app-pages-browser)/./node_modules/next/dist/client/components/app-router.js:207:11)
    at ErrorBoundaryHandler (webpack-internal:///(app-pages-browser)/./node_modules/next/dist/client/components/error-boundary.js:113:9)
    at ErrorBoundary (webpack-internal:///(app-pages-browser)/./node_modules/next/dist/client/components/error-boundary.js:160:11)
    at AppRouter (webpack-internal:///(app-pages-browser)/./node_modules/next/dist/client/components/app-router.js:585:13)
    at ServerRoot (webpack-internal:///(app-pages-browser)/./node_modules/next/dist/client/app-index.js:112:27)
    at Root (webpack-internal:///(app-pages-browser)/./node_modules/next/dist/client/app-index.js:117:11) @ webpack-internal:///(app-pages-browser)/./node_modules/next/dist/client/app-index.js:32
[ 1220579ms] [ERROR] Warning: %s a style property during rerender (%s) when a conflicting property is set (%s) can lead to styling bugs. To avoid this, don't mix shorthand and non-shorthand properties for the same value; instead, replace the shorthand with separate values.%s Updating animation animationDelay 
    at div
    at section
    at AnimatedHero (webpack-internal:///(app-pages-browser)/./src/app/redesign/guides/[guideId]/_components/AnimatedHero.tsx:33:11)
    at GuidePage (Server)
    at InnerLayoutRouter (webpack-internal:///(app-pages-browser)/./node_modules/next/dist/client/components/layout-router.js:243:11)
    at RedirectErrorBoundary (webpack-internal:///(app-pages-browser)/./node_modules/next/dist/client/components/redirect-boundary.js:74:9)
    at RedirectBoundary (webpack-internal:///(app-pages-browser)/./node_modules/next/dist/client/components/redirect-boundary.js:82:11)
    at NotFoundBoundary (webpack-internal:///(app-pages-browser)/./node_modules/next/dist/client/components/not-found-boundary.js:84:11)
    at LoadingBoundary (webpack-internal:///(app-pages-browser)/./node_modules/next/dist/client/components/layout-router.js:349:11)
    at ErrorBoundary (webpack-internal:///(app-pages-browser)/./node_modules/next/dist/client/components/error-boundary.js:160:11)
    at InnerScrollAndFocusHandler (webpack-internal:///(app-pages-browser)/./node_modules/next/dist/client/components/layout-router.js:153:9)
    at ScrollAndFocusHandler (webpack-internal:///(app-pages-browser)/./node_modules/next/dist/client/components/layout-router.js:228:11)
    at RenderFromTemplateContext (webpack-internal:///(app-pages-browser)/./node_modules/next/dist/client/components/render-from-template-context.js:16:44)
    at OuterLayoutRouter (webpack-internal:///(app-pages-browser)/./node_modules/next/dist/client/components/layout-router.js:370:11)
    at InnerLayoutRouter (webpack-internal:///(app-pages-browser)/./node_modules/next/dist/client/components/layout-router.js:243:11)
    at RedirectErrorBoundary (webpack-internal:///(app-pages-browser)/./node_modules/next/dist/client/components/redirect-boundary.js:74:9)
    at RedirectBoundary (webpack-internal:///(app-pages-browser)/./node_modules/next/dist/client/components/redirect-boundary.js:82:11)
    at NotFoundBoundary (webpack-internal:///(app-pages-browser)/./node_modules/next/dist/client/components/not-found-boundary.js:84:11)
    at LoadingBoundary (webpack-internal:///(app-pages-browser)/./node_modules/next/dist/client/components/layout-router.js:349:11)
    at ErrorBoundary (webpack-internal:///(app-pages-browser)/./node_modules/next/dist/client/components/error-boundary.js:160:11)
    at InnerScrollAndFocusHandler (webpack-internal:///(app-pages-browser)/./node_modules/next/dist/client/components/layout-router.js:153:9)
    at ScrollAndFocusHandler (webpack-internal:///(app-pages-browser)/./node_modules/next/dist/client/components/layout-router.js:228:11)
    at RenderFromTemplateContext (webpack-internal:///(app-pages-browser)/./node_modules/next/dist/client/components/render-from-template-context.js:16:44)
    at OuterLayoutRouter (webpack-internal:///(app-pages-browser)/./node_modules/next/dist/client/components/layout-router.js:370:11)
    at InnerLayoutRouter (webpack-internal:///(app-pages-browser)/./node_modules/next/dist/client/components/layout-router.js:243:11)
    at RedirectErrorBoundary (webpack-internal:///(app-pages-browser)/./node_modules/next/dist/client/components/redirect-boundary.js:74:9)
    at RedirectBoundary (webpack-internal:///(app-pages-browser)/./node_modules/next/dist/client/components/redirect-boundary.js:82:11)
    at NotFoundErrorBoundary (webpack-internal:///(app-pages-browser)/./node_modules/next/dist/client/components/not-found-boundary.js:76:9)
    at NotFoundBoundary (webpack-internal:///(app-pages-browser)/./node_modules/next/dist/client/components/not-found-boundary.js:84:11)
    at LoadingBoundary (webpack-internal:///(app-pages-browser)/./node_modules/next/dist/client/components/layout-router.js:349:11)
    at ErrorBoundaryHandler (webpack-internal:///(app-pages-browser)/./node_modules/next/dist/client/components/error-boundary.js:113:9)
    at ErrorBoundary (webpack-internal:///(app-pages-browser)/./node_modules/next/dist/client/components/error-boundary.js:160:11)
    at InnerScrollAndFocusHandler (webpack-internal:///(app-pages-browser)/./node_modules/next/dist/client/components/layout-router.js:153:9)
    at ScrollAndFocusHandler (webpack-internal:///(app-pages-browser)/./node_modules/next/dist/client/components/layout-router.js:228:11)
    at RenderFromTemplateContext (webpack-internal:///(app-pages-browser)/./node_modules/next/dist/client/components/render-from-template-context.js:16:44)
    at OuterLayoutRouter (webpack-internal:///(app-pages-browser)/./node_modules/next/dist/client/components/layout-router.js:370:11)
    at div
    at InnerLayoutRouter (webpack-internal:///(app-pages-browser)/./node_modules/next/dist/client/components/layout-router.js:243:11)
    at RedirectErrorBoundary (webpack-internal:///(app-pages-browser)/./node_modules/next/dist/client/components/redirect-boundary.js:74:9)
    at RedirectBoundary (webpack-internal:///(app-pages-browser)/./node_modules/next/dist/client/components/redirect-boundary.js:82:11)
    at NotFoundErrorBoundary (webpack-internal:///(app-pages-browser)/./node_modules/next/dist/client/components/not-found-boundary.js:76:9)
    at NotFoundBoundary (webpack-internal:///(app-pages-browser)/./node_modules/next/dist/client/components/not-found-boundary.js:84:11)
    at LoadingBoundary (webpack-internal:///(app-pages-browser)/./node_modules/next/dist/client/components/layout-router.js:349:11)
    at ErrorBoundary (webpack-internal:///(app-pages-browser)/./node_modules/next/dist/client/components/error-boundary.js:160:11)
    at InnerScrollAndFocusHandler (webpack-internal:///(app-pages-browser)/./node_modules/next/dist/client/components/layout-router.js:153:9)
    at ScrollAndFocusHandler (webpack-internal:///(app-pages-browser)/./node_modules/next/dist/client/components/layout-router.js:228:11)
    at RenderFromTemplateContext (webpack-internal:///(app-pages-browser)/./node_modules/next/dist/client/components/render-from-template-context.js:16:44)
    at OuterLayoutRouter (webpack-internal:///(app-pages-browser)/./node_modules/next/dist/client/components/layout-router.js:370:11)
    at __experimental_CheckoutProvider (webpack-internal:///(app-pages-browser)/./node_modules/@clerk/shared/dist/runtime/react/index.mjs:136:44)
    at SWRConfig (webpack-internal:///(app-pages-browser)/./node_modules/swr/dist/_internal/config-context-client-BoS53ST9.mjs:554:13)
    at SWRConfigCompat (webpack-internal:///(app-pages-browser)/./node_modules/@clerk/shared/dist/runtime/react/index.mjs:124:28)
    at OrganizationProvider (webpack-internal:///(app-pages-browser)/./node_modules/@clerk/shared/dist/runtime/react/index.mjs:148:33)
    at ClerkContextProvider (webpack-internal:///(app-pages-browser)/./node_modules/@clerk/clerk-react/dist/index.mjs:1849:11)
    at ClerkProviderBase (webpack-internal:///(app-pages-browser)/./node_modules/@clerk/clerk-react/dist/index.mjs:1941:11)
    at Hoc (webpack-internal:///(app-pages-browser)/./node_modules/@clerk/clerk-react/dist/chunk-THNCS7QR.mjs:84:5)
    at ClerkNextOptionsProvider (webpack-internal:///(app-pages-browser)/./node_modules/@clerk/nextjs/dist/esm/client-boundary/NextOptionsContext.js:17:11)
    at NextClientClerkProvider (webpack-internal:///(app-pages-browser)/./node_modules/@clerk/nextjs/dist/esm/app-router/client/ClerkProvider.js:62:13)
    at ClientClerkProvider (webpack-internal:///(app-pages-browser)/./node_modules/@clerk/nextjs/dist/esm/app-router/client/ClerkProvider.js:135:13)
    at ClerkProvider (Server)
    at body
    at html
    at RootLayout (Server)
    at RedirectErrorBoundary (webpack-internal:///(app-pages-browser)/./node_modules/next/dist/client/components/redirect-boundary.js:74:9)
    at RedirectBoundary (webpack-internal:///(app-pages-browser)/./node_modules/next/dist/client/components/redirect-boundary.js:82:11)
    at NotFoundErrorBoundary (webpack-internal:///(app-pages-browser)/./node_modules/next/dist/client/components/not-found-boundary.js:76:9)
    at NotFoundBoundary (webpack-internal:///(app-pages-browser)/./node_modules/next/dist/client/components/not-found-boundary.js:84:11)
    at DevRootNotFoundBoundary (webpack-internal:///(app-pages-browser)/./node_modules/next/dist/client/components/dev-root-not-found-boundary.js:33:11)
    at ReactDevOverlay (webpack-internal:///(app-pages-browser)/./node_modules/next/dist/client/components/react-dev-overlay/app/ReactDevOverlay.js:87:9)
    at HotReload (webpack-internal:///(app-pages-browser)/./node_modules/next/dist/client/components/react-dev-overlay/app/hot-reloader-client.js:321:11)
    at Router (webpack-internal:///(app-pages-browser)/./node_modules/next/dist/client/components/app-router.js:207:11)
    at ErrorBoundaryHandler (webpack-internal:///(app-pages-browser)/./node_modules/next/dist/client/components/error-boundary.js:113:9)
    at ErrorBoundary (webpack-internal:///(app-pages-browser)/./node_modules/next/dist/client/components/error-boundary.js:160:11)
    at AppRouter (webpack-internal:///(app-pages-browser)/./node_modules/next/dist/client/components/app-router.js:585:13)
    at ServerRoot (webpack-internal:///(app-pages-browser)/./node_modules/next/dist/client/app-index.js:112:27)
    at Root (webpack-internal:///(app-pages-browser)/./node_modules/next/dist/client/app-index.js:117:11) @ webpack-internal:///(app-pages-browser)/./node_modules/next/dist/client/app-index.js:32
[ 1220579ms] [ERROR] Warning: %s a style property during rerender (%s) when a conflicting property is set (%s) can lead to styling bugs. To avoid this, don't mix shorthand and non-shorthand properties for the same value; instead, replace the shorthand with separate values.%s Updating animation animationDelay 
    at div
    at section
    at AnimatedHero (webpack-internal:///(app-pages-browser)/./src/app/redesign/guides/[guideId]/_components/AnimatedHero.tsx:33:11)
    at GuidePage (Server)
    at InnerLayoutRouter (webpack-internal:///(app-pages-browser)/./node_modules/next/dist/client/components/layout-router.js:243:11)
    at RedirectErrorBoundary (webpack-internal:///(app-pages-browser)/./node_modules/next/dist/client/components/redirect-boundary.js:74:9)
    at RedirectBoundary (webpack-internal:///(app-pages-browser)/./node_modules/next/dist/client/components/redirect-boundary.js:82:11)
    at NotFoundBoundary (webpack-internal:///(app-pages-browser)/./node_modules/next/dist/client/components/not-found-boundary.js:84:11)
    at LoadingBoundary (webpack-internal:///(app-pages-browser)/./node_modules/next/dist/client/components/layout-router.js:349:11)
    at ErrorBoundary (webpack-internal:///(app-pages-browser)/./node_modules/next/dist/client/components/error-boundary.js:160:11)
    at InnerScrollAndFocusHandler (webpack-internal:///(app-pages-browser)/./node_modules/next/dist/client/components/layout-router.js:153:9)
    at ScrollAndFocusHandler (webpack-internal:///(app-pages-browser)/./node_modules/next/dist/client/components/layout-router.js:228:11)
    at RenderFromTemplateContext (webpack-internal:///(app-pages-browser)/./node_modules/next/dist/client/components/render-from-template-context.js:16:44)
    at OuterLayoutRouter (webpack-internal:///(app-pages-browser)/./node_modules/next/dist/client/components/layout-router.js:370:11)
    at InnerLayoutRouter (webpack-internal:///(app-pages-browser)/./node_modules/next/dist/client/components/layout-router.js:243:11)
    at RedirectErrorBoundary (webpack-internal:///(app-pages-browser)/./node_modules/next/dist/client/components/redirect-boundary.js:74:9)
    at RedirectBoundary (webpack-internal:///(app-pages-browser)/./node_modules/next/dist/client/components/redirect-boundary.js:82:11)
    at NotFoundBoundary (webpack-internal:///(app-pages-browser)/./node_modules/next/dist/client/components/not-found-boundary.js:84:11)
    at LoadingBoundary (webpack-internal:///(app-pages-browser)/./node_modules/next/dist/client/components/layout-router.js:349:11)
    at ErrorBoundary (webpack-internal:///(app-pages-browser)/./node_modules/next/dist/client/components/error-boundary.js:160:11)
    at InnerScrollAndFocusHandler (webpack-internal:///(app-pages-browser)/./node_modules/next/dist/client/components/layout-router.js:153:9)
    at ScrollAndFocusHandler (webpack-internal:///(app-pages-browser)/./node_modules/next/dist/client/components/layout-router.js:228:11)
    at RenderFromTemplateContext (webpack-internal:///(app-pages-browser)/./node_modules/next/dist/client/components/render-from-template-context.js:16:44)
    at OuterLayoutRouter (webpack-internal:///(app-pages-browser)/./node_modules/next/dist/client/components/layout-router.js:370:11)
    at InnerLayoutRouter (webpack-internal:///(app-pages-browser)/./node_modules/next/dist/client/components/layout-router.js:243:11)
    at RedirectErrorBoundary (webpack-internal:///(app-pages-browser)/./node_modules/next/dist/client/components/redirect-boundary.js:74:9)
    at RedirectBoundary (webpack-internal:///(app-pages-browser)/./node_modules/next/dist/client/components/redirect-boundary.js:82:11)
    at NotFoundErrorBoundary (webpack-internal:///(app-pages-browser)/./node_modules/next/dist/client/components/not-found-boundary.js:76:9)
    at NotFoundBoundary (webpack-internal:///(app-pages-browser)/./node_modules/next/dist/client/components/not-found-boundary.js:84:11)
    at LoadingBoundary (webpack-internal:///(app-pages-browser)/./node_modules/next/dist/client/components/layout-router.js:349:11)
    at ErrorBoundaryHandler (webpack-internal:///(app-pages-browser)/./node_modules/next/dist/client/components/error-boundary.js:113:9)
    at ErrorBoundary (webpack-internal:///(app-pages-browser)/./node_modules/next/dist/client/components/error-boundary.js:160:11)
    at InnerScrollAndFocusHandler (webpack-internal:///(app-pages-browser)/./node_modules/next/dist/client/components/layout-router.js:153:9)
    at ScrollAndFocusHandler (webpack-internal:///(app-pages-browser)/./node_modules/next/dist/client/components/layout-router.js:228:11)
    at RenderFromTemplateContext (webpack-internal:///(app-pages-browser)/./node_modules/next/dist/client/components/render-from-template-context.js:16:44)
    at OuterLayoutRouter (webpack-internal:///(app-pages-browser)/./node_modules/next/dist/client/components/layout-router.js:370:11)
    at div
    at InnerLayoutRouter (webpack-internal:///(app-pages-browser)/./node_modules/next/dist/client/components/layout-router.js:243:11)
    at RedirectErrorBoundary (webpack-internal:///(app-pages-browser)/./node_modules/next/dist/client/components/redirect-boundary.js:74:9)
    at RedirectBoundary (webpack-internal:///(app-pages-browser)/./node_modules/next/dist/client/components/redirect-boundary.js:82:11)
    at NotFoundErrorBoundary (webpack-internal:///(app-pages-browser)/./node_modules/next/dist/client/components/not-found-boundary.js:76:9)
    at NotFoundBoundary (webpack-internal:///(app-pages-browser)/./node_modules/next/dist/client/components/not-found-boundary.js:84:11)
    at LoadingBoundary (webpack-internal:///(app-pages-browser)/./node_modules/next/dist/client/components/layout-router.js:349:11)
    at ErrorBoundary (webpack-internal:///(app-pages-browser)/./node_modules/next/dist/client/components/error-boundary.js:160:11)
    at InnerScrollAndFocusHandler (webpack-internal:///(app-pages-browser)/./node_modules/next/dist/client/components/layout-router.js:153:9)
    at ScrollAndFocusHandler (webpack-internal:///(app-pages-browser)/./node_modules/next/dist/client/components/layout-router.js:228:11)
    at RenderFromTemplateContext (webpack-internal:///(app-pages-browser)/./node_modules/next/dist/client/components/render-from-template-context.js:16:44)
    at OuterLayoutRouter (webpack-internal:///(app-pages-browser)/./node_modules/next/dist/client/components/layout-router.js:370:11)
    at __experimental_CheckoutProvider (webpack-internal:///(app-pages-browser)/./node_modules/@clerk/shared/dist/runtime/react/index.mjs:136:44)
    at SWRConfig (webpack-internal:///(app-pages-browser)/./node_modules/swr/dist/_internal/config-context-client-BoS53ST9.mjs:554:13)
    at SWRConfigCompat (webpack-internal:///(app-pages-browser)/./node_modules/@clerk/shared/dist/runtime/react/index.mjs:124:28)
    at OrganizationProvider (webpack-internal:///(app-pages-browser)/./node_modules/@clerk/shared/dist/runtime/react/index.mjs:148:33)
    at ClerkContextProvider (webpack-internal:///(app-pages-browser)/./node_modules/@clerk/clerk-react/dist/index.mjs:1849:11)
    at ClerkProviderBase (webpack-internal:///(app-pages-browser)/./node_modules/@clerk/clerk-react/dist/index.mjs:1941:11)
    at Hoc (webpack-internal:///(app-pages-browser)/./node_modules/@clerk/clerk-react/dist/chunk-THNCS7QR.mjs:84:5)
    at ClerkNextOptionsProvider (webpack-internal:///(app-pages-browser)/./node_modules/@clerk/nextjs/dist/esm/client-boundary/NextOptionsContext.js:17:11)
    at NextClientClerkProvider (webpack-internal:///(app-pages-browser)/./node_modules/@clerk/nextjs/dist/esm/app-router/client/ClerkProvider.js:62:13)
    at ClientClerkProvider (webpack-internal:///(app-pages-browser)/./node_modules/@clerk/nextjs/dist/esm/app-router/client/ClerkProvider.js:135:13)
    at ClerkProvider (Server)
    at body
    at html
    at RootLayout (Server)
    at RedirectErrorBoundary (webpack-internal:///(app-pages-browser)/./node_modules/next/dist/client/components/redirect-boundary.js:74:9)
    at RedirectBoundary (webpack-internal:///(app-pages-browser)/./node_modules/next/dist/client/components/redirect-boundary.js:82:11)
    at NotFoundErrorBoundary (webpack-internal:///(app-pages-browser)/./node_modules/next/dist/client/components/not-found-boundary.js:76:9)
    at NotFoundBoundary (webpack-internal:///(app-pages-browser)/./node_modules/next/dist/client/components/not-found-boundary.js:84:11)
    at DevRootNotFoundBoundary (webpack-internal:///(app-pages-browser)/./node_modules/next/dist/client/components/dev-root-not-found-boundary.js:33:11)
    at ReactDevOverlay (webpack-internal:///(app-pages-browser)/./node_modules/next/dist/client/components/react-dev-overlay/app/ReactDevOverlay.js:87:9)
    at HotReload (webpack-internal:///(app-pages-browser)/./node_modules/next/dist/client/components/react-dev-overlay/app/hot-reloader-client.js:321:11)
    at Router (webpack-internal:///(app-pages-browser)/./node_modules/next/dist/client/components/app-router.js:207:11)
    at ErrorBoundaryHandler (webpack-internal:///(app-pages-browser)/./node_modules/next/dist/client/components/error-boundary.js:113:9)
    at ErrorBoundary (webpack-internal:///(app-pages-browser)/./node_modules/next/dist/client/components/error-boundary.js:160:11)
    at AppRouter (webpack-internal:///(app-pages-browser)/./node_modules/next/dist/client/components/app-router.js:585:13)
    at ServerRoot (webpack-internal:///(app-pages-browser)/./node_modules/next/dist/client/app-index.js:112:27)
    at Root (webpack-internal:///(app-pages-browser)/./node_modules/next/dist/client/app-index.js:117:11) @ webpack-internal:///(app-pages-browser)/./node_modules/next/dist/client/app-index.js:32
[ 1220831ms] [ERROR] Failed to load resource: the server responded with a status of 400 () @ https://clerk.greentryst.com/v1/client?__clerk_api_version=2025-11-10&_clerk_js_version=5.125.7:0
[ 1220849ms] [ERROR] Failed to load resource: the server responded with a status of 400 () @ https://clerk.greentryst.com/v1/environment?__clerk_api_version=2025-11-10&_clerk_js_version=5.125.7:0
[ 1220850ms] [ERROR] e: Clerk: Production Keys are only allowed for domain "greentryst.com". 
API Error: The Request HTTP Origin header must be equal to or a subdomain of the requesting URL.
    at https://clerk.greentryst.com/npm/@clerk/clerk-js@5/dist/clerk.browser.js:2:7182
    at u._baseFetch (https://clerk.greentryst.com/npm/@clerk/clerk-js@5/dist/clerk.browser.js:3:38)
    at async d.execute (https://clerk.greentryst.com/npm/@clerk/clerk-js@5/dist/clerk.browser.js:2:5226)
    at async s._baseGet (https://clerk.greentryst.com/npm/@clerk/clerk-js@5/dist/clerk.browser.js:3:567)
    at async Promise.all (index 1)
    at async #U (https://clerk.greentryst.com/npm/@clerk/clerk-js@5/dist/clerk.browser.js:5:73541)
    at async e5.load (https://clerk.greentryst.com/npm/@clerk/clerk-js@5/dist/clerk.browser.js:5:34322)
    at async _IsomorphicClerk.loadClerkJS (webpack-internal:///(app-pages-browser)/./node_modules/@clerk/clerk-react/dist/index.mjs:1746:9) @ webpack-internal:///(app-pages-browser)/./node_modules/next/dist/client/app-index.js:32
[ 1221213ms] [ERROR] Failed to load resource: the server responded with a status of 400 () @ https://clerk.greentryst.com/v1/client?__clerk_api_version=2025-11-10&_clerk_js_version=5.125.7:0
[ 1221214ms] [ERROR] Failed to load resource: the server responded with a status of 400 () @ https://clerk.greentryst.com/v1/environment?__clerk_api_version=2025-11-10&_clerk_js_version=5.125.7:0
[ 1221215ms] [ERROR] e: Clerk: Production Keys are only allowed for domain "greentryst.com". 
API Error: The Request HTTP Origin header must be equal to or a subdomain of the requesting URL.
    at https://clerk.greentryst.com/npm/@clerk/clerk-js@5/dist/clerk.browser.js:2:7182
    at u._baseFetch (https://clerk.greentryst.com/npm/@clerk/clerk-js@5/dist/clerk.browser.js:3:38)
    at async d.execute (https://clerk.greentryst.com/npm/@clerk/clerk-js@5/dist/clerk.browser.js:2:5226)
    at async s._baseGet (https://clerk.greentryst.com/npm/@clerk/clerk-js@5/dist/clerk.browser.js:3:567)
    at async Promise.all (index 1)
    at async #U (https://clerk.greentryst.com/npm/@clerk/clerk-js@5/dist/clerk.browser.js:5:73541)
    at async e5.load (https://clerk.greentryst.com/npm/@clerk/clerk-js@5/dist/clerk.browser.js:5:34322)
    at async _IsomorphicClerk.loadClerkJS (webpack-internal:///(app-pages-browser)/./node_modules/@clerk/clerk-react/dist/index.mjs:1746:9) @ webpack-internal:///(app-pages-browser)/./node_modules/next/dist/client/app-index.js:32
[ 1225149ms] [LOG] [Fast Refresh] rebuilding @ webpack-internal:///(app-pages-browser)/./node_modules/next/dist/client/components/react-dev-overlay/app/hot-reloader-client.js:186
[ 1225980ms] [LOG] [Fast Refresh] done in 831ms @ webpack-internal:///(app-pages-browser)/./node_modules/next/dist/client/components/react-dev-overlay/app/hot-reloader-client.js:43
