[     643ms] [INFO] %cDownload the React DevTools for a better development experience: https://reactjs.org/link/react-devtools font-weight:bold @ webpack-internal:///(app-pages-browser)/./node_modules/next/dist/compiled/react-dom/cjs/react-dom.development.js:38559
[    1850ms] [ERROR] Failed to load resource: the server responded with a status of 400 () @ https://clerk.greentryst.com/v1/environment?__clerk_api_version=2025-11-10&_clerk_js_version=5.125.7:0
[    1894ms] [ERROR] Failed to load resource: the server responded with a status of 400 () @ https://clerk.greentryst.com/v1/client?__clerk_api_version=2025-11-10&_clerk_js_version=5.125.7:0
[    1897ms] [ERROR] e: Clerk: Production Keys are only allowed for domain "greentryst.com". 
API Error: The Request HTTP Origin header must be equal to or a subdomain of the requesting URL.
    at https://clerk.greentryst.com/npm/@clerk/clerk-js@5/dist/clerk.browser.js:2:7182
    at u._baseFetch (https://clerk.greentryst.com/npm/@clerk/clerk-js@5/dist/clerk.browser.js:3:38)
    at async d.execute (https://clerk.greentryst.com/npm/@clerk/clerk-js@5/dist/clerk.browser.js:2:5226)
    at async s._baseGet (https://clerk.greentryst.com/npm/@clerk/clerk-js@5/dist/clerk.browser.js:3:567)
    at async Promise.all (index 1)
    at async #U (https://clerk.greentryst.com/npm/@clerk/clerk-js@5/dist/clerk.browser.js:5:73541)
    at async e5.load (https://clerk.greentryst.com/npm/@clerk/clerk-js@5/dist/clerk.browser.js:5:34322)
    at async _IsomorphicClerk.loadClerkJS (webpack-internal:///(app-pages-browser)/./node_modules/@clerk/clerk-react/dist/index.mjs:1746:9) @ webpack-internal:///(app-pages-browser)/./node_modules/next/dist/client/app-index.js:32
[    2256ms] [ERROR] Failed to load resource: the server responded with a status of 400 () @ https://clerk.greentryst.com/v1/environment?__clerk_api_version=2025-11-10&_clerk_js_version=5.125.7:0
[    2304ms] [ERROR] Failed to load resource: the server responded with a status of 400 () @ https://clerk.greentryst.com/v1/client?__clerk_api_version=2025-11-10&_clerk_js_version=5.125.7:0
[    2305ms] [ERROR] e: Clerk: Production Keys are only allowed for domain "greentryst.com". 
API Error: The Request HTTP Origin header must be equal to or a subdomain of the requesting URL.
    at https://clerk.greentryst.com/npm/@clerk/clerk-js@5/dist/clerk.browser.js:2:7182
    at u._baseFetch (https://clerk.greentryst.com/npm/@clerk/clerk-js@5/dist/clerk.browser.js:3:38)
    at async d.execute (https://clerk.greentryst.com/npm/@clerk/clerk-js@5/dist/clerk.browser.js:2:5226)
    at async s._baseGet (https://clerk.greentryst.com/npm/@clerk/clerk-js@5/dist/clerk.browser.js:3:567)
    at async Promise.all (index 1)
    at async #U (https://clerk.greentryst.com/npm/@clerk/clerk-js@5/dist/clerk.browser.js:5:73541)
    at async e5.load (https://clerk.greentryst.com/npm/@clerk/clerk-js@5/dist/clerk.browser.js:5:34322)
    at async _IsomorphicClerk.loadClerkJS (webpack-internal:///(app-pages-browser)/./node_modules/@clerk/clerk-react/dist/index.mjs:1746:9) @ webpack-internal:///(app-pages-browser)/./node_modules/next/dist/client/app-index.js:32
[  306767ms] [LOG] [Fast Refresh] rebuilding @ webpack-internal:///(app-pages-browser)/./node_modules/next/dist/client/components/react-dev-overlay/app/hot-reloader-client.js:186
[  308324ms] [WARNING] ./src/app/redesign/dashboard/_components/DashboardClientRedesign.tsx
Attempted import error: 'Linkedin' is not exported from '__barrel_optimize__?names=AlertCircle,ArrowRight,Award,Bell,BookOpen,Bookmark,Brain,Briefcase,Building2,Check,ChevronRight,Circle,Clock,ExternalLink,FileCheck,Globe,GraduationCap,Layers,Linkedin,Pencil,Plus,Route,Search,Settings,Sparkles,TrendingUp,Upload,User,Zap!=!lucide-react' (imported as 'Linkedin').

Import trace for requested module:
./src/app/redesign/dashboard/_components/DashboardClientRedesign.tsx @ webpack-internal:///(app-pages-browser)/./node_modules/next/dist/client/components/react-dev-overlay/app/hot-reloader-client.js:226
[  308538ms] [LOG] [Fast Refresh] done in 1785ms @ webpack-internal:///(app-pages-browser)/./node_modules/next/dist/client/components/react-dev-overlay/app/hot-reloader-client.js:43
[  312198ms] [ERROR] Warning: React.jsx: type is invalid -- expected a string (for built-in components) or a class/function (for composite components) but got: %s.%s%s undefined  You likely forgot to export your component from the file it's defined in, or you might have mixed up default and named imports. 
    at ProfileTab (webpack-internal:///(app-pages-browser)/./src/app/redesign/dashboard/_components/DashboardClientRedesign.tsx:1548:11)
    at div
    at DashboardClientRedesign (webpack-internal:///(app-pages-browser)/./src/app/redesign/dashboard/_components/DashboardClientRedesign.tsx:257:11)
    at DashboardRedesignPage (Server)
    at InnerLayoutRouter (webpack-internal:///(app-pages-browser)/./node_modules/next/dist/client/components/layout-router.js:243:11)
    at RedirectErrorBoundary (webpack-internal:///(app-pages-browser)/./node_modules/next/dist/client/components/redirect-boundary.js:74:9)
    at RedirectBoundary (webpack-internal:///(app-pages-browser)/./node_modules/next/dist/client/components/redirect-boundary.js:82:11)
    at NotFoundBoundary (webpack-internal:///(app-pages-browser)/./node_modules/next/dist/client/components/not-found-boundary.js:84:11)
    at LoadingBoundary (webpack-internal:///(app-pages-browser)/./node_modules/next/dist/client/components/layout-router.js:349:11)
    at ErrorBoundary (webpack-internal:///(app-pages-browser)/./node_modules/next/dist/client/components/error-boundary.js:160:11)
    at InnerScrollAndFocusHandler (webpack-internal:///(app-pages-browser)/./node_modules/next/dist/client/components/layout-router.js:153:9)
    at ScrollAndFocusHandler (webpack-internal:///(app-pages-browser)/./node_modules/next/dist/client/components/layout-router.js:228:11)
    at RenderFromTemplateContext (webpack-internal:///(app-pages-browser)/./node_modules/next/dist/client/components/render-from-template-context.js:16:44)
    at OuterLayoutRouter (webpack-internal:///(app-pages-browser)/./node_modules/next/dist/client/components/layout-router.js:370:11)
    at InnerLayoutRouter (webpack-internal:///(app-pages-browser)/./node_modules/next/dist/client/components/layout-router.js:243:11)
    at RedirectErrorBoundary (webpack-internal:///(app-pages-browser)/./node_modules/next/dist/client/components/redirect-boundary.js:74:9)
    at RedirectBoundary (webpack-internal:///(app-pages-browser)/./node_modules/next/dist/client/components/redirect-boundary.js:82:11)
    at NotFoundBoundary (webpack-internal:///(app-pages-browser)/./node_modules/next/dist/client/components/not-found-boundary.js:84:11)
    at LoadingBoundary (webpack-internal:///(app-pages-browser)/./node_modules/next/dist/client/components/layout-router.js:349:11)
    at ErrorBoundary (webpack-internal:///(app-pages-browser)/./node_modules/next/dist/client/components/error-boundary.js:160:11)
    at InnerScrollAndFocusHandler (webpack-internal:///(app-pages-browser)/./node_modules/next/dist/client/components/layout-router.js:153:9)
    at ScrollAndFocusHandler (webpack-internal:///(app-pages-browser)/./node_modules/next/dist/client/components/layout-router.js:228:11)
    at RenderFromTemplateContext (webpack-internal:///(app-pages-browser)/./node_modules/next/dist/client/components/render-from-template-context.js:16:44)
    at OuterLayoutRouter (webpack-internal:///(app-pages-browser)/./node_modules/next/dist/client/components/layout-router.js:370:11)
    at div
    at RedesignLayout (Server)
    at InnerLayoutRouter (webpack-internal:///(app-pages-browser)/./node_modules/next/dist/client/components/layout-router.js:243:11)
    at RedirectErrorBoundary (webpack-internal:///(app-pages-browser)/./node_modules/next/dist/client/components/redirect-boundary.js:74:9)
    at RedirectBoundary (webpack-internal:///(app-pages-browser)/./node_modules/next/dist/client/components/redirect-boundary.js:82:11)
    at NotFoundErrorBoundary (webpack-internal:///(app-pages-browser)/./node_modules/next/dist/client/components/not-found-boundary.js:76:9)
    at NotFoundBoundary (webpack-internal:///(app-pages-browser)/./node_modules/next/dist/client/components/not-found-boundary.js:84:11)
    at LoadingBoundary (webpack-internal:///(app-pages-browser)/./node_modules/next/dist/client/components/layout-router.js:349:11)
    at ErrorBoundary (webpack-internal:///(app-pages-browser)/./node_modules/next/dist/client/components/error-boundary.js:160:11)
    at InnerScrollAndFocusHandler (webpack-internal:///(app-pages-browser)/./node_modules/next/dist/client/components/layout-router.js:153:9)
    at ScrollAndFocusHandler (webpack-internal:///(app-pages-browser)/./node_modules/next/dist/client/components/layout-router.js:228:11)
    at RenderFromTemplateContext (webpack-internal:///(app-pages-browser)/./node_modules/next/dist/client/components/render-from-template-context.js:16:44)
    at OuterLayoutRouter (webpack-internal:///(app-pages-browser)/./node_modules/next/dist/client/components/layout-router.js:370:11)
    at __experimental_CheckoutProvider (webpack-internal:///(app-pages-browser)/./node_modules/@clerk/shared/dist/runtime/react/index.mjs:136:44)
    at SWRConfig (webpack-internal:///(app-pages-browser)/./node_modules/swr/dist/_internal/config-context-client-BoS53ST9.mjs:554:13)
    at SWRConfigCompat (webpack-internal:///(app-pages-browser)/./node_modules/@clerk/shared/dist/runtime/react/index.mjs:124:28)
    at OrganizationProvider (webpack-internal:///(app-pages-browser)/./node_modules/@clerk/shared/dist/runtime/react/index.mjs:148:33)
    at ClerkContextProvider (webpack-internal:///(app-pages-browser)/./node_modules/@clerk/clerk-react/dist/index.mjs:1849:11)
    at ClerkProviderBase (webpack-internal:///(app-pages-browser)/./node_modules/@clerk/clerk-react/dist/index.mjs:1941:11)
    at Hoc (webpack-internal:///(app-pages-browser)/./node_modules/@clerk/clerk-react/dist/chunk-THNCS7QR.mjs:84:5)
    at ClerkNextOptionsProvider (webpack-internal:///(app-pages-browser)/./node_modules/@clerk/nextjs/dist/esm/client-boundary/NextOptionsContext.js:17:11)
    at NextClientClerkProvider (webpack-internal:///(app-pages-browser)/./node_modules/@clerk/nextjs/dist/esm/app-router/client/ClerkProvider.js:62:13)
    at ClientClerkProvider (webpack-internal:///(app-pages-browser)/./node_modules/@clerk/nextjs/dist/esm/app-router/client/ClerkProvider.js:135:13)
    at ClerkProvider (Server)
    at body
    at html
    at RootLayout (Server)
    at RedirectErrorBoundary (webpack-internal:///(app-pages-browser)/./node_modules/next/dist/client/components/redirect-boundary.js:74:9)
    at RedirectBoundary (webpack-internal:///(app-pages-browser)/./node_modules/next/dist/client/components/redirect-boundary.js:82:11)
    at NotFoundErrorBoundary (webpack-internal:///(app-pages-browser)/./node_modules/next/dist/client/components/not-found-boundary.js:76:9)
    at NotFoundBoundary (webpack-internal:///(app-pages-browser)/./node_modules/next/dist/client/components/not-found-boundary.js:84:11)
    at DevRootNotFoundBoundary (webpack-internal:///(app-pages-browser)/./node_modules/next/dist/client/components/dev-root-not-found-boundary.js:33:11)
    at ReactDevOverlay (webpack-internal:///(app-pages-browser)/./node_modules/next/dist/client/components/react-dev-overlay/app/ReactDevOverlay.js:87:9)
    at HotReload (webpack-internal:///(app-pages-browser)/./node_modules/next/dist/client/components/react-dev-overlay/app/hot-reloader-client.js:321:11)
    at Router (webpack-internal:///(app-pages-browser)/./node_modules/next/dist/client/components/app-router.js:207:11)
    at ErrorBoundaryHandler (webpack-internal:///(app-pages-browser)/./node_modules/next/dist/client/components/error-boundary.js:113:9)
    at ErrorBoundary (webpack-internal:///(app-pages-browser)/./node_modules/next/dist/client/components/error-boundary.js:160:11)
    at AppRouter (webpack-internal:///(app-pages-browser)/./node_modules/next/dist/client/components/app-router.js:585:13)
    at ServerRoot (webpack-internal:///(app-pages-browser)/./node_modules/next/dist/client/app-index.js:112:27)
    at Root (webpack-internal:///(app-pages-browser)/./node_modules/next/dist/client/app-index.js:117:11) @ webpack-internal:///(app-pages-browser)/./node_modules/next/dist/client/app-index.js:32
[  312199ms] [ERROR] Warning: React.jsx: type is invalid -- expected a string (for built-in components) or a class/function (for composite components) but got: %s.%s%s undefined  You likely forgot to export your component from the file it's defined in, or you might have mixed up default and named imports. 
    at ProfileTab (webpack-internal:///(app-pages-browser)/./src/app/redesign/dashboard/_components/DashboardClientRedesign.tsx:1548:11)
    at div
    at DashboardClientRedesign (webpack-internal:///(app-pages-browser)/./src/app/redesign/dashboard/_components/DashboardClientRedesign.tsx:257:11)
    at DashboardRedesignPage (Server)
    at InnerLayoutRouter (webpack-internal:///(app-pages-browser)/./node_modules/next/dist/client/components/layout-router.js:243:11)
    at RedirectErrorBoundary (webpack-internal:///(app-pages-browser)/./node_modules/next/dist/client/components/redirect-boundary.js:74:9)
    at RedirectBoundary (webpack-internal:///(app-pages-browser)/./node_modules/next/dist/client/components/redirect-boundary.js:82:11)
    at NotFoundBoundary (webpack-internal:///(app-pages-browser)/./node_modules/next/dist/client/components/not-found-boundary.js:84:11)
    at LoadingBoundary (webpack-internal:///(app-pages-browser)/./node_modules/next/dist/client/components/layout-router.js:349:11)
    at ErrorBoundary (webpack-internal:///(app-pages-browser)/./node_modules/next/dist/client/components/error-boundary.js:160:11)
    at InnerScrollAndFocusHandler (webpack-internal:///(app-pages-browser)/./node_modules/next/dist/client/components/layout-router.js:153:9)
    at ScrollAndFocusHandler (webpack-internal:///(app-pages-browser)/./node_modules/next/dist/client/components/layout-router.js:228:11)
    at RenderFromTemplateContext (webpack-internal:///(app-pages-browser)/./node_modules/next/dist/client/components/render-from-template-context.js:16:44)
    at OuterLayoutRouter (webpack-internal:///(app-pages-browser)/./node_modules/next/dist/client/components/layout-router.js:370:11)
    at InnerLayoutRouter (webpack-internal:///(app-pages-browser)/./node_modules/next/dist/client/components/layout-router.js:243:11)
    at RedirectErrorBoundary (webpack-internal:///(app-pages-browser)/./node_modules/next/dist/client/components/redirect-boundary.js:74:9)
    at RedirectBoundary (webpack-internal:///(app-pages-browser)/./node_modules/next/dist/client/components/redirect-boundary.js:82:11)
    at NotFoundBoundary (webpack-internal:///(app-pages-browser)/./node_modules/next/dist/client/components/not-found-boundary.js:84:11)
    at LoadingBoundary (webpack-internal:///(app-pages-browser)/./node_modules/next/dist/client/components/layout-router.js:349:11)
    at ErrorBoundary (webpack-internal:///(app-pages-browser)/./node_modules/next/dist/client/components/error-boundary.js:160:11)
    at InnerScrollAndFocusHandler (webpack-internal:///(app-pages-browser)/./node_modules/next/dist/client/components/layout-router.js:153:9)
    at ScrollAndFocusHandler (webpack-internal:///(app-pages-browser)/./node_modules/next/dist/client/components/layout-router.js:228:11)
    at RenderFromTemplateContext (webpack-internal:///(app-pages-browser)/./node_modules/next/dist/client/components/render-from-template-context.js:16:44)
    at OuterLayoutRouter (webpack-internal:///(app-pages-browser)/./node_modules/next/dist/client/components/layout-router.js:370:11)
    at div
    at RedesignLayout (Server)
    at InnerLayoutRouter (webpack-internal:///(app-pages-browser)/./node_modules/next/dist/client/components/layout-router.js:243:11)
    at RedirectErrorBoundary (webpack-internal:///(app-pages-browser)/./node_modules/next/dist/client/components/redirect-boundary.js:74:9)
    at RedirectBoundary (webpack-internal:///(app-pages-browser)/./node_modules/next/dist/client/components/redirect-boundary.js:82:11)
    at NotFoundErrorBoundary (webpack-internal:///(app-pages-browser)/./node_modules/next/dist/client/components/not-found-boundary.js:76:9)
    at NotFoundBoundary (webpack-internal:///(app-pages-browser)/./node_modules/next/dist/client/components/not-found-boundary.js:84:11)
    at LoadingBoundary (webpack-internal:///(app-pages-browser)/./node_modules/next/dist/client/components/layout-router.js:349:11)
    at ErrorBoundary (webpack-internal:///(app-pages-browser)/./node_modules/next/dist/client/components/error-boundary.js:160:11)
    at InnerScrollAndFocusHandler (webpack-internal:///(app-pages-browser)/./node_modules/next/dist/client/components/layout-router.js:153:9)
    at ScrollAndFocusHandler (webpack-internal:///(app-pages-browser)/./node_modules/next/dist/client/components/layout-router.js:228:11)
    at RenderFromTemplateContext (webpack-internal:///(app-pages-browser)/./node_modules/next/dist/client/components/render-from-template-context.js:16:44)
    at OuterLayoutRouter (webpack-internal:///(app-pages-browser)/./node_modules/next/dist/client/components/layout-router.js:370:11)
    at __experimental_CheckoutProvider (webpack-internal:///(app-pages-browser)/./node_modules/@clerk/shared/dist/runtime/react/index.mjs:136:44)
    at SWRConfig (webpack-internal:///(app-pages-browser)/./node_modules/swr/dist/_internal/config-context-client-BoS53ST9.mjs:554:13)
    at SWRConfigCompat (webpack-internal:///(app-pages-browser)/./node_modules/@clerk/shared/dist/runtime/react/index.mjs:124:28)
    at OrganizationProvider (webpack-internal:///(app-pages-browser)/./node_modules/@clerk/shared/dist/runtime/react/index.mjs:148:33)
    at ClerkContextProvider (webpack-internal:///(app-pages-browser)/./node_modules/@clerk/clerk-react/dist/index.mjs:1849:11)
    at ClerkProviderBase (webpack-internal:///(app-pages-browser)/./node_modules/@clerk/clerk-react/dist/index.mjs:1941:11)
    at Hoc (webpack-internal:///(app-pages-browser)/./node_modules/@clerk/clerk-react/dist/chunk-THNCS7QR.mjs:84:5)
    at ClerkNextOptionsProvider (webpack-internal:///(app-pages-browser)/./node_modules/@clerk/nextjs/dist/esm/client-boundary/NextOptionsContext.js:17:11)
    at NextClientClerkProvider (webpack-internal:///(app-pages-browser)/./node_modules/@clerk/nextjs/dist/esm/app-router/client/ClerkProvider.js:62:13)
    at ClientClerkProvider (webpack-internal:///(app-pages-browser)/./node_modules/@clerk/nextjs/dist/esm/app-router/client/ClerkProvider.js:135:13)
    at ClerkProvider (Server)
    at body
    at html
    at RootLayout (Server)
    at RedirectErrorBoundary (webpack-internal:///(app-pages-browser)/./node_modules/next/dist/client/components/redirect-boundary.js:74:9)
    at RedirectBoundary (webpack-internal:///(app-pages-browser)/./node_modules/next/dist/client/components/redirect-boundary.js:82:11)
    at NotFoundErrorBoundary (webpack-internal:///(app-pages-browser)/./node_modules/next/dist/client/components/not-found-boundary.js:76:9)
    at NotFoundBoundary (webpack-internal:///(app-pages-browser)/./node_modules/next/dist/client/components/not-found-boundary.js:84:11)
    at DevRootNotFoundBoundary (webpack-internal:///(app-pages-browser)/./node_modules/next/dist/client/components/dev-root-not-found-boundary.js:33:11)
    at ReactDevOverlay (webpack-internal:///(app-pages-browser)/./node_modules/next/dist/client/components/react-dev-overlay/app/ReactDevOverlay.js:87:9)
    at HotReload (webpack-internal:///(app-pages-browser)/./node_modules/next/dist/client/components/react-dev-overlay/app/hot-reloader-client.js:321:11)
    at Router (webpack-internal:///(app-pages-browser)/./node_modules/next/dist/client/components/app-router.js:207:11)
    at ErrorBoundaryHandler (webpack-internal:///(app-pages-browser)/./node_modules/next/dist/client/components/error-boundary.js:113:9)
    at ErrorBoundary (webpack-internal:///(app-pages-browser)/./node_modules/next/dist/client/components/error-boundary.js:160:11)
    at AppRouter (webpack-internal:///(app-pages-browser)/./node_modules/next/dist/client/components/app-router.js:585:13)
    at ServerRoot (webpack-internal:///(app-pages-browser)/./node_modules/next/dist/client/app-index.js:112:27)
    at Root (webpack-internal:///(app-pages-browser)/./node_modules/next/dist/client/app-index.js:117:11) @ webpack-internal:///(app-pages-browser)/./node_modules/next/dist/client/app-index.js:32
[  312219ms] Error: Element type is invalid: expected a string (for built-in components) or a class/function (for composite components) but got: undefined. You likely forgot to export your component from the file it's defined in, or you might have mixed up default and named imports.

Check the render method of `ProfileTab`.
    at createFiberFromTypeAndProps (webpack-internal:///(app-pages-browser)/./node_modules/next/dist/compiled/react-dom/cjs/react-dom.development.js:27944:17)
    at createFiberFromElement (webpack-internal:///(app-pages-browser)/./node_modules/next/dist/compiled/react-dom/cjs/react-dom.development.js:27970:15)
    at createChild (webpack-internal:///(app-pages-browser)/./node_modules/next/dist/compiled/react-dom/cjs/react-dom.development.js:9726:28)
    at reconcileChildrenArray (webpack-internal:///(app-pages-browser)/./node_modules/next/dist/compiled/react-dom/cjs/react-dom.development.js:10088:25)
    at reconcileChildFibersImpl (webpack-internal:///(app-pages-browser)/./node_modules/next/dist/compiled/react-dom/cjs/react-dom.development.js:10515:16)
    at reconcileChildFibers (webpack-internal:///(app-pages-browser)/./node_modules/next/dist/compiled/react-dom/cjs/react-dom.development.js:10573:27)
    at reconcileChildren (webpack-internal:///(app-pages-browser)/./node_modules/next/dist/compiled/react-dom/cjs/react-dom.development.js:15802:28)
    at updateHostComponent$1 (webpack-internal:///(app-pages-browser)/./node_modules/next/dist/compiled/react-dom/cjs/react-dom.development.js:16687:3)
    at beginWork$1 (webpack-internal:///(app-pages-browser)/./node_modules/next/dist/compiled/react-dom/cjs/react-dom.development.js:18503:14)
    at HTMLUnknownElement.callCallback (webpack-internal:///(app-pages-browser)/./node_modules/next/dist/compiled/react-dom/cjs/react-dom.development.js:20565:14)
    at Object.invokeGuardedCallbackImpl (webpack-internal:///(app-pages-browser)/./node_modules/next/dist/compiled/react-dom/cjs/react-dom.development.js:20614:16)
    at invokeGuardedCallback (webpack-internal:///(app-pages-browser)/./node_modules/next/dist/compiled/react-dom/cjs/react-dom.development.js:20689:29)
    at beginWork (webpack-internal:///(app-pages-browser)/./node_modules/next/dist/compiled/react-dom/cjs/react-dom.development.js:26949:7)
    at performUnitOfWork (webpack-internal:///(app-pages-browser)/./node_modules/next/dist/compiled/react-dom/cjs/react-dom.development.js:25748:12)
    at workLoopSync (webpack-internal:///(app-pages-browser)/./node_modules/next/dist/compiled/react-dom/cjs/react-dom.development.js:25464:5)
    at renderRootSync (webpack-internal:///(app-pages-browser)/./node_modules/next/dist/compiled/react-dom/cjs/react-dom.development.js:25419:7)
    at performSyncWorkOnRoot (webpack-internal:///(app-pages-browser)/./node_modules/next/dist/compiled/react-dom/cjs/react-dom.development.js:24887:20)
    at flushSyncWorkAcrossRoots_impl (webpack-internal:///(app-pages-browser)/./node_modules/next/dist/compiled/react-dom/cjs/react-dom.development.js:7758:13)
    at flushSyncWorkOnAllRoots (webpack-internal:///(app-pages-browser)/./node_modules/next/dist/compiled/react-dom/cjs/react-dom.development.js:7718:3)
    at processRootScheduleInMicrotask (webpack-internal:///(app-pages-browser)/./node_modules/next/dist/compiled/react-dom/cjs/react-dom.development.js:7863:3)
    at eval (webpack-internal:///(app-pages-browser)/./node_modules/next/dist/compiled/react-dom/cjs/react-dom.development.js:8034:7)
[  312220ms] Error: Element type is invalid: expected a string (for built-in components) or a class/function (for composite components) but got: undefined. You likely forgot to export your component from the file it's defined in, or you might have mixed up default and named imports.

Check the render method of `ProfileTab`.
    at createFiberFromTypeAndProps (webpack-internal:///(app-pages-browser)/./node_modules/next/dist/compiled/react-dom/cjs/react-dom.development.js:27944:17)
    at createFiberFromElement (webpack-internal:///(app-pages-browser)/./node_modules/next/dist/compiled/react-dom/cjs/react-dom.development.js:27970:15)
    at createChild (webpack-internal:///(app-pages-browser)/./node_modules/next/dist/compiled/react-dom/cjs/react-dom.development.js:9726:28)
    at reconcileChildrenArray (webpack-internal:///(app-pages-browser)/./node_modules/next/dist/compiled/react-dom/cjs/react-dom.development.js:10088:25)
    at reconcileChildFibersImpl (webpack-internal:///(app-pages-browser)/./node_modules/next/dist/compiled/react-dom/cjs/react-dom.development.js:10515:16)
    at reconcileChildFibers (webpack-internal:///(app-pages-browser)/./node_modules/next/dist/compiled/react-dom/cjs/react-dom.development.js:10573:27)
    at reconcileChildren (webpack-internal:///(app-pages-browser)/./node_modules/next/dist/compiled/react-dom/cjs/react-dom.development.js:15802:28)
    at updateHostComponent$1 (webpack-internal:///(app-pages-browser)/./node_modules/next/dist/compiled/react-dom/cjs/react-dom.development.js:16687:3)
    at beginWork$1 (webpack-internal:///(app-pages-browser)/./node_modules/next/dist/compiled/react-dom/cjs/react-dom.development.js:18503:14)
    at beginWork (webpack-internal:///(app-pages-browser)/./node_modules/next/dist/compiled/react-dom/cjs/react-dom.development.js:26927:14)
    at performUnitOfWork (webpack-internal:///(app-pages-browser)/./node_modules/next/dist/compiled/react-dom/cjs/react-dom.development.js:25748:12)
    at workLoopSync (webpack-internal:///(app-pages-browser)/./node_modules/next/dist/compiled/react-dom/cjs/react-dom.development.js:25464:5)
    at renderRootSync (webpack-internal:///(app-pages-browser)/./node_modules/next/dist/compiled/react-dom/cjs/react-dom.development.js:25419:7)
    at performSyncWorkOnRoot (webpack-internal:///(app-pages-browser)/./node_modules/next/dist/compiled/react-dom/cjs/react-dom.development.js:24887:20)
    at flushSyncWorkAcrossRoots_impl (webpack-internal:///(app-pages-browser)/./node_modules/next/dist/compiled/react-dom/cjs/react-dom.development.js:7758:13)
    at flushSyncWorkOnAllRoots (webpack-internal:///(app-pages-browser)/./node_modules/next/dist/compiled/react-dom/cjs/react-dom.development.js:7718:3)
    at processRootScheduleInMicrotask (webpack-internal:///(app-pages-browser)/./node_modules/next/dist/compiled/react-dom/cjs/react-dom.development.js:7863:3)
    at eval (webpack-internal:///(app-pages-browser)/./node_modules/next/dist/compiled/react-dom/cjs/react-dom.development.js:8034:7)
[  312226ms] Error: Element type is invalid: expected a string (for built-in components) or a class/function (for composite components) but got: undefined. You likely forgot to export your component from the file it's defined in, or you might have mixed up default and named imports.

Check the render method of `ProfileTab`.
    at createFiberFromTypeAndProps (webpack-internal:///(app-pages-browser)/./node_modules/next/dist/compiled/react-dom/cjs/react-dom.development.js:27944:17)
    at createFiberFromElement (webpack-internal:///(app-pages-browser)/./node_modules/next/dist/compiled/react-dom/cjs/react-dom.development.js:27970:15)
    at createChild (webpack-internal:///(app-pages-browser)/./node_modules/next/dist/compiled/react-dom/cjs/react-dom.development.js:9726:28)
    at reconcileChildrenArray (webpack-internal:///(app-pages-browser)/./node_modules/next/dist/compiled/react-dom/cjs/react-dom.development.js:10088:25)
    at reconcileChildFibersImpl (webpack-internal:///(app-pages-browser)/./node_modules/next/dist/compiled/react-dom/cjs/react-dom.development.js:10515:16)
    at reconcileChildFibers (webpack-internal:///(app-pages-browser)/./node_modules/next/dist/compiled/react-dom/cjs/react-dom.development.js:10573:27)
    at reconcileChildren (webpack-internal:///(app-pages-browser)/./node_modules/next/dist/compiled/react-dom/cjs/react-dom.development.js:15802:28)
    at updateHostComponent$1 (webpack-internal:///(app-pages-browser)/./node_modules/next/dist/compiled/react-dom/cjs/react-dom.development.js:16687:3)
    at beginWork$1 (webpack-internal:///(app-pages-browser)/./node_modules/next/dist/compiled/react-dom/cjs/react-dom.development.js:18503:14)
    at beginWork (webpack-internal:///(app-pages-browser)/./node_modules/next/dist/compiled/react-dom/cjs/react-dom.development.js:26927:14)
    at performUnitOfWork (webpack-internal:///(app-pages-browser)/./node_modules/next/dist/compiled/react-dom/cjs/react-dom.development.js:25748:12)
    at workLoopSync (webpack-internal:///(app-pages-browser)/./node_modules/next/dist/compiled/react-dom/cjs/react-dom.development.js:25464:5)
    at renderRootSync (webpack-internal:///(app-pages-browser)/./node_modules/next/dist/compiled/react-dom/cjs/react-dom.development.js:25419:7)
    at performSyncWorkOnRoot (webpack-internal:///(app-pages-browser)/./node_modules/next/dist/compiled/react-dom/cjs/react-dom.development.js:24887:20)
    at flushSyncWorkAcrossRoots_impl (webpack-internal:///(app-pages-browser)/./node_modules/next/dist/compiled/react-dom/cjs/react-dom.development.js:7758:13)
    at flushSyncWorkOnAllRoots (webpack-internal:///(app-pages-browser)/./node_modules/next/dist/compiled/react-dom/cjs/react-dom.development.js:7718:3)
    at processRootScheduleInMicrotask (webpack-internal:///(app-pages-browser)/./node_modules/next/dist/compiled/react-dom/cjs/react-dom.development.js:7863:3)
    at eval (webpack-internal:///(app-pages-browser)/./node_modules/next/dist/compiled/react-dom/cjs/react-dom.development.js:8034:7)
[  312226ms] Error: Element type is invalid: expected a string (for built-in components) or a class/function (for composite components) but got: undefined. You likely forgot to export your component from the file it's defined in, or you might have mixed up default and named imports.

Check the render method of `ProfileTab`.
    at createFiberFromTypeAndProps (webpack-internal:///(app-pages-browser)/./node_modules/next/dist/compiled/react-dom/cjs/react-dom.development.js:27944:17)
    at createFiberFromElement (webpack-internal:///(app-pages-browser)/./node_modules/next/dist/compiled/react-dom/cjs/react-dom.development.js:27970:15)
    at createChild (webpack-internal:///(app-pages-browser)/./node_modules/next/dist/compiled/react-dom/cjs/react-dom.development.js:9726:28)
    at reconcileChildrenArray (webpack-internal:///(app-pages-browser)/./node_modules/next/dist/compiled/react-dom/cjs/react-dom.development.js:10088:25)
    at reconcileChildFibersImpl (webpack-internal:///(app-pages-browser)/./node_modules/next/dist/compiled/react-dom/cjs/react-dom.development.js:10515:16)
    at reconcileChildFibers (webpack-internal:///(app-pages-browser)/./node_modules/next/dist/compiled/react-dom/cjs/react-dom.development.js:10573:27)
    at reconcileChildren (webpack-internal:///(app-pages-browser)/./node_modules/next/dist/compiled/react-dom/cjs/react-dom.development.js:15802:28)
    at updateHostComponent$1 (webpack-internal:///(app-pages-browser)/./node_modules/next/dist/compiled/react-dom/cjs/react-dom.development.js:16687:3)
    at beginWork$1 (webpack-internal:///(app-pages-browser)/./node_modules/next/dist/compiled/react-dom/cjs/react-dom.development.js:18503:14)
    at beginWork (webpack-internal:///(app-pages-browser)/./node_modules/next/dist/compiled/react-dom/cjs/react-dom.development.js:26927:14)
    at performUnitOfWork (webpack-internal:///(app-pages-browser)/./node_modules/next/dist/compiled/react-dom/cjs/react-dom.development.js:25748:12)
    at workLoopSync (webpack-internal:///(app-pages-browser)/./node_modules/next/dist/compiled/react-dom/cjs/react-dom.development.js:25464:5)
    at renderRootSync (webpack-internal:///(app-pages-browser)/./node_modules/next/dist/compiled/react-dom/cjs/react-dom.development.js:25419:7)
    at performSyncWorkOnRoot (webpack-internal:///(app-pages-browser)/./node_modules/next/dist/compiled/react-dom/cjs/react-dom.development.js:24887:20)
    at flushSyncWorkAcrossRoots_impl (webpack-internal:///(app-pages-browser)/./node_modules/next/dist/compiled/react-dom/cjs/react-dom.development.js:7758:13)
    at flushSyncWorkOnAllRoots (webpack-internal:///(app-pages-browser)/./node_modules/next/dist/compiled/react-dom/cjs/react-dom.development.js:7718:3)
    at processRootScheduleInMicrotask (webpack-internal:///(app-pages-browser)/./node_modules/next/dist/compiled/react-dom/cjs/react-dom.development.js:7863:3)
    at eval (webpack-internal:///(app-pages-browser)/./node_modules/next/dist/compiled/react-dom/cjs/react-dom.development.js:8034:7)
[  312227ms] Error: Element type is invalid: expected a string (for built-in components) or a class/function (for composite components) but got: undefined. You likely forgot to export your component from the file it's defined in, or you might have mixed up default and named imports.

Check the render method of `ProfileTab`.
    at createFiberFromTypeAndProps (webpack-internal:///(app-pages-browser)/./node_modules/next/dist/compiled/react-dom/cjs/react-dom.development.js:27944:17)
    at createFiberFromElement (webpack-internal:///(app-pages-browser)/./node_modules/next/dist/compiled/react-dom/cjs/react-dom.development.js:27970:15)
    at createChild (webpack-internal:///(app-pages-browser)/./node_modules/next/dist/compiled/react-dom/cjs/react-dom.development.js:9726:28)
    at reconcileChildrenArray (webpack-internal:///(app-pages-browser)/./node_modules/next/dist/compiled/react-dom/cjs/react-dom.development.js:10088:25)
    at reconcileChildFibersImpl (webpack-internal:///(app-pages-browser)/./node_modules/next/dist/compiled/react-dom/cjs/react-dom.development.js:10515:16)
    at reconcileChildFibers (webpack-internal:///(app-pages-browser)/./node_modules/next/dist/compiled/react-dom/cjs/react-dom.development.js:10573:27)
    at reconcileChildren (webpack-internal:///(app-pages-browser)/./node_modules/next/dist/compiled/react-dom/cjs/react-dom.development.js:15802:28)
    at updateHostComponent$1 (webpack-internal:///(app-pages-browser)/./node_modules/next/dist/compiled/react-dom/cjs/react-dom.development.js:16687:3)
    at beginWork$1 (webpack-internal:///(app-pages-browser)/./node_modules/next/dist/compiled/react-dom/cjs/react-dom.development.js:18503:14)
    at beginWork (webpack-internal:///(app-pages-browser)/./node_modules/next/dist/compiled/react-dom/cjs/react-dom.development.js:26927:14)
    at performUnitOfWork (webpack-internal:///(app-pages-browser)/./node_modules/next/dist/compiled/react-dom/cjs/react-dom.development.js:25748:12)
    at workLoopSync (webpack-internal:///(app-pages-browser)/./node_modules/next/dist/compiled/react-dom/cjs/react-dom.development.js:25464:5)
    at renderRootSync (webpack-internal:///(app-pages-browser)/./node_modules/next/dist/compiled/react-dom/cjs/react-dom.development.js:25419:7)
    at performSyncWorkOnRoot (webpack-internal:///(app-pages-browser)/./node_modules/next/dist/compiled/react-dom/cjs/react-dom.development.js:24887:20)
    at flushSyncWorkAcrossRoots_impl (webpack-internal:///(app-pages-browser)/./node_modules/next/dist/compiled/react-dom/cjs/react-dom.development.js:7758:13)
    at flushSyncWorkOnAllRoots (webpack-internal:///(app-pages-browser)/./node_modules/next/dist/compiled/react-dom/cjs/react-dom.development.js:7718:3)
    at processRootScheduleInMicrotask (webpack-internal:///(app-pages-browser)/./node_modules/next/dist/compiled/react-dom/cjs/react-dom.development.js:7863:3)
    at eval (webpack-internal:///(app-pages-browser)/./node_modules/next/dist/compiled/react-dom/cjs/react-dom.development.js:8034:7)
[  312228ms] Error: Element type is invalid: expected a string (for built-in components) or a class/function (for composite components) but got: undefined. You likely forgot to export your component from the file it's defined in, or you might have mixed up default and named imports.

Check the render method of `ProfileTab`.
    at createFiberFromTypeAndProps (webpack-internal:///(app-pages-browser)/./node_modules/next/dist/compiled/react-dom/cjs/react-dom.development.js:27944:17)
    at createFiberFromElement (webpack-internal:///(app-pages-browser)/./node_modules/next/dist/compiled/react-dom/cjs/react-dom.development.js:27970:15)
    at createChild (webpack-internal:///(app-pages-browser)/./node_modules/next/dist/compiled/react-dom/cjs/react-dom.development.js:9726:28)
    at reconcileChildrenArray (webpack-internal:///(app-pages-browser)/./node_modules/next/dist/compiled/react-dom/cjs/react-dom.development.js:10088:25)
    at reconcileChildFibersImpl (webpack-internal:///(app-pages-browser)/./node_modules/next/dist/compiled/react-dom/cjs/react-dom.development.js:10515:16)
    at reconcileChildFibers (webpack-internal:///(app-pages-browser)/./node_modules/next/dist/compiled/react-dom/cjs/react-dom.development.js:10573:27)
    at reconcileChildren (webpack-internal:///(app-pages-browser)/./node_modules/next/dist/compiled/react-dom/cjs/react-dom.development.js:15802:28)
    at updateHostComponent$1 (webpack-internal:///(app-pages-browser)/./node_modules/next/dist/compiled/react-dom/cjs/react-dom.development.js:16687:3)
    at beginWork$1 (webpack-internal:///(app-pages-browser)/./node_modules/next/dist/compiled/react-dom/cjs/react-dom.development.js:18503:14)
    at beginWork (webpack-internal:///(app-pages-browser)/./node_modules/next/dist/compiled/react-dom/cjs/react-dom.development.js:26927:14)
    at performUnitOfWork (webpack-internal:///(app-pages-browser)/./node_modules/next/dist/compiled/react-dom/cjs/react-dom.development.js:25748:12)
    at workLoopSync (webpack-internal:///(app-pages-browser)/./node_modules/next/dist/compiled/react-dom/cjs/react-dom.development.js:25464:5)
    at renderRootSync (webpack-internal:///(app-pages-browser)/./node_modules/next/dist/compiled/react-dom/cjs/react-dom.development.js:25419:7)
    at performSyncWorkOnRoot (webpack-internal:///(app-pages-browser)/./node_modules/next/dist/compiled/react-dom/cjs/react-dom.development.js:24887:20)
    at flushSyncWorkAcrossRoots_impl (webpack-internal:///(app-pages-browser)/./node_modules/next/dist/compiled/react-dom/cjs/react-dom.development.js:7758:13)
    at flushSyncWorkOnAllRoots (webpack-internal:///(app-pages-browser)/./node_modules/next/dist/compiled/react-dom/cjs/react-dom.development.js:7718:3)
    at processRootScheduleInMicrotask (webpack-internal:///(app-pages-browser)/./node_modules/next/dist/compiled/react-dom/cjs/react-dom.development.js:7863:3)
    at eval (webpack-internal:///(app-pages-browser)/./node_modules/next/dist/compiled/react-dom/cjs/react-dom.development.js:8034:7)
[  312228ms] Error: Element type is invalid: expected a string (for built-in components) or a class/function (for composite components) but got: undefined. You likely forgot to export your component from the file it's defined in, or you might have mixed up default and named imports.

Check the render method of `ProfileTab`.
    at createFiberFromTypeAndProps (webpack-internal:///(app-pages-browser)/./node_modules/next/dist/compiled/react-dom/cjs/react-dom.development.js:27944:17)
    at createFiberFromElement (webpack-internal:///(app-pages-browser)/./node_modules/next/dist/compiled/react-dom/cjs/react-dom.development.js:27970:15)
    at createChild (webpack-internal:///(app-pages-browser)/./node_modules/next/dist/compiled/react-dom/cjs/react-dom.development.js:9726:28)
    at reconcileChildrenArray (webpack-internal:///(app-pages-browser)/./node_modules/next/dist/compiled/react-dom/cjs/react-dom.development.js:10088:25)
    at reconcileChildFibersImpl (webpack-internal:///(app-pages-browser)/./node_modules/next/dist/compiled/react-dom/cjs/react-dom.development.js:10515:16)
    at reconcileChildFibers (webpack-internal:///(app-pages-browser)/./node_modules/next/dist/compiled/react-dom/cjs/react-dom.development.js:10573:27)
    at reconcileChildren (webpack-internal:///(app-pages-browser)/./node_modules/next/dist/compiled/react-dom/cjs/react-dom.development.js:15802:28)
    at updateHostComponent$1 (webpack-internal:///(app-pages-browser)/./node_modules/next/dist/compiled/react-dom/cjs/react-dom.development.js:16687:3)
    at beginWork$1 (webpack-internal:///(app-pages-browser)/./node_modules/next/dist/compiled/react-dom/cjs/react-dom.development.js:18503:14)
    at beginWork (webpack-internal:///(app-pages-browser)/./node_modules/next/dist/compiled/react-dom/cjs/react-dom.development.js:26927:14)
    at performUnitOfWork (webpack-internal:///(app-pages-browser)/./node_modules/next/dist/compiled/react-dom/cjs/react-dom.development.js:25748:12)
    at workLoopSync (webpack-internal:///(app-pages-browser)/./node_modules/next/dist/compiled/react-dom/cjs/react-dom.development.js:25464:5)
    at renderRootSync (webpack-internal:///(app-pages-browser)/./node_modules/next/dist/compiled/react-dom/cjs/react-dom.development.js:25419:7)
    at performSyncWorkOnRoot (webpack-internal:///(app-pages-browser)/./node_modules/next/dist/compiled/react-dom/cjs/react-dom.development.js:24887:20)
    at flushSyncWorkAcrossRoots_impl (webpack-internal:///(app-pages-browser)/./node_modules/next/dist/compiled/react-dom/cjs/react-dom.development.js:7758:13)
    at flushSyncWorkOnAllRoots (webpack-internal:///(app-pages-browser)/./node_modules/next/dist/compiled/react-dom/cjs/react-dom.development.js:7718:3)
    at processRootScheduleInMicrotask (webpack-internal:///(app-pages-browser)/./node_modules/next/dist/compiled/react-dom/cjs/react-dom.development.js:7863:3)
    at eval (webpack-internal:///(app-pages-browser)/./node_modules/next/dist/compiled/react-dom/cjs/react-dom.development.js:8034:7)
[  312218ms] [ERROR] Warning: React.jsx: type is invalid -- expected a string (for built-in components) or a class/function (for composite components) but got: %s.%s%s undefined  You likely forgot to export your component from the file it's defined in, or you might have mixed up default and named imports. 
    at ProfileTab (webpack-internal:///(app-pages-browser)/./src/app/redesign/dashboard/_components/DashboardClientRedesign.tsx:1548:11)
    at div
    at DashboardClientRedesign (webpack-internal:///(app-pages-browser)/./src/app/redesign/dashboard/_components/DashboardClientRedesign.tsx:257:11)
    at DashboardRedesignPage (Server)
    at InnerLayoutRouter (webpack-internal:///(app-pages-browser)/./node_modules/next/dist/client/components/layout-router.js:243:11)
    at RedirectErrorBoundary (webpack-internal:///(app-pages-browser)/./node_modules/next/dist/client/components/redirect-boundary.js:74:9)
    at RedirectBoundary (webpack-internal:///(app-pages-browser)/./node_modules/next/dist/client/components/redirect-boundary.js:82:11)
    at NotFoundBoundary (webpack-internal:///(app-pages-browser)/./node_modules/next/dist/client/components/not-found-boundary.js:84:11)
    at LoadingBoundary (webpack-internal:///(app-pages-browser)/./node_modules/next/dist/client/components/layout-router.js:349:11)
    at ErrorBoundary (webpack-internal:///(app-pages-browser)/./node_modules/next/dist/client/components/error-boundary.js:160:11)
    at InnerScrollAndFocusHandler (webpack-internal:///(app-pages-browser)/./node_modules/next/dist/client/components/layout-router.js:153:9)
    at ScrollAndFocusHandler (webpack-internal:///(app-pages-browser)/./node_modules/next/dist/client/components/layout-router.js:228:11)
    at RenderFromTemplateContext (webpack-internal:///(app-pages-browser)/./node_modules/next/dist/client/components/render-from-template-context.js:16:44)
    at OuterLayoutRouter (webpack-internal:///(app-pages-browser)/./node_modules/next/dist/client/components/layout-router.js:370:11)
    at InnerLayoutRouter (webpack-internal:///(app-pages-browser)/./node_modules/next/dist/client/components/layout-router.js:243:11)
    at RedirectErrorBoundary (webpack-internal:///(app-pages-browser)/./node_modules/next/dist/client/components/redirect-boundary.js:74:9)
    at RedirectBoundary (webpack-internal:///(app-pages-browser)/./node_modules/next/dist/client/components/redirect-boundary.js:82:11)
    at NotFoundBoundary (webpack-internal:///(app-pages-browser)/./node_modules/next/dist/client/components/not-found-boundary.js:84:11)
    at LoadingBoundary (webpack-internal:///(app-pages-browser)/./node_modules/next/dist/client/components/layout-router.js:349:11)
    at ErrorBoundary (webpack-internal:///(app-pages-browser)/./node_modules/next/dist/client/components/error-boundary.js:160:11)
    at InnerScrollAndFocusHandler (webpack-internal:///(app-pages-browser)/./node_modules/next/dist/client/components/layout-router.js:153:9)
    at ScrollAndFocusHandler (webpack-internal:///(app-pages-browser)/./node_modules/next/dist/client/components/layout-router.js:228:11)
    at RenderFromTemplateContext (webpack-internal:///(app-pages-browser)/./node_modules/next/dist/client/components/render-from-template-context.js:16:44)
    at OuterLayoutRouter (webpack-internal:///(app-pages-browser)/./node_modules/next/dist/client/components/layout-router.js:370:11)
    at div
    at RedesignLayout (Server)
    at InnerLayoutRouter (webpack-internal:///(app-pages-browser)/./node_modules/next/dist/client/components/layout-router.js:243:11)
    at RedirectErrorBoundary (webpack-internal:///(app-pages-browser)/./node_modules/next/dist/client/components/redirect-boundary.js:74:9)
    at RedirectBoundary (webpack-internal:///(app-pages-browser)/./node_modules/next/dist/client/components/redirect-boundary.js:82:11)
    at NotFoundErrorBoundary (webpack-internal:///(app-pages-browser)/./node_modules/next/dist/client/components/not-found-boundary.js:76:9)
    at NotFoundBoundary (webpack-internal:///(app-pages-browser)/./node_modules/next/dist/client/components/not-found-boundary.js:84:11)
    at LoadingBoundary (webpack-internal:///(app-pages-browser)/./node_modules/next/dist/client/components/layout-router.js:349:11)
    at ErrorBoundary (webpack-internal:///(app-pages-browser)/./node_modules/next/dist/client/components/error-boundary.js:160:11)
    at InnerScrollAndFocusHandler (webpack-internal:///(app-pages-browser)/./node_modules/next/dist/client/components/layout-router.js:153:9)
    at ScrollAndFocusHandler (webpack-internal:///(app-pages-browser)/./node_modules/next/dist/client/components/layout-router.js:228:11)
    at RenderFromTemplateContext (webpack-internal:///(app-pages-browser)/./node_modules/next/dist/client/components/render-from-template-context.js:16:44)
    at OuterLayoutRouter (webpack-internal:///(app-pages-browser)/./node_modules/next/dist/client/components/layout-router.js:370:11)
    at __experimental_CheckoutProvider (webpack-internal:///(app-pages-browser)/./node_modules/@clerk/shared/dist/runtime/react/index.mjs:136:44)
    at SWRConfig (webpack-internal:///(app-pages-browser)/./node_modules/swr/dist/_internal/config-context-client-BoS53ST9.mjs:554:13)
    at SWRConfigCompat (webpack-internal:///(app-pages-browser)/./node_modules/@clerk/shared/dist/runtime/react/index.mjs:124:28)
    at OrganizationProvider (webpack-internal:///(app-pages-browser)/./node_modules/@clerk/shared/dist/runtime/react/index.mjs:148:33)
    at ClerkContextProvider (webpack-internal:///(app-pages-browser)/./node_modules/@clerk/clerk-react/dist/index.mjs:1849:11)
    at ClerkProviderBase (webpack-internal:///(app-pages-browser)/./node_modules/@clerk/clerk-react/dist/index.mjs:1941:11)
    at Hoc (webpack-internal:///(app-pages-browser)/./node_modules/@clerk/clerk-react/dist/chunk-THNCS7QR.mjs:84:5)
    at ClerkNextOptionsProvider (webpack-internal:///(app-pages-browser)/./node_modules/@clerk/nextjs/dist/esm/client-boundary/NextOptionsContext.js:17:11)
    at NextClientClerkProvider (webpack-internal:///(app-pages-browser)/./node_modules/@clerk/nextjs/dist/esm/app-router/client/ClerkProvider.js:62:13)
    at ClientClerkProvider (webpack-internal:///(app-pages-browser)/./node_modules/@clerk/nextjs/dist/esm/app-router/client/ClerkProvider.js:135:13)
    at ClerkProvider (Server)
    at body
    at html
    at RootLayout (Server)
    at RedirectErrorBoundary (webpack-internal:///(app-pages-browser)/./node_modules/next/dist/client/components/redirect-boundary.js:74:9)
    at RedirectBoundary (webpack-internal:///(app-pages-browser)/./node_modules/next/dist/client/components/redirect-boundary.js:82:11)
    at NotFoundErrorBoundary (webpack-internal:///(app-pages-browser)/./node_modules/next/dist/client/components/not-found-boundary.js:76:9)
    at NotFoundBoundary (webpack-internal:///(app-pages-browser)/./node_modules/next/dist/client/components/not-found-boundary.js:84:11)
    at DevRootNotFoundBoundary (webpack-internal:///(app-pages-browser)/./node_modules/next/dist/client/components/dev-root-not-found-boundary.js:33:11)
    at ReactDevOverlay (webpack-internal:///(app-pages-browser)/./node_modules/next/dist/client/components/react-dev-overlay/app/ReactDevOverlay.js:87:9)
    at HotReload (webpack-internal:///(app-pages-browser)/./node_modules/next/dist/client/components/react-dev-overlay/app/hot-reloader-client.js:321:11)
    at Router (webpack-internal:///(app-pages-browser)/./node_modules/next/dist/client/components/app-router.js:207:11)
    at ErrorBoundaryHandler (webpack-internal:///(app-pages-browser)/./node_modules/next/dist/client/components/error-boundary.js:113:9)
    at ErrorBoundary (webpack-internal:///(app-pages-browser)/./node_modules/next/dist/client/components/error-boundary.js:160:11)
    at AppRouter (webpack-internal:///(app-pages-browser)/./node_modules/next/dist/client/components/app-router.js:585:13)
    at ServerRoot (webpack-internal:///(app-pages-browser)/./node_modules/next/dist/client/app-index.js:112:27)
    at Root (webpack-internal:///(app-pages-browser)/./node_modules/next/dist/client/app-index.js:117:11) @ webpack-internal:///(app-pages-browser)/./node_modules/next/dist/client/app-index.js:32
[  312219ms] [ERROR] Warning: React.jsx: type is invalid -- expected a string (for built-in components) or a class/function (for composite components) but got: %s.%s%s undefined  You likely forgot to export your component from the file it's defined in, or you might have mixed up default and named imports. 
    at ProfileTab (webpack-internal:///(app-pages-browser)/./src/app/redesign/dashboard/_components/DashboardClientRedesign.tsx:1548:11)
    at div
    at DashboardClientRedesign (webpack-internal:///(app-pages-browser)/./src/app/redesign/dashboard/_components/DashboardClientRedesign.tsx:257:11)
    at DashboardRedesignPage (Server)
    at InnerLayoutRouter (webpack-internal:///(app-pages-browser)/./node_modules/next/dist/client/components/layout-router.js:243:11)
    at RedirectErrorBoundary (webpack-internal:///(app-pages-browser)/./node_modules/next/dist/client/components/redirect-boundary.js:74:9)
    at RedirectBoundary (webpack-internal:///(app-pages-browser)/./node_modules/next/dist/client/components/redirect-boundary.js:82:11)
    at NotFoundBoundary (webpack-internal:///(app-pages-browser)/./node_modules/next/dist/client/components/not-found-boundary.js:84:11)
    at LoadingBoundary (webpack-internal:///(app-pages-browser)/./node_modules/next/dist/client/components/layout-router.js:349:11)
    at ErrorBoundary (webpack-internal:///(app-pages-browser)/./node_modules/next/dist/client/components/error-boundary.js:160:11)
    at InnerScrollAndFocusHandler (webpack-internal:///(app-pages-browser)/./node_modules/next/dist/client/components/layout-router.js:153:9)
    at ScrollAndFocusHandler (webpack-internal:///(app-pages-browser)/./node_modules/next/dist/client/components/layout-router.js:228:11)
    at RenderFromTemplateContext (webpack-internal:///(app-pages-browser)/./node_modules/next/dist/client/components/render-from-template-context.js:16:44)
    at OuterLayoutRouter (webpack-internal:///(app-pages-browser)/./node_modules/next/dist/client/components/layout-router.js:370:11)
    at InnerLayoutRouter (webpack-internal:///(app-pages-browser)/./node_modules/next/dist/client/components/layout-router.js:243:11)
    at RedirectErrorBoundary (webpack-internal:///(app-pages-browser)/./node_modules/next/dist/client/components/redirect-boundary.js:74:9)
    at RedirectBoundary (webpack-internal:///(app-pages-browser)/./node_modules/next/dist/client/components/redirect-boundary.js:82:11)
    at NotFoundBoundary (webpack-internal:///(app-pages-browser)/./node_modules/next/dist/client/components/not-found-boundary.js:84:11)
    at LoadingBoundary (webpack-internal:///(app-pages-browser)/./node_modules/next/dist/client/components/layout-router.js:349:11)
    at ErrorBoundary (webpack-internal:///(app-pages-browser)/./node_modules/next/dist/client/components/error-boundary.js:160:11)
    at InnerScrollAndFocusHandler (webpack-internal:///(app-pages-browser)/./node_modules/next/dist/client/components/layout-router.js:153:9)
    at ScrollAndFocusHandler (webpack-internal:///(app-pages-browser)/./node_modules/next/dist/client/components/layout-router.js:228:11)
    at RenderFromTemplateContext (webpack-internal:///(app-pages-browser)/./node_modules/next/dist/client/components/render-from-template-context.js:16:44)
    at OuterLayoutRouter (webpack-internal:///(app-pages-browser)/./node_modules/next/dist/client/components/layout-router.js:370:11)
    at div
    at RedesignLayout (Server)
    at InnerLayoutRouter (webpack-internal:///(app-pages-browser)/./node_modules/next/dist/client/components/layout-router.js:243:11)
    at RedirectErrorBoundary (webpack-internal:///(app-pages-browser)/./node_modules/next/dist/client/components/redirect-boundary.js:74:9)
    at RedirectBoundary (webpack-internal:///(app-pages-browser)/./node_modules/next/dist/client/components/redirect-boundary.js:82:11)
    at NotFoundErrorBoundary (webpack-internal:///(app-pages-browser)/./node_modules/next/dist/client/components/not-found-boundary.js:76:9)
    at NotFoundBoundary (webpack-internal:///(app-pages-browser)/./node_modules/next/dist/client/components/not-found-boundary.js:84:11)
    at LoadingBoundary (webpack-internal:///(app-pages-browser)/./node_modules/next/dist/client/components/layout-router.js:349:11)
    at ErrorBoundary (webpack-internal:///(app-pages-browser)/./node_modules/next/dist/client/components/error-boundary.js:160:11)
    at InnerScrollAndFocusHandler (webpack-internal:///(app-pages-browser)/./node_modules/next/dist/client/components/layout-router.js:153:9)
    at ScrollAndFocusHandler (webpack-internal:///(app-pages-browser)/./node_modules/next/dist/client/components/layout-router.js:228:11)
    at RenderFromTemplateContext (webpack-internal:///(app-pages-browser)/./node_modules/next/dist/client/components/render-from-template-context.js:16:44)
    at OuterLayoutRouter (webpack-internal:///(app-pages-browser)/./node_modules/next/dist/client/components/layout-router.js:370:11)
    at __experimental_CheckoutProvider (webpack-internal:///(app-pages-browser)/./node_modules/@clerk/shared/dist/runtime/react/index.mjs:136:44)
    at SWRConfig (webpack-internal:///(app-pages-browser)/./node_modules/swr/dist/_internal/config-context-client-BoS53ST9.mjs:554:13)
    at SWRConfigCompat (webpack-internal:///(app-pages-browser)/./node_modules/@clerk/shared/dist/runtime/react/index.mjs:124:28)
    at OrganizationProvider (webpack-internal:///(app-pages-browser)/./node_modules/@clerk/shared/dist/runtime/react/index.mjs:148:33)
    at ClerkContextProvider (webpack-internal:///(app-pages-browser)/./node_modules/@clerk/clerk-react/dist/index.mjs:1849:11)
    at ClerkProviderBase (webpack-internal:///(app-pages-browser)/./node_modules/@clerk/clerk-react/dist/index.mjs:1941:11)
    at Hoc (webpack-internal:///(app-pages-browser)/./node_modules/@clerk/clerk-react/dist/chunk-THNCS7QR.mjs:84:5)
    at ClerkNextOptionsProvider (webpack-internal:///(app-pages-browser)/./node_modules/@clerk/nextjs/dist/esm/client-boundary/NextOptionsContext.js:17:11)
    at NextClientClerkProvider (webpack-internal:///(app-pages-browser)/./node_modules/@clerk/nextjs/dist/esm/app-router/client/ClerkProvider.js:62:13)
    at ClientClerkProvider (webpack-internal:///(app-pages-browser)/./node_modules/@clerk/nextjs/dist/esm/app-router/client/ClerkProvider.js:135:13)
    at ClerkProvider (Server)
    at body
    at html
    at RootLayout (Server)
    at RedirectErrorBoundary (webpack-internal:///(app-pages-browser)/./node_modules/next/dist/client/components/redirect-boundary.js:74:9)
    at RedirectBoundary (webpack-internal:///(app-pages-browser)/./node_modules/next/dist/client/components/redirect-boundary.js:82:11)
    at NotFoundErrorBoundary (webpack-internal:///(app-pages-browser)/./node_modules/next/dist/client/components/not-found-boundary.js:76:9)
    at NotFoundBoundary (webpack-internal:///(app-pages-browser)/./node_modules/next/dist/client/components/not-found-boundary.js:84:11)
    at DevRootNotFoundBoundary (webpack-internal:///(app-pages-browser)/./node_modules/next/dist/client/components/dev-root-not-found-boundary.js:33:11)
    at ReactDevOverlay (webpack-internal:///(app-pages-browser)/./node_modules/next/dist/client/components/react-dev-overlay/app/ReactDevOverlay.js:87:9)
    at HotReload (webpack-internal:///(app-pages-browser)/./node_modules/next/dist/client/components/react-dev-overlay/app/hot-reloader-client.js:321:11)
    at Router (webpack-internal:///(app-pages-browser)/./node_modules/next/dist/client/components/app-router.js:207:11)
    at ErrorBoundaryHandler (webpack-internal:///(app-pages-browser)/./node_modules/next/dist/client/components/error-boundary.js:113:9)
    at ErrorBoundary (webpack-internal:///(app-pages-browser)/./node_modules/next/dist/client/components/error-boundary.js:160:11)
    at AppRouter (webpack-internal:///(app-pages-browser)/./node_modules/next/dist/client/components/app-router.js:585:13)
    at ServerRoot (webpack-internal:///(app-pages-browser)/./node_modules/next/dist/client/app-index.js:112:27)
    at Root (webpack-internal:///(app-pages-browser)/./node_modules/next/dist/client/app-index.js:117:11) @ webpack-internal:///(app-pages-browser)/./node_modules/next/dist/client/app-index.js:32
[  312231ms] Error: Element type is invalid: expected a string (for built-in components) or a class/function (for composite components) but got: undefined. You likely forgot to export your component from the file it's defined in, or you might have mixed up default and named imports.

Check the render method of `ProfileTab`.
    at createFiberFromTypeAndProps (webpack-internal:///(app-pages-browser)/./node_modules/next/dist/compiled/react-dom/cjs/react-dom.development.js:27944:17)
    at createFiberFromElement (webpack-internal:///(app-pages-browser)/./node_modules/next/dist/compiled/react-dom/cjs/react-dom.development.js:27970:15)
    at createChild (webpack-internal:///(app-pages-browser)/./node_modules/next/dist/compiled/react-dom/cjs/react-dom.development.js:9726:28)
    at reconcileChildrenArray (webpack-internal:///(app-pages-browser)/./node_modules/next/dist/compiled/react-dom/cjs/react-dom.development.js:10088:25)
    at reconcileChildFibersImpl (webpack-internal:///(app-pages-browser)/./node_modules/next/dist/compiled/react-dom/cjs/react-dom.development.js:10515:16)
    at reconcileChildFibers (webpack-internal:///(app-pages-browser)/./node_modules/next/dist/compiled/react-dom/cjs/react-dom.development.js:10573:27)
    at reconcileChildren (webpack-internal:///(app-pages-browser)/./node_modules/next/dist/compiled/react-dom/cjs/react-dom.development.js:15802:28)
    at updateHostComponent$1 (webpack-internal:///(app-pages-browser)/./node_modules/next/dist/compiled/react-dom/cjs/react-dom.development.js:16687:3)
    at beginWork$1 (webpack-internal:///(app-pages-browser)/./node_modules/next/dist/compiled/react-dom/cjs/react-dom.development.js:18503:14)
    at HTMLUnknownElement.callCallback (webpack-internal:///(app-pages-browser)/./node_modules/next/dist/compiled/react-dom/cjs/react-dom.development.js:20565:14)
    at Object.invokeGuardedCallbackImpl (webpack-internal:///(app-pages-browser)/./node_modules/next/dist/compiled/react-dom/cjs/react-dom.development.js:20614:16)
    at invokeGuardedCallback (webpack-internal:///(app-pages-browser)/./node_modules/next/dist/compiled/react-dom/cjs/react-dom.development.js:20689:29)
    at beginWork (webpack-internal:///(app-pages-browser)/./node_modules/next/dist/compiled/react-dom/cjs/react-dom.development.js:26949:7)
    at performUnitOfWork (webpack-internal:///(app-pages-browser)/./node_modules/next/dist/compiled/react-dom/cjs/react-dom.development.js:25748:12)
    at workLoopSync (webpack-internal:///(app-pages-browser)/./node_modules/next/dist/compiled/react-dom/cjs/react-dom.development.js:25464:5)
    at renderRootSync (webpack-internal:///(app-pages-browser)/./node_modules/next/dist/compiled/react-dom/cjs/react-dom.development.js:25419:7)
    at recoverFromConcurrentError (webpack-internal:///(app-pages-browser)/./node_modules/next/dist/compiled/react-dom/cjs/react-dom.development.js:24597:20)
    at performSyncWorkOnRoot (webpack-internal:///(app-pages-browser)/./node_modules/next/dist/compiled/react-dom/cjs/react-dom.development.js:24899:20)
    at flushSyncWorkAcrossRoots_impl (webpack-internal:///(app-pages-browser)/./node_modules/next/dist/compiled/react-dom/cjs/react-dom.development.js:7758:13)
    at flushSyncWorkOnAllRoots (webpack-internal:///(app-pages-browser)/./node_modules/next/dist/compiled/react-dom/cjs/react-dom.development.js:7718:3)
    at processRootScheduleInMicrotask (webpack-internal:///(app-pages-browser)/./node_modules/next/dist/compiled/react-dom/cjs/react-dom.development.js:7863:3)
    at eval (webpack-internal:///(app-pages-browser)/./node_modules/next/dist/compiled/react-dom/cjs/react-dom.development.js:8034:7)
[  312232ms] Error: Element type is invalid: expected a string (for built-in components) or a class/function (for composite components) but got: undefined. You likely forgot to export your component from the file it's defined in, or you might have mixed up default and named imports.

Check the render method of `ProfileTab`.
    at createFiberFromTypeAndProps (webpack-internal:///(app-pages-browser)/./node_modules/next/dist/compiled/react-dom/cjs/react-dom.development.js:27944:17)
    at createFiberFromElement (webpack-internal:///(app-pages-browser)/./node_modules/next/dist/compiled/react-dom/cjs/react-dom.development.js:27970:15)
    at createChild (webpack-internal:///(app-pages-browser)/./node_modules/next/dist/compiled/react-dom/cjs/react-dom.development.js:9726:28)
    at reconcileChildrenArray (webpack-internal:///(app-pages-browser)/./node_modules/next/dist/compiled/react-dom/cjs/react-dom.development.js:10088:25)
    at reconcileChildFibersImpl (webpack-internal:///(app-pages-browser)/./node_modules/next/dist/compiled/react-dom/cjs/react-dom.development.js:10515:16)
    at reconcileChildFibers (webpack-internal:///(app-pages-browser)/./node_modules/next/dist/compiled/react-dom/cjs/react-dom.development.js:10573:27)
    at reconcileChildren (webpack-internal:///(app-pages-browser)/./node_modules/next/dist/compiled/react-dom/cjs/react-dom.development.js:15802:28)
    at updateHostComponent$1 (webpack-internal:///(app-pages-browser)/./node_modules/next/dist/compiled/react-dom/cjs/react-dom.development.js:16687:3)
    at beginWork$1 (webpack-internal:///(app-pages-browser)/./node_modules/next/dist/compiled/react-dom/cjs/react-dom.development.js:18503:14)
    at beginWork (webpack-internal:///(app-pages-browser)/./node_modules/next/dist/compiled/react-dom/cjs/react-dom.development.js:26927:14)
    at performUnitOfWork (webpack-internal:///(app-pages-browser)/./node_modules/next/dist/compiled/react-dom/cjs/react-dom.development.js:25748:12)
    at workLoopSync (webpack-internal:///(app-pages-browser)/./node_modules/next/dist/compiled/react-dom/cjs/react-dom.development.js:25464:5)
    at renderRootSync (webpack-internal:///(app-pages-browser)/./node_modules/next/dist/compiled/react-dom/cjs/react-dom.development.js:25419:7)
    at recoverFromConcurrentError (webpack-internal:///(app-pages-browser)/./node_modules/next/dist/compiled/react-dom/cjs/react-dom.development.js:24597:20)
    at performSyncWorkOnRoot (webpack-internal:///(app-pages-browser)/./node_modules/next/dist/compiled/react-dom/cjs/react-dom.development.js:24899:20)
    at flushSyncWorkAcrossRoots_impl (webpack-internal:///(app-pages-browser)/./node_modules/next/dist/compiled/react-dom/cjs/react-dom.development.js:7758:13)
    at flushSyncWorkOnAllRoots (webpack-internal:///(app-pages-browser)/./node_modules/next/dist/compiled/react-dom/cjs/react-dom.development.js:7718:3)
    at processRootScheduleInMicrotask (webpack-internal:///(app-pages-browser)/./node_modules/next/dist/compiled/react-dom/cjs/react-dom.development.js:7863:3)
    at eval (webpack-internal:///(app-pages-browser)/./node_modules/next/dist/compiled/react-dom/cjs/react-dom.development.js:8034:7)
[  312233ms] Error: Element type is invalid: expected a string (for built-in components) or a class/function (for composite components) but got: undefined. You likely forgot to export your component from the file it's defined in, or you might have mixed up default and named imports.

Check the render method of `ProfileTab`.
    at createFiberFromTypeAndProps (webpack-internal:///(app-pages-browser)/./node_modules/next/dist/compiled/react-dom/cjs/react-dom.development.js:27944:17)
    at createFiberFromElement (webpack-internal:///(app-pages-browser)/./node_modules/next/dist/compiled/react-dom/cjs/react-dom.development.js:27970:15)
    at createChild (webpack-internal:///(app-pages-browser)/./node_modules/next/dist/compiled/react-dom/cjs/react-dom.development.js:9726:28)
    at reconcileChildrenArray (webpack-internal:///(app-pages-browser)/./node_modules/next/dist/compiled/react-dom/cjs/react-dom.development.js:10088:25)
    at reconcileChildFibersImpl (webpack-internal:///(app-pages-browser)/./node_modules/next/dist/compiled/react-dom/cjs/react-dom.development.js:10515:16)
    at reconcileChildFibers (webpack-internal:///(app-pages-browser)/./node_modules/next/dist/compiled/react-dom/cjs/react-dom.development.js:10573:27)
    at reconcileChildren (webpack-internal:///(app-pages-browser)/./node_modules/next/dist/compiled/react-dom/cjs/react-dom.development.js:15802:28)
    at updateHostComponent$1 (webpack-internal:///(app-pages-browser)/./node_modules/next/dist/compiled/react-dom/cjs/react-dom.development.js:16687:3)
    at beginWork$1 (webpack-internal:///(app-pages-browser)/./node_modules/next/dist/compiled/react-dom/cjs/react-dom.development.js:18503:14)
    at beginWork (webpack-internal:///(app-pages-browser)/./node_modules/next/dist/compiled/react-dom/cjs/react-dom.development.js:26927:14)
    at performUnitOfWork (webpack-internal:///(app-pages-browser)/./node_modules/next/dist/compiled/react-dom/cjs/react-dom.development.js:25748:12)
    at workLoopSync (webpack-internal:///(app-pages-browser)/./node_modules/next/dist/compiled/react-dom/cjs/react-dom.development.js:25464:5)
    at renderRootSync (webpack-internal:///(app-pages-browser)/./node_modules/next/dist/compiled/react-dom/cjs/react-dom.development.js:25419:7)
    at recoverFromConcurrentError (webpack-internal:///(app-pages-browser)/./node_modules/next/dist/compiled/react-dom/cjs/react-dom.development.js:24597:20)
    at performSyncWorkOnRoot (webpack-internal:///(app-pages-browser)/./node_modules/next/dist/compiled/react-dom/cjs/react-dom.development.js:24899:20)
    at flushSyncWorkAcrossRoots_impl (webpack-internal:///(app-pages-browser)/./node_modules/next/dist/compiled/react-dom/cjs/react-dom.development.js:7758:13)
    at flushSyncWorkOnAllRoots (webpack-internal:///(app-pages-browser)/./node_modules/next/dist/compiled/react-dom/cjs/react-dom.development.js:7718:3)
    at processRootScheduleInMicrotask (webpack-internal:///(app-pages-browser)/./node_modules/next/dist/compiled/react-dom/cjs/react-dom.development.js:7863:3)
    at eval (webpack-internal:///(app-pages-browser)/./node_modules/next/dist/compiled/react-dom/cjs/react-dom.development.js:8034:7)
[  312233ms] Error: Element type is invalid: expected a string (for built-in components) or a class/function (for composite components) but got: undefined. You likely forgot to export your component from the file it's defined in, or you might have mixed up default and named imports.

Check the render method of `ProfileTab`.
    at createFiberFromTypeAndProps (webpack-internal:///(app-pages-browser)/./node_modules/next/dist/compiled/react-dom/cjs/react-dom.development.js:27944:17)
    at createFiberFromElement (webpack-internal:///(app-pages-browser)/./node_modules/next/dist/compiled/react-dom/cjs/react-dom.development.js:27970:15)
    at createChild (webpack-internal:///(app-pages-browser)/./node_modules/next/dist/compiled/react-dom/cjs/react-dom.development.js:9726:28)
    at reconcileChildrenArray (webpack-internal:///(app-pages-browser)/./node_modules/next/dist/compiled/react-dom/cjs/react-dom.development.js:10088:25)
    at reconcileChildFibersImpl (webpack-internal:///(app-pages-browser)/./node_modules/next/dist/compiled/react-dom/cjs/react-dom.development.js:10515:16)
    at reconcileChildFibers (webpack-internal:///(app-pages-browser)/./node_modules/next/dist/compiled/react-dom/cjs/react-dom.development.js:10573:27)
    at reconcileChildren (webpack-internal:///(app-pages-browser)/./node_modules/next/dist/compiled/react-dom/cjs/react-dom.development.js:15802:28)
    at updateHostComponent$1 (webpack-internal:///(app-pages-browser)/./node_modules/next/dist/compiled/react-dom/cjs/react-dom.development.js:16687:3)
    at beginWork$1 (webpack-internal:///(app-pages-browser)/./node_modules/next/dist/compiled/react-dom/cjs/react-dom.development.js:18503:14)
    at beginWork (webpack-internal:///(app-pages-browser)/./node_modules/next/dist/compiled/react-dom/cjs/react-dom.development.js:26927:14)
    at performUnitOfWork (webpack-internal:///(app-pages-browser)/./node_modules/next/dist/compiled/react-dom/cjs/react-dom.development.js:25748:12)
    at workLoopSync (webpack-internal:///(app-pages-browser)/./node_modules/next/dist/compiled/react-dom/cjs/react-dom.development.js:25464:5)
    at renderRootSync (webpack-internal:///(app-pages-browser)/./node_modules/next/dist/compiled/react-dom/cjs/react-dom.development.js:25419:7)
    at recoverFromConcurrentError (webpack-internal:///(app-pages-browser)/./node_modules/next/dist/compiled/react-dom/cjs/react-dom.development.js:24597:20)
    at performSyncWorkOnRoot (webpack-internal:///(app-pages-browser)/./node_modules/next/dist/compiled/react-dom/cjs/react-dom.development.js:24899:20)
    at flushSyncWorkAcrossRoots_impl (webpack-internal:///(app-pages-browser)/./node_modules/next/dist/compiled/react-dom/cjs/react-dom.development.js:7758:13)
    at flushSyncWorkOnAllRoots (webpack-internal:///(app-pages-browser)/./node_modules/next/dist/compiled/react-dom/cjs/react-dom.development.js:7718:3)
    at processRootScheduleInMicrotask (webpack-internal:///(app-pages-browser)/./node_modules/next/dist/compiled/react-dom/cjs/react-dom.development.js:7863:3)
    at eval (webpack-internal:///(app-pages-browser)/./node_modules/next/dist/compiled/react-dom/cjs/react-dom.development.js:8034:7)
[  312234ms] Error: Element type is invalid: expected a string (for built-in components) or a class/function (for composite components) but got: undefined. You likely forgot to export your component from the file it's defined in, or you might have mixed up default and named imports.

Check the render method of `ProfileTab`.
    at createFiberFromTypeAndProps (webpack-internal:///(app-pages-browser)/./node_modules/next/dist/compiled/react-dom/cjs/react-dom.development.js:27944:17)
    at createFiberFromElement (webpack-internal:///(app-pages-browser)/./node_modules/next/dist/compiled/react-dom/cjs/react-dom.development.js:27970:15)
    at createChild (webpack-internal:///(app-pages-browser)/./node_modules/next/dist/compiled/react-dom/cjs/react-dom.development.js:9726:28)
    at reconcileChildrenArray (webpack-internal:///(app-pages-browser)/./node_modules/next/dist/compiled/react-dom/cjs/react-dom.development.js:10088:25)
    at reconcileChildFibersImpl (webpack-internal:///(app-pages-browser)/./node_modules/next/dist/compiled/react-dom/cjs/react-dom.development.js:10515:16)
    at reconcileChildFibers (webpack-internal:///(app-pages-browser)/./node_modules/next/dist/compiled/react-dom/cjs/react-dom.development.js:10573:27)
    at reconcileChildren (webpack-internal:///(app-pages-browser)/./node_modules/next/dist/compiled/react-dom/cjs/react-dom.development.js:15802:28)
    at updateHostComponent$1 (webpack-internal:///(app-pages-browser)/./node_modules/next/dist/compiled/react-dom/cjs/react-dom.development.js:16687:3)
    at beginWork$1 (webpack-internal:///(app-pages-browser)/./node_modules/next/dist/compiled/react-dom/cjs/react-dom.development.js:18503:14)
    at beginWork (webpack-internal:///(app-pages-browser)/./node_modules/next/dist/compiled/react-dom/cjs/react-dom.development.js:26927:14)
    at performUnitOfWork (webpack-internal:///(app-pages-browser)/./node_modules/next/dist/compiled/react-dom/cjs/react-dom.development.js:25748:12)
    at workLoopSync (webpack-internal:///(app-pages-browser)/./node_modules/next/dist/compiled/react-dom/cjs/react-dom.development.js:25464:5)
    at renderRootSync (webpack-internal:///(app-pages-browser)/./node_modules/next/dist/compiled/react-dom/cjs/react-dom.development.js:25419:7)
    at recoverFromConcurrentError (webpack-internal:///(app-pages-browser)/./node_modules/next/dist/compiled/react-dom/cjs/react-dom.development.js:24597:20)
    at performSyncWorkOnRoot (webpack-internal:///(app-pages-browser)/./node_modules/next/dist/compiled/react-dom/cjs/react-dom.development.js:24899:20)
    at flushSyncWorkAcrossRoots_impl (webpack-internal:///(app-pages-browser)/./node_modules/next/dist/compiled/react-dom/cjs/react-dom.development.js:7758:13)
    at flushSyncWorkOnAllRoots (webpack-internal:///(app-pages-browser)/./node_modules/next/dist/compiled/react-dom/cjs/react-dom.development.js:7718:3)
    at processRootScheduleInMicrotask (webpack-internal:///(app-pages-browser)/./node_modules/next/dist/compiled/react-dom/cjs/react-dom.development.js:7863:3)
    at eval (webpack-internal:///(app-pages-browser)/./node_modules/next/dist/compiled/react-dom/cjs/react-dom.development.js:8034:7)
[  312236ms] Error: Element type is invalid: expected a string (for built-in components) or a class/function (for composite components) but got: undefined. You likely forgot to export your component from the file it's defined in, or you might have mixed up default and named imports.

Check the render method of `ProfileTab`.
    at createFiberFromTypeAndProps (webpack-internal:///(app-pages-browser)/./node_modules/next/dist/compiled/react-dom/cjs/react-dom.development.js:27944:17)
    at createFiberFromElement (webpack-internal:///(app-pages-browser)/./node_modules/next/dist/compiled/react-dom/cjs/react-dom.development.js:27970:15)
    at createChild (webpack-internal:///(app-pages-browser)/./node_modules/next/dist/compiled/react-dom/cjs/react-dom.development.js:9726:28)
    at reconcileChildrenArray (webpack-internal:///(app-pages-browser)/./node_modules/next/dist/compiled/react-dom/cjs/react-dom.development.js:10088:25)
    at reconcileChildFibersImpl (webpack-internal:///(app-pages-browser)/./node_modules/next/dist/compiled/react-dom/cjs/react-dom.development.js:10515:16)
    at reconcileChildFibers (webpack-internal:///(app-pages-browser)/./node_modules/next/dist/compiled/react-dom/cjs/react-dom.development.js:10573:27)
    at reconcileChildren (webpack-internal:///(app-pages-browser)/./node_modules/next/dist/compiled/react-dom/cjs/react-dom.development.js:15802:28)
    at updateHostComponent$1 (webpack-internal:///(app-pages-browser)/./node_modules/next/dist/compiled/react-dom/cjs/react-dom.development.js:16687:3)
    at beginWork$1 (webpack-internal:///(app-pages-browser)/./node_modules/next/dist/compiled/react-dom/cjs/react-dom.development.js:18503:14)
    at beginWork (webpack-internal:///(app-pages-browser)/./node_modules/next/dist/compiled/react-dom/cjs/react-dom.development.js:26927:14)
    at performUnitOfWork (webpack-internal:///(app-pages-browser)/./node_modules/next/dist/compiled/react-dom/cjs/react-dom.development.js:25748:12)
    at workLoopSync (webpack-internal:///(app-pages-browser)/./node_modules/next/dist/compiled/react-dom/cjs/react-dom.development.js:25464:5)
    at renderRootSync (webpack-internal:///(app-pages-browser)/./node_modules/next/dist/compiled/react-dom/cjs/react-dom.development.js:25419:7)
    at recoverFromConcurrentError (webpack-internal:///(app-pages-browser)/./node_modules/next/dist/compiled/react-dom/cjs/react-dom.development.js:24597:20)
    at performSyncWorkOnRoot (webpack-internal:///(app-pages-browser)/./node_modules/next/dist/compiled/react-dom/cjs/react-dom.development.js:24899:20)
    at flushSyncWorkAcrossRoots_impl (webpack-internal:///(app-pages-browser)/./node_modules/next/dist/compiled/react-dom/cjs/react-dom.development.js:7758:13)
    at flushSyncWorkOnAllRoots (webpack-internal:///(app-pages-browser)/./node_modules/next/dist/compiled/react-dom/cjs/react-dom.development.js:7718:3)
    at processRootScheduleInMicrotask (webpack-internal:///(app-pages-browser)/./node_modules/next/dist/compiled/react-dom/cjs/react-dom.development.js:7863:3)
    at eval (webpack-internal:///(app-pages-browser)/./node_modules/next/dist/compiled/react-dom/cjs/react-dom.development.js:8034:7)
[  312236ms] Error: Element type is invalid: expected a string (for built-in components) or a class/function (for composite components) but got: undefined. You likely forgot to export your component from the file it's defined in, or you might have mixed up default and named imports.

Check the render method of `ProfileTab`.
    at createFiberFromTypeAndProps (webpack-internal:///(app-pages-browser)/./node_modules/next/dist/compiled/react-dom/cjs/react-dom.development.js:27944:17)
    at createFiberFromElement (webpack-internal:///(app-pages-browser)/./node_modules/next/dist/compiled/react-dom/cjs/react-dom.development.js:27970:15)
    at createChild (webpack-internal:///(app-pages-browser)/./node_modules/next/dist/compiled/react-dom/cjs/react-dom.development.js:9726:28)
    at reconcileChildrenArray (webpack-internal:///(app-pages-browser)/./node_modules/next/dist/compiled/react-dom/cjs/react-dom.development.js:10088:25)
    at reconcileChildFibersImpl (webpack-internal:///(app-pages-browser)/./node_modules/next/dist/compiled/react-dom/cjs/react-dom.development.js:10515:16)
    at reconcileChildFibers (webpack-internal:///(app-pages-browser)/./node_modules/next/dist/compiled/react-dom/cjs/react-dom.development.js:10573:27)
    at reconcileChildren (webpack-internal:///(app-pages-browser)/./node_modules/next/dist/compiled/react-dom/cjs/react-dom.development.js:15802:28)
    at updateHostComponent$1 (webpack-internal:///(app-pages-browser)/./node_modules/next/dist/compiled/react-dom/cjs/react-dom.development.js:16687:3)
    at beginWork$1 (webpack-internal:///(app-pages-browser)/./node_modules/next/dist/compiled/react-dom/cjs/react-dom.development.js:18503:14)
    at beginWork (webpack-internal:///(app-pages-browser)/./node_modules/next/dist/compiled/react-dom/cjs/react-dom.development.js:26927:14)
    at performUnitOfWork (webpack-internal:///(app-pages-browser)/./node_modules/next/dist/compiled/react-dom/cjs/react-dom.development.js:25748:12)
    at workLoopSync (webpack-internal:///(app-pages-browser)/./node_modules/next/dist/compiled/react-dom/cjs/react-dom.development.js:25464:5)
    at renderRootSync (webpack-internal:///(app-pages-browser)/./node_modules/next/dist/compiled/react-dom/cjs/react-dom.development.js:25419:7)
    at recoverFromConcurrentError (webpack-internal:///(app-pages-browser)/./node_modules/next/dist/compiled/react-dom/cjs/react-dom.development.js:24597:20)
    at performSyncWorkOnRoot (webpack-internal:///(app-pages-browser)/./node_modules/next/dist/compiled/react-dom/cjs/react-dom.development.js:24899:20)
    at flushSyncWorkAcrossRoots_impl (webpack-internal:///(app-pages-browser)/./node_modules/next/dist/compiled/react-dom/cjs/react-dom.development.js:7758:13)
    at flushSyncWorkOnAllRoots (webpack-internal:///(app-pages-browser)/./node_modules/next/dist/compiled/react-dom/cjs/react-dom.development.js:7718:3)
    at processRootScheduleInMicrotask (webpack-internal:///(app-pages-browser)/./node_modules/next/dist/compiled/react-dom/cjs/react-dom.development.js:7863:3)
    at eval (webpack-internal:///(app-pages-browser)/./node_modules/next/dist/compiled/react-dom/cjs/react-dom.development.js:8034:7)
[  312230ms] [ERROR] The above error occurred in the <NotFoundErrorBoundary> component:

    at div
    at div
    at div
    at section
    at div
    at div
    at ProfileTab (webpack-internal:///(app-pages-browser)/./src/app/redesign/dashboard/_components/DashboardClientRedesign.tsx:1548:11)
    at div
    at DashboardClientRedesign (webpack-internal:///(app-pages-browser)/./src/app/redesign/dashboard/_components/DashboardClientRedesign.tsx:257:11)
    at DashboardRedesignPage (Server)
    at InnerLayoutRouter (webpack-internal:///(app-pages-browser)/./node_modules/next/dist/client/components/layout-router.js:243:11)
    at RedirectErrorBoundary (webpack-internal:///(app-pages-browser)/./node_modules/next/dist/client/components/redirect-boundary.js:74:9)
    at RedirectBoundary (webpack-internal:///(app-pages-browser)/./node_modules/next/dist/client/components/redirect-boundary.js:82:11)
    at NotFoundBoundary (webpack-internal:///(app-pages-browser)/./node_modules/next/dist/client/components/not-found-boundary.js:84:11)
    at LoadingBoundary (webpack-internal:///(app-pages-browser)/./node_modules/next/dist/client/components/layout-router.js:349:11)
    at ErrorBoundary (webpack-internal:///(app-pages-browser)/./node_modules/next/dist/client/components/error-boundary.js:160:11)
    at InnerScrollAndFocusHandler (webpack-internal:///(app-pages-browser)/./node_modules/next/dist/client/components/layout-router.js:153:9)
    at ScrollAndFocusHandler (webpack-internal:///(app-pages-browser)/./node_modules/next/dist/client/components/layout-router.js:228:11)
    at RenderFromTemplateContext (webpack-internal:///(app-pages-browser)/./node_modules/next/dist/client/components/render-from-template-context.js:16:44)
    at OuterLayoutRouter (webpack-internal:///(app-pages-browser)/./node_modules/next/dist/client/components/layout-router.js:370:11)
    at InnerLayoutRouter (webpack-internal:///(app-pages-browser)/./node_modules/next/dist/client/components/layout-router.js:243:11)
    at RedirectErrorBoundary (webpack-internal:///(app-pages-browser)/./node_modules/next/dist/client/components/redirect-boundary.js:74:9)
    at RedirectBoundary (webpack-internal:///(app-pages-browser)/./node_modules/next/dist/client/components/redirect-boundary.js:82:11)
    at NotFoundBoundary (webpack-internal:///(app-pages-browser)/./node_modules/next/dist/client/components/not-found-boundary.js:84:11)
    at LoadingBoundary (webpack-internal:///(app-pages-browser)/./node_modules/next/dist/client/components/layout-router.js:349:11)
    at ErrorBoundary (webpack-internal:///(app-pages-browser)/./node_modules/next/dist/client/components/error-boundary.js:160:11)
    at InnerScrollAndFocusHandler (webpack-internal:///(app-pages-browser)/./node_modules/next/dist/client/components/layout-router.js:153:9)
    at ScrollAndFocusHandler (webpack-internal:///(app-pages-browser)/./node_modules/next/dist/client/components/layout-router.js:228:11)
    at RenderFromTemplateContext (webpack-internal:///(app-pages-browser)/./node_modules/next/dist/client/components/render-from-template-context.js:16:44)
    at OuterLayoutRouter (webpack-internal:///(app-pages-browser)/./node_modules/next/dist/client/components/layout-router.js:370:11)
    at div
    at RedesignLayout (Server)
    at InnerLayoutRouter (webpack-internal:///(app-pages-browser)/./node_modules/next/dist/client/components/layout-router.js:243:11)
    at RedirectErrorBoundary (webpack-internal:///(app-pages-browser)/./node_modules/next/dist/client/components/redirect-boundary.js:74:9)
    at RedirectBoundary (webpack-internal:///(app-pages-browser)/./node_modules/next/dist/client/components/redirect-boundary.js:82:11)
    at NotFoundErrorBoundary (webpack-internal:///(app-pages-browser)/./node_modules/next/dist/client/components/not-found-boundary.js:76:9)
    at NotFoundBoundary (webpack-internal:///(app-pages-browser)/./node_modules/next/dist/client/components/not-found-boundary.js:84:11)
    at LoadingBoundary (webpack-internal:///(app-pages-browser)/./node_modules/next/dist/client/components/layout-router.js:349:11)
    at ErrorBoundary (webpack-internal:///(app-pages-browser)/./node_modules/next/dist/client/components/error-boundary.js:160:11)
    at InnerScrollAndFocusHandler (webpack-internal:///(app-pages-browser)/./node_modules/next/dist/client/components/layout-router.js:153:9)
    at ScrollAndFocusHandler (webpack-internal:///(app-pages-browser)/./node_modules/next/dist/client/components/layout-router.js:228:11)
    at RenderFromTemplateContext (webpack-internal:///(app-pages-browser)/./node_modules/next/dist/client/components/render-from-template-context.js:16:44)
    at OuterLayoutRouter (webpack-internal:///(app-pages-browser)/./node_modules/next/dist/client/components/layout-router.js:370:11)
    at __experimental_CheckoutProvider (webpack-internal:///(app-pages-browser)/./node_modules/@clerk/shared/dist/runtime/react/index.mjs:136:44)
    at SWRConfig (webpack-internal:///(app-pages-browser)/./node_modules/swr/dist/_internal/config-context-client-BoS53ST9.mjs:554:13)
    at SWRConfigCompat (webpack-internal:///(app-pages-browser)/./node_modules/@clerk/shared/dist/runtime/react/index.mjs:124:28)
    at OrganizationProvider (webpack-internal:///(app-pages-browser)/./node_modules/@clerk/shared/dist/runtime/react/index.mjs:148:33)
    at ClerkContextProvider (webpack-internal:///(app-pages-browser)/./node_modules/@clerk/clerk-react/dist/index.mjs:1849:11)
    at ClerkProviderBase (webpack-internal:///(app-pages-browser)/./node_modules/@clerk/clerk-react/dist/index.mjs:1941:11)
    at Hoc (webpack-internal:///(app-pages-browser)/./node_modules/@clerk/clerk-react/dist/chunk-THNCS7QR.mjs:84:5)
    at ClerkNextOptionsProvider (webpack-internal:///(app-pages-browser)/./node_modules/@clerk/nextjs/dist/esm/client-boundary/NextOptionsContext.js:17:11)
    at NextClientClerkProvider (webpack-internal:///(app-pages-browser)/./node_modules/@clerk/nextjs/dist/esm/app-router/client/ClerkProvider.js:62:13)
    at ClientClerkProvider (webpack-internal:///(app-pages-browser)/./node_modules/@clerk/nextjs/dist/esm/app-router/client/ClerkProvider.js:135:13)
    at ClerkProvider (Server)
    at body
    at html
    at RootLayout (Server)
    at RedirectErrorBoundary (webpack-internal:///(app-pages-browser)/./node_modules/next/dist/client/components/redirect-boundary.js:74:9)
    at RedirectBoundary (webpack-internal:///(app-pages-browser)/./node_modules/next/dist/client/components/redirect-boundary.js:82:11)
    at NotFoundErrorBoundary (webpack-internal:///(app-pages-browser)/./node_modules/next/dist/client/components/not-found-boundary.js:76:9)
    at NotFoundBoundary (webpack-internal:///(app-pages-browser)/./node_modules/next/dist/client/components/not-found-boundary.js:84:11)
    at DevRootNotFoundBoundary (webpack-internal:///(app-pages-browser)/./node_modules/next/dist/client/components/dev-root-not-found-boundary.js:33:11)
    at ReactDevOverlay (webpack-internal:///(app-pages-browser)/./node_modules/next/dist/client/components/react-dev-overlay/app/ReactDevOverlay.js:87:9)
    at HotReload (webpack-internal:///(app-pages-browser)/./node_modules/next/dist/client/components/react-dev-overlay/app/hot-reloader-client.js:321:11)
    at Router (webpack-internal:///(app-pages-browser)/./node_modules/next/dist/client/components/app-router.js:207:11)
    at ErrorBoundaryHandler (webpack-internal:///(app-pages-browser)/./node_modules/next/dist/client/components/error-boundary.js:113:9)
    at ErrorBoundary (webpack-internal:///(app-pages-browser)/./node_modules/next/dist/client/components/error-boundary.js:160:11)
    at AppRouter (webpack-internal:///(app-pages-browser)/./node_modules/next/dist/client/components/app-router.js:585:13)
    at ServerRoot (webpack-internal:///(app-pages-browser)/./node_modules/next/dist/client/app-index.js:112:27)
    at Root (webpack-internal:///(app-pages-browser)/./node_modules/next/dist/client/app-index.js:117:11)

React will try to recreate this component tree from scratch using the error boundary you provided, ReactDevOverlay. @ webpack-internal:///(app-pages-browser)/./node_modules/next/dist/client/app-index.js:32
[  314220ms] [LOG] [Fast Refresh] rebuilding @ webpack-internal:///(app-pages-browser)/./node_modules/next/dist/client/components/react-dev-overlay/app/hot-reloader-client.js:186
[  314662ms] [WARNING] ./src/app/redesign/dashboard/_components/DashboardClientRedesign.tsx
Attempted import error: 'Linkedin' is not exported from '__barrel_optimize__?names=AlertCircle,ArrowRight,Award,Bell,BookOpen,Bookmark,Brain,Briefcase,Building2,Check,ChevronRight,Circle,Clock,ExternalLink,FileCheck,Globe,GraduationCap,Layers,Linkedin,Pencil,Plus,Route,Search,Settings,Sparkles,TrendingUp,Upload,User,Zap!=!lucide-react' (imported as 'Linkedin').

Import trace for requested module:
./src/app/redesign/dashboard/_components/DashboardClientRedesign.tsx @ webpack-internal:///(app-pages-browser)/./node_modules/next/dist/client/components/react-dev-overlay/app/hot-reloader-client.js:226
[  314809ms] [WARNING] [Fast Refresh] performing full reload because your application had an unrecoverable error @ webpack-internal:///(app-pages-browser)/./node_modules/next/dist/client/components/react-dev-overlay/app/hot-reloader-client.js:114
[  315531ms] [INFO] %cDownload the React DevTools for a better development experience: https://reactjs.org/link/react-devtools font-weight:bold @ webpack-internal:///(app-pages-browser)/./node_modules/next/dist/compiled/react-dom/cjs/react-dom.development.js:38559
[  315737ms] [WARNING] ./src/app/redesign/dashboard/_components/DashboardClientRedesign.tsx
Attempted import error: 'Linkedin' is not exported from '__barrel_optimize__?names=AlertCircle,ArrowRight,Award,Bell,BookOpen,Bookmark,Brain,Briefcase,Building2,Check,ChevronRight,Circle,Clock,ExternalLink,FileCheck,Globe,GraduationCap,Layers,Linkedin,Pencil,Plus,Route,Search,Settings,Sparkles,TrendingUp,Upload,User,Zap!=!lucide-react' (imported as 'Linkedin'). @ webpack-internal:///(app-pages-browser)/./node_modules/next/dist/client/components/react-dev-overlay/app/hot-reloader-client.js:226
[  316022ms] [ERROR] Failed to load resource: the server responded with a status of 400 () @ https://clerk.greentryst.com/v1/environment?__clerk_api_version=2025-11-10&_clerk_js_version=5.125.7:0
[  316069ms] [ERROR] Failed to load resource: the server responded with a status of 400 () @ https://clerk.greentryst.com/v1/client?__clerk_api_version=2025-11-10&_clerk_js_version=5.125.7:0
[  316070ms] [ERROR] e: Clerk: Production Keys are only allowed for domain "greentryst.com". 
API Error: The Request HTTP Origin header must be equal to or a subdomain of the requesting URL.
    at https://clerk.greentryst.com/npm/@clerk/clerk-js@5/dist/clerk.browser.js:2:7182
    at u._baseFetch (https://clerk.greentryst.com/npm/@clerk/clerk-js@5/dist/clerk.browser.js:3:38)
    at async d.execute (https://clerk.greentryst.com/npm/@clerk/clerk-js@5/dist/clerk.browser.js:2:5226)
    at async s._baseGet (https://clerk.greentryst.com/npm/@clerk/clerk-js@5/dist/clerk.browser.js:3:567)
    at async Promise.all (index 1)
    at async #U (https://clerk.greentryst.com/npm/@clerk/clerk-js@5/dist/clerk.browser.js:5:73541)
    at async e5.load (https://clerk.greentryst.com/npm/@clerk/clerk-js@5/dist/clerk.browser.js:5:34322)
    at async _IsomorphicClerk.loadClerkJS (webpack-internal:///(app-pages-browser)/./node_modules/@clerk/clerk-react/dist/index.mjs:1746:9) @ webpack-internal:///(app-pages-browser)/./node_modules/next/dist/client/app-index.js:32
[  316434ms] [ERROR] Failed to load resource: the server responded with a status of 400 () @ https://clerk.greentryst.com/v1/environment?__clerk_api_version=2025-11-10&_clerk_js_version=5.125.7:0
[  316470ms] [ERROR] Failed to load resource: the server responded with a status of 400 () @ https://clerk.greentryst.com/v1/client?__clerk_api_version=2025-11-10&_clerk_js_version=5.125.7:0
[  316470ms] [ERROR] e: Clerk: Production Keys are only allowed for domain "greentryst.com". 
API Error: The Request HTTP Origin header must be equal to or a subdomain of the requesting URL.
    at https://clerk.greentryst.com/npm/@clerk/clerk-js@5/dist/clerk.browser.js:2:7182
    at u._baseFetch (https://clerk.greentryst.com/npm/@clerk/clerk-js@5/dist/clerk.browser.js:3:38)
    at async d.execute (https://clerk.greentryst.com/npm/@clerk/clerk-js@5/dist/clerk.browser.js:2:5226)
    at async s._baseGet (https://clerk.greentryst.com/npm/@clerk/clerk-js@5/dist/clerk.browser.js:3:567)
    at async Promise.all (index 1)
    at async #U (https://clerk.greentryst.com/npm/@clerk/clerk-js@5/dist/clerk.browser.js:5:73541)
    at async e5.load (https://clerk.greentryst.com/npm/@clerk/clerk-js@5/dist/clerk.browser.js:5:34322)
    at async _IsomorphicClerk.loadClerkJS (webpack-internal:///(app-pages-browser)/./node_modules/@clerk/clerk-react/dist/index.mjs:1746:9) @ webpack-internal:///(app-pages-browser)/./node_modules/next/dist/client/app-index.js:32
[  400598ms] [ERROR] Warning: React.jsx: type is invalid -- expected a string (for built-in components) or a class/function (for composite components) but got: %s.%s%s undefined  You likely forgot to export your component from the file it's defined in, or you might have mixed up default and named imports. 
    at ProfileTab (webpack-internal:///(app-pages-browser)/./src/app/redesign/dashboard/_components/DashboardClientRedesign.tsx:1548:11)
    at div
    at DashboardClientRedesign (webpack-internal:///(app-pages-browser)/./src/app/redesign/dashboard/_components/DashboardClientRedesign.tsx:257:11)
    at DashboardRedesignPage (Server)
    at InnerLayoutRouter (webpack-internal:///(app-pages-browser)/./node_modules/next/dist/client/components/layout-router.js:243:11)
    at RedirectErrorBoundary (webpack-internal:///(app-pages-browser)/./node_modules/next/dist/client/components/redirect-boundary.js:74:9)
    at RedirectBoundary (webpack-internal:///(app-pages-browser)/./node_modules/next/dist/client/components/redirect-boundary.js:82:11)
    at NotFoundBoundary (webpack-internal:///(app-pages-browser)/./node_modules/next/dist/client/components/not-found-boundary.js:84:11)
    at LoadingBoundary (webpack-internal:///(app-pages-browser)/./node_modules/next/dist/client/components/layout-router.js:349:11)
    at ErrorBoundary (webpack-internal:///(app-pages-browser)/./node_modules/next/dist/client/components/error-boundary.js:160:11)
    at InnerScrollAndFocusHandler (webpack-internal:///(app-pages-browser)/./node_modules/next/dist/client/components/layout-router.js:153:9)
    at ScrollAndFocusHandler (webpack-internal:///(app-pages-browser)/./node_modules/next/dist/client/components/layout-router.js:228:11)
    at RenderFromTemplateContext (webpack-internal:///(app-pages-browser)/./node_modules/next/dist/client/components/render-from-template-context.js:16:44)
    at OuterLayoutRouter (webpack-internal:///(app-pages-browser)/./node_modules/next/dist/client/components/layout-router.js:370:11)
    at InnerLayoutRouter (webpack-internal:///(app-pages-browser)/./node_modules/next/dist/client/components/layout-router.js:243:11)
    at RedirectErrorBoundary (webpack-internal:///(app-pages-browser)/./node_modules/next/dist/client/components/redirect-boundary.js:74:9)
    at RedirectBoundary (webpack-internal:///(app-pages-browser)/./node_modules/next/dist/client/components/redirect-boundary.js:82:11)
    at NotFoundBoundary (webpack-internal:///(app-pages-browser)/./node_modules/next/dist/client/components/not-found-boundary.js:84:11)
    at LoadingBoundary (webpack-internal:///(app-pages-browser)/./node_modules/next/dist/client/components/layout-router.js:349:11)
    at ErrorBoundary (webpack-internal:///(app-pages-browser)/./node_modules/next/dist/client/components/error-boundary.js:160:11)
    at InnerScrollAndFocusHandler (webpack-internal:///(app-pages-browser)/./node_modules/next/dist/client/components/layout-router.js:153:9)
    at ScrollAndFocusHandler (webpack-internal:///(app-pages-browser)/./node_modules/next/dist/client/components/layout-router.js:228:11)
    at RenderFromTemplateContext (webpack-internal:///(app-pages-browser)/./node_modules/next/dist/client/components/render-from-template-context.js:16:44)
    at OuterLayoutRouter (webpack-internal:///(app-pages-browser)/./node_modules/next/dist/client/components/layout-router.js:370:11)
    at div
    at RedesignLayout (Server)
    at InnerLayoutRouter (webpack-internal:///(app-pages-browser)/./node_modules/next/dist/client/components/layout-router.js:243:11)
    at RedirectErrorBoundary (webpack-internal:///(app-pages-browser)/./node_modules/next/dist/client/components/redirect-boundary.js:74:9)
    at RedirectBoundary (webpack-internal:///(app-pages-browser)/./node_modules/next/dist/client/components/redirect-boundary.js:82:11)
    at NotFoundErrorBoundary (webpack-internal:///(app-pages-browser)/./node_modules/next/dist/client/components/not-found-boundary.js:76:9)
    at NotFoundBoundary (webpack-internal:///(app-pages-browser)/./node_modules/next/dist/client/components/not-found-boundary.js:84:11)
    at LoadingBoundary (webpack-internal:///(app-pages-browser)/./node_modules/next/dist/client/components/layout-router.js:349:11)
    at ErrorBoundary (webpack-internal:///(app-pages-browser)/./node_modules/next/dist/client/components/error-boundary.js:160:11)
    at InnerScrollAndFocusHandler (webpack-internal:///(app-pages-browser)/./node_modules/next/dist/client/components/layout-router.js:153:9)
    at ScrollAndFocusHandler (webpack-internal:///(app-pages-browser)/./node_modules/next/dist/client/components/layout-router.js:228:11)
    at RenderFromTemplateContext (webpack-internal:///(app-pages-browser)/./node_modules/next/dist/client/components/render-from-template-context.js:16:44)
    at OuterLayoutRouter (webpack-internal:///(app-pages-browser)/./node_modules/next/dist/client/components/layout-router.js:370:11)
    at __experimental_CheckoutProvider (webpack-internal:///(app-pages-browser)/./node_modules/@clerk/shared/dist/runtime/react/index.mjs:136:44)
    at SWRConfig (webpack-internal:///(app-pages-browser)/./node_modules/swr/dist/_internal/config-context-client-BoS53ST9.mjs:554:13)
    at SWRConfigCompat (webpack-internal:///(app-pages-browser)/./node_modules/@clerk/shared/dist/runtime/react/index.mjs:124:28)
    at OrganizationProvider (webpack-internal:///(app-pages-browser)/./node_modules/@clerk/shared/dist/runtime/react/index.mjs:148:33)
    at ClerkContextProvider (webpack-internal:///(app-pages-browser)/./node_modules/@clerk/clerk-react/dist/index.mjs:1849:11)
    at ClerkProviderBase (webpack-internal:///(app-pages-browser)/./node_modules/@clerk/clerk-react/dist/index.mjs:1941:11)
    at Hoc (webpack-internal:///(app-pages-browser)/./node_modules/@clerk/clerk-react/dist/chunk-THNCS7QR.mjs:84:5)
    at ClerkNextOptionsProvider (webpack-internal:///(app-pages-browser)/./node_modules/@clerk/nextjs/dist/esm/client-boundary/NextOptionsContext.js:17:11)
    at NextClientClerkProvider (webpack-internal:///(app-pages-browser)/./node_modules/@clerk/nextjs/dist/esm/app-router/client/ClerkProvider.js:62:13)
    at ClientClerkProvider (webpack-internal:///(app-pages-browser)/./node_modules/@clerk/nextjs/dist/esm/app-router/client/ClerkProvider.js:135:13)
    at ClerkProvider (Server)
    at body
    at html
    at RootLayout (Server)
    at RedirectErrorBoundary (webpack-internal:///(app-pages-browser)/./node_modules/next/dist/client/components/redirect-boundary.js:74:9)
    at RedirectBoundary (webpack-internal:///(app-pages-browser)/./node_modules/next/dist/client/components/redirect-boundary.js:82:11)
    at NotFoundErrorBoundary (webpack-internal:///(app-pages-browser)/./node_modules/next/dist/client/components/not-found-boundary.js:76:9)
    at NotFoundBoundary (webpack-internal:///(app-pages-browser)/./node_modules/next/dist/client/components/not-found-boundary.js:84:11)
    at DevRootNotFoundBoundary (webpack-internal:///(app-pages-browser)/./node_modules/next/dist/client/components/dev-root-not-found-boundary.js:33:11)
    at ReactDevOverlay (webpack-internal:///(app-pages-browser)/./node_modules/next/dist/client/components/react-dev-overlay/app/ReactDevOverlay.js:87:9)
    at HotReload (webpack-internal:///(app-pages-browser)/./node_modules/next/dist/client/components/react-dev-overlay/app/hot-reloader-client.js:321:11)
    at Router (webpack-internal:///(app-pages-browser)/./node_modules/next/dist/client/components/app-router.js:207:11)
    at ErrorBoundaryHandler (webpack-internal:///(app-pages-browser)/./node_modules/next/dist/client/components/error-boundary.js:113:9)
    at ErrorBoundary (webpack-internal:///(app-pages-browser)/./node_modules/next/dist/client/components/error-boundary.js:160:11)
    at AppRouter (webpack-internal:///(app-pages-browser)/./node_modules/next/dist/client/components/app-router.js:585:13)
    at ServerRoot (webpack-internal:///(app-pages-browser)/./node_modules/next/dist/client/app-index.js:112:27)
    at Root (webpack-internal:///(app-pages-browser)/./node_modules/next/dist/client/app-index.js:117:11) @ webpack-internal:///(app-pages-browser)/./node_modules/next/dist/client/app-index.js:32
[  400602ms] [ERROR] Warning: React.jsx: type is invalid -- expected a string (for built-in components) or a class/function (for composite components) but got: %s.%s%s undefined  You likely forgot to export your component from the file it's defined in, or you might have mixed up default and named imports. 
    at ProfileTab (webpack-internal:///(app-pages-browser)/./src/app/redesign/dashboard/_components/DashboardClientRedesign.tsx:1548:11)
    at div
    at DashboardClientRedesign (webpack-internal:///(app-pages-browser)/./src/app/redesign/dashboard/_components/DashboardClientRedesign.tsx:257:11)
    at DashboardRedesignPage (Server)
    at InnerLayoutRouter (webpack-internal:///(app-pages-browser)/./node_modules/next/dist/client/components/layout-router.js:243:11)
    at RedirectErrorBoundary (webpack-internal:///(app-pages-browser)/./node_modules/next/dist/client/components/redirect-boundary.js:74:9)
    at RedirectBoundary (webpack-internal:///(app-pages-browser)/./node_modules/next/dist/client/components/redirect-boundary.js:82:11)
    at NotFoundBoundary (webpack-internal:///(app-pages-browser)/./node_modules/next/dist/client/components/not-found-boundary.js:84:11)
    at LoadingBoundary (webpack-internal:///(app-pages-browser)/./node_modules/next/dist/client/components/layout-router.js:349:11)
    at ErrorBoundary (webpack-internal:///(app-pages-browser)/./node_modules/next/dist/client/components/error-boundary.js:160:11)
    at InnerScrollAndFocusHandler (webpack-internal:///(app-pages-browser)/./node_modules/next/dist/client/components/layout-router.js:153:9)
    at ScrollAndFocusHandler (webpack-internal:///(app-pages-browser)/./node_modules/next/dist/client/components/layout-router.js:228:11)
    at RenderFromTemplateContext (webpack-internal:///(app-pages-browser)/./node_modules/next/dist/client/components/render-from-template-context.js:16:44)
    at OuterLayoutRouter (webpack-internal:///(app-pages-browser)/./node_modules/next/dist/client/components/layout-router.js:370:11)
    at InnerLayoutRouter (webpack-internal:///(app-pages-browser)/./node_modules/next/dist/client/components/layout-router.js:243:11)
    at RedirectErrorBoundary (webpack-internal:///(app-pages-browser)/./node_modules/next/dist/client/components/redirect-boundary.js:74:9)
    at RedirectBoundary (webpack-internal:///(app-pages-browser)/./node_modules/next/dist/client/components/redirect-boundary.js:82:11)
    at NotFoundBoundary (webpack-internal:///(app-pages-browser)/./node_modules/next/dist/client/components/not-found-boundary.js:84:11)
    at LoadingBoundary (webpack-internal:///(app-pages-browser)/./node_modules/next/dist/client/components/layout-router.js:349:11)
    at ErrorBoundary (webpack-internal:///(app-pages-browser)/./node_modules/next/dist/client/components/error-boundary.js:160:11)
    at InnerScrollAndFocusHandler (webpack-internal:///(app-pages-browser)/./node_modules/next/dist/client/components/layout-router.js:153:9)
    at ScrollAndFocusHandler (webpack-internal:///(app-pages-browser)/./node_modules/next/dist/client/components/layout-router.js:228:11)
    at RenderFromTemplateContext (webpack-internal:///(app-pages-browser)/./node_modules/next/dist/client/components/render-from-template-context.js:16:44)
    at OuterLayoutRouter (webpack-internal:///(app-pages-browser)/./node_modules/next/dist/client/components/layout-router.js:370:11)
    at div
    at RedesignLayout (Server)
    at InnerLayoutRouter (webpack-internal:///(app-pages-browser)/./node_modules/next/dist/client/components/layout-router.js:243:11)
    at RedirectErrorBoundary (webpack-internal:///(app-pages-browser)/./node_modules/next/dist/client/components/redirect-boundary.js:74:9)
    at RedirectBoundary (webpack-internal:///(app-pages-browser)/./node_modules/next/dist/client/components/redirect-boundary.js:82:11)
    at NotFoundErrorBoundary (webpack-internal:///(app-pages-browser)/./node_modules/next/dist/client/components/not-found-boundary.js:76:9)
    at NotFoundBoundary (webpack-internal:///(app-pages-browser)/./node_modules/next/dist/client/components/not-found-boundary.js:84:11)
    at LoadingBoundary (webpack-internal:///(app-pages-browser)/./node_modules/next/dist/client/components/layout-router.js:349:11)
    at ErrorBoundary (webpack-internal:///(app-pages-browser)/./node_modules/next/dist/client/components/error-boundary.js:160:11)
    at InnerScrollAndFocusHandler (webpack-internal:///(app-pages-browser)/./node_modules/next/dist/client/components/layout-router.js:153:9)
    at ScrollAndFocusHandler (webpack-internal:///(app-pages-browser)/./node_modules/next/dist/client/components/layout-router.js:228:11)
    at RenderFromTemplateContext (webpack-internal:///(app-pages-browser)/./node_modules/next/dist/client/components/render-from-template-context.js:16:44)
    at OuterLayoutRouter (webpack-internal:///(app-pages-browser)/./node_modules/next/dist/client/components/layout-router.js:370:11)
    at __experimental_CheckoutProvider (webpack-internal:///(app-pages-browser)/./node_modules/@clerk/shared/dist/runtime/react/index.mjs:136:44)
    at SWRConfig (webpack-internal:///(app-pages-browser)/./node_modules/swr/dist/_internal/config-context-client-BoS53ST9.mjs:554:13)
    at SWRConfigCompat (webpack-internal:///(app-pages-browser)/./node_modules/@clerk/shared/dist/runtime/react/index.mjs:124:28)
    at OrganizationProvider (webpack-internal:///(app-pages-browser)/./node_modules/@clerk/shared/dist/runtime/react/index.mjs:148:33)
    at ClerkContextProvider (webpack-internal:///(app-pages-browser)/./node_modules/@clerk/clerk-react/dist/index.mjs:1849:11)
    at ClerkProviderBase (webpack-internal:///(app-pages-browser)/./node_modules/@clerk/clerk-react/dist/index.mjs:1941:11)
    at Hoc (webpack-internal:///(app-pages-browser)/./node_modules/@clerk/clerk-react/dist/chunk-THNCS7QR.mjs:84:5)
    at ClerkNextOptionsProvider (webpack-internal:///(app-pages-browser)/./node_modules/@clerk/nextjs/dist/esm/client-boundary/NextOptionsContext.js:17:11)
    at NextClientClerkProvider (webpack-internal:///(app-pages-browser)/./node_modules/@clerk/nextjs/dist/esm/app-router/client/ClerkProvider.js:62:13)
    at ClientClerkProvider (webpack-internal:///(app-pages-browser)/./node_modules/@clerk/nextjs/dist/esm/app-router/client/ClerkProvider.js:135:13)
    at ClerkProvider (Server)
    at body
    at html
    at RootLayout (Server)
    at RedirectErrorBoundary (webpack-internal:///(app-pages-browser)/./node_modules/next/dist/client/components/redirect-boundary.js:74:9)
    at RedirectBoundary (webpack-internal:///(app-pages-browser)/./node_modules/next/dist/client/components/redirect-boundary.js:82:11)
    at NotFoundErrorBoundary (webpack-internal:///(app-pages-browser)/./node_modules/next/dist/client/components/not-found-boundary.js:76:9)
    at NotFoundBoundary (webpack-internal:///(app-pages-browser)/./node_modules/next/dist/client/components/not-found-boundary.js:84:11)
    at DevRootNotFoundBoundary (webpack-internal:///(app-pages-browser)/./node_modules/next/dist/client/components/dev-root-not-found-boundary.js:33:11)
    at ReactDevOverlay (webpack-internal:///(app-pages-browser)/./node_modules/next/dist/client/components/react-dev-overlay/app/ReactDevOverlay.js:87:9)
    at HotReload (webpack-internal:///(app-pages-browser)/./node_modules/next/dist/client/components/react-dev-overlay/app/hot-reloader-client.js:321:11)
    at Router (webpack-internal:///(app-pages-browser)/./node_modules/next/dist/client/components/app-router.js:207:11)
    at ErrorBoundaryHandler (webpack-internal:///(app-pages-browser)/./node_modules/next/dist/client/components/error-boundary.js:113:9)
    at ErrorBoundary (webpack-internal:///(app-pages-browser)/./node_modules/next/dist/client/components/error-boundary.js:160:11)
    at AppRouter (webpack-internal:///(app-pages-browser)/./node_modules/next/dist/client/components/app-router.js:585:13)
    at ServerRoot (webpack-internal:///(app-pages-browser)/./node_modules/next/dist/client/app-index.js:112:27)
    at Root (webpack-internal:///(app-pages-browser)/./node_modules/next/dist/client/app-index.js:117:11) @ webpack-internal:///(app-pages-browser)/./node_modules/next/dist/client/app-index.js:32
[  400627ms] Error: Element type is invalid: expected a string (for built-in components) or a class/function (for composite components) but got: undefined. You likely forgot to export your component from the file it's defined in, or you might have mixed up default and named imports.

Check the render method of `ProfileTab`.
    at createFiberFromTypeAndProps (webpack-internal:///(app-pages-browser)/./node_modules/next/dist/compiled/react-dom/cjs/react-dom.development.js:27944:17)
    at createFiberFromElement (webpack-internal:///(app-pages-browser)/./node_modules/next/dist/compiled/react-dom/cjs/react-dom.development.js:27970:15)
    at createChild (webpack-internal:///(app-pages-browser)/./node_modules/next/dist/compiled/react-dom/cjs/react-dom.development.js:9726:28)
    at reconcileChildrenArray (webpack-internal:///(app-pages-browser)/./node_modules/next/dist/compiled/react-dom/cjs/react-dom.development.js:10088:25)
    at reconcileChildFibersImpl (webpack-internal:///(app-pages-browser)/./node_modules/next/dist/compiled/react-dom/cjs/react-dom.development.js:10515:16)
    at reconcileChildFibers (webpack-internal:///(app-pages-browser)/./node_modules/next/dist/compiled/react-dom/cjs/react-dom.development.js:10573:27)
    at reconcileChildren (webpack-internal:///(app-pages-browser)/./node_modules/next/dist/compiled/react-dom/cjs/react-dom.development.js:15802:28)
    at updateHostComponent$1 (webpack-internal:///(app-pages-browser)/./node_modules/next/dist/compiled/react-dom/cjs/react-dom.development.js:16687:3)
    at beginWork$1 (webpack-internal:///(app-pages-browser)/./node_modules/next/dist/compiled/react-dom/cjs/react-dom.development.js:18503:14)
    at HTMLUnknownElement.callCallback (webpack-internal:///(app-pages-browser)/./node_modules/next/dist/compiled/react-dom/cjs/react-dom.development.js:20565:14)
    at Object.invokeGuardedCallbackImpl (webpack-internal:///(app-pages-browser)/./node_modules/next/dist/compiled/react-dom/cjs/react-dom.development.js:20614:16)
    at invokeGuardedCallback (webpack-internal:///(app-pages-browser)/./node_modules/next/dist/compiled/react-dom/cjs/react-dom.development.js:20689:29)
    at beginWork (webpack-internal:///(app-pages-browser)/./node_modules/next/dist/compiled/react-dom/cjs/react-dom.development.js:26949:7)
    at performUnitOfWork (webpack-internal:///(app-pages-browser)/./node_modules/next/dist/compiled/react-dom/cjs/react-dom.development.js:25748:12)
    at workLoopSync (webpack-internal:///(app-pages-browser)/./node_modules/next/dist/compiled/react-dom/cjs/react-dom.development.js:25464:5)
    at renderRootSync (webpack-internal:///(app-pages-browser)/./node_modules/next/dist/compiled/react-dom/cjs/react-dom.development.js:25419:7)
    at performSyncWorkOnRoot (webpack-internal:///(app-pages-browser)/./node_modules/next/dist/compiled/react-dom/cjs/react-dom.development.js:24887:20)
    at flushSyncWorkAcrossRoots_impl (webpack-internal:///(app-pages-browser)/./node_modules/next/dist/compiled/react-dom/cjs/react-dom.development.js:7758:13)
    at flushSyncWorkOnAllRoots (webpack-internal:///(app-pages-browser)/./node_modules/next/dist/compiled/react-dom/cjs/react-dom.development.js:7718:3)
    at processRootScheduleInMicrotask (webpack-internal:///(app-pages-browser)/./node_modules/next/dist/compiled/react-dom/cjs/react-dom.development.js:7863:3)
    at eval (webpack-internal:///(app-pages-browser)/./node_modules/next/dist/compiled/react-dom/cjs/react-dom.development.js:8034:7)
[  400627ms] Error: Element type is invalid: expected a string (for built-in components) or a class/function (for composite components) but got: undefined. You likely forgot to export your component from the file it's defined in, or you might have mixed up default and named imports.

Check the render method of `ProfileTab`.
    at createFiberFromTypeAndProps (webpack-internal:///(app-pages-browser)/./node_modules/next/dist/compiled/react-dom/cjs/react-dom.development.js:27944:17)
    at createFiberFromElement (webpack-internal:///(app-pages-browser)/./node_modules/next/dist/compiled/react-dom/cjs/react-dom.development.js:27970:15)
    at createChild (webpack-internal:///(app-pages-browser)/./node_modules/next/dist/compiled/react-dom/cjs/react-dom.development.js:9726:28)
    at reconcileChildrenArray (webpack-internal:///(app-pages-browser)/./node_modules/next/dist/compiled/react-dom/cjs/react-dom.development.js:10088:25)
    at reconcileChildFibersImpl (webpack-internal:///(app-pages-browser)/./node_modules/next/dist/compiled/react-dom/cjs/react-dom.development.js:10515:16)
    at reconcileChildFibers (webpack-internal:///(app-pages-browser)/./node_modules/next/dist/compiled/react-dom/cjs/react-dom.development.js:10573:27)
    at reconcileChildren (webpack-internal:///(app-pages-browser)/./node_modules/next/dist/compiled/react-dom/cjs/react-dom.development.js:15802:28)
    at updateHostComponent$1 (webpack-internal:///(app-pages-browser)/./node_modules/next/dist/compiled/react-dom/cjs/react-dom.development.js:16687:3)
    at beginWork$1 (webpack-internal:///(app-pages-browser)/./node_modules/next/dist/compiled/react-dom/cjs/react-dom.development.js:18503:14)
    at beginWork (webpack-internal:///(app-pages-browser)/./node_modules/next/dist/compiled/react-dom/cjs/react-dom.development.js:26927:14)
    at performUnitOfWork (webpack-internal:///(app-pages-browser)/./node_modules/next/dist/compiled/react-dom/cjs/react-dom.development.js:25748:12)
    at workLoopSync (webpack-internal:///(app-pages-browser)/./node_modules/next/dist/compiled/react-dom/cjs/react-dom.development.js:25464:5)
    at renderRootSync (webpack-internal:///(app-pages-browser)/./node_modules/next/dist/compiled/react-dom/cjs/react-dom.development.js:25419:7)
    at performSyncWorkOnRoot (webpack-internal:///(app-pages-browser)/./node_modules/next/dist/compiled/react-dom/cjs/react-dom.development.js:24887:20)
    at flushSyncWorkAcrossRoots_impl (webpack-internal:///(app-pages-browser)/./node_modules/next/dist/compiled/react-dom/cjs/react-dom.development.js:7758:13)
    at flushSyncWorkOnAllRoots (webpack-internal:///(app-pages-browser)/./node_modules/next/dist/compiled/react-dom/cjs/react-dom.development.js:7718:3)
    at processRootScheduleInMicrotask (webpack-internal:///(app-pages-browser)/./node_modules/next/dist/compiled/react-dom/cjs/react-dom.development.js:7863:3)
    at eval (webpack-internal:///(app-pages-browser)/./node_modules/next/dist/compiled/react-dom/cjs/react-dom.development.js:8034:7)
[  400627ms] Error: Element type is invalid: expected a string (for built-in components) or a class/function (for composite components) but got: undefined. You likely forgot to export your component from the file it's defined in, or you might have mixed up default and named imports.

Check the render method of `ProfileTab`.
    at createFiberFromTypeAndProps (webpack-internal:///(app-pages-browser)/./node_modules/next/dist/compiled/react-dom/cjs/react-dom.development.js:27944:17)
    at createFiberFromElement (webpack-internal:///(app-pages-browser)/./node_modules/next/dist/compiled/react-dom/cjs/react-dom.development.js:27970:15)
    at createChild (webpack-internal:///(app-pages-browser)/./node_modules/next/dist/compiled/react-dom/cjs/react-dom.development.js:9726:28)
    at reconcileChildrenArray (webpack-internal:///(app-pages-browser)/./node_modules/next/dist/compiled/react-dom/cjs/react-dom.development.js:10088:25)
    at reconcileChildFibersImpl (webpack-internal:///(app-pages-browser)/./node_modules/next/dist/compiled/react-dom/cjs/react-dom.development.js:10515:16)
    at reconcileChildFibers (webpack-internal:///(app-pages-browser)/./node_modules/next/dist/compiled/react-dom/cjs/react-dom.development.js:10573:27)
    at reconcileChildren (webpack-internal:///(app-pages-browser)/./node_modules/next/dist/compiled/react-dom/cjs/react-dom.development.js:15802:28)
    at updateHostComponent$1 (webpack-internal:///(app-pages-browser)/./node_modules/next/dist/compiled/react-dom/cjs/react-dom.development.js:16687:3)
    at beginWork$1 (webpack-internal:///(app-pages-browser)/./node_modules/next/dist/compiled/react-dom/cjs/react-dom.development.js:18503:14)
    at beginWork (webpack-internal:///(app-pages-browser)/./node_modules/next/dist/compiled/react-dom/cjs/react-dom.development.js:26927:14)
    at performUnitOfWork (webpack-internal:///(app-pages-browser)/./node_modules/next/dist/compiled/react-dom/cjs/react-dom.development.js:25748:12)
    at workLoopSync (webpack-internal:///(app-pages-browser)/./node_modules/next/dist/compiled/react-dom/cjs/react-dom.development.js:25464:5)
    at renderRootSync (webpack-internal:///(app-pages-browser)/./node_modules/next/dist/compiled/react-dom/cjs/react-dom.development.js:25419:7)
    at performSyncWorkOnRoot (webpack-internal:///(app-pages-browser)/./node_modules/next/dist/compiled/react-dom/cjs/react-dom.development.js:24887:20)
    at flushSyncWorkAcrossRoots_impl (webpack-internal:///(app-pages-browser)/./node_modules/next/dist/compiled/react-dom/cjs/react-dom.development.js:7758:13)
    at flushSyncWorkOnAllRoots (webpack-internal:///(app-pages-browser)/./node_modules/next/dist/compiled/react-dom/cjs/react-dom.development.js:7718:3)
    at processRootScheduleInMicrotask (webpack-internal:///(app-pages-browser)/./node_modules/next/dist/compiled/react-dom/cjs/react-dom.development.js:7863:3)
    at eval (webpack-internal:///(app-pages-browser)/./node_modules/next/dist/compiled/react-dom/cjs/react-dom.development.js:8034:7)
[  400628ms] Error: Element type is invalid: expected a string (for built-in components) or a class/function (for composite components) but got: undefined. You likely forgot to export your component from the file it's defined in, or you might have mixed up default and named imports.

Check the render method of `ProfileTab`.
    at createFiberFromTypeAndProps (webpack-internal:///(app-pages-browser)/./node_modules/next/dist/compiled/react-dom/cjs/react-dom.development.js:27944:17)
    at createFiberFromElement (webpack-internal:///(app-pages-browser)/./node_modules/next/dist/compiled/react-dom/cjs/react-dom.development.js:27970:15)
    at createChild (webpack-internal:///(app-pages-browser)/./node_modules/next/dist/compiled/react-dom/cjs/react-dom.development.js:9726:28)
    at reconcileChildrenArray (webpack-internal:///(app-pages-browser)/./node_modules/next/dist/compiled/react-dom/cjs/react-dom.development.js:10088:25)
    at reconcileChildFibersImpl (webpack-internal:///(app-pages-browser)/./node_modules/next/dist/compiled/react-dom/cjs/react-dom.development.js:10515:16)
    at reconcileChildFibers (webpack-internal:///(app-pages-browser)/./node_modules/next/dist/compiled/react-dom/cjs/react-dom.development.js:10573:27)
    at reconcileChildren (webpack-internal:///(app-pages-browser)/./node_modules/next/dist/compiled/react-dom/cjs/react-dom.development.js:15802:28)
    at updateHostComponent$1 (webpack-internal:///(app-pages-browser)/./node_modules/next/dist/compiled/react-dom/cjs/react-dom.development.js:16687:3)
    at beginWork$1 (webpack-internal:///(app-pages-browser)/./node_modules/next/dist/compiled/react-dom/cjs/react-dom.development.js:18503:14)
    at beginWork (webpack-internal:///(app-pages-browser)/./node_modules/next/dist/compiled/react-dom/cjs/react-dom.development.js:26927:14)
    at performUnitOfWork (webpack-internal:///(app-pages-browser)/./node_modules/next/dist/compiled/react-dom/cjs/react-dom.development.js:25748:12)
    at workLoopSync (webpack-internal:///(app-pages-browser)/./node_modules/next/dist/compiled/react-dom/cjs/react-dom.development.js:25464:5)
    at renderRootSync (webpack-internal:///(app-pages-browser)/./node_modules/next/dist/compiled/react-dom/cjs/react-dom.development.js:25419:7)
    at performSyncWorkOnRoot (webpack-internal:///(app-pages-browser)/./node_modules/next/dist/compiled/react-dom/cjs/react-dom.development.js:24887:20)
    at flushSyncWorkAcrossRoots_impl (webpack-internal:///(app-pages-browser)/./node_modules/next/dist/compiled/react-dom/cjs/react-dom.development.js:7758:13)
    at flushSyncWorkOnAllRoots (webpack-internal:///(app-pages-browser)/./node_modules/next/dist/compiled/react-dom/cjs/react-dom.development.js:7718:3)
    at processRootScheduleInMicrotask (webpack-internal:///(app-pages-browser)/./node_modules/next/dist/compiled/react-dom/cjs/react-dom.development.js:7863:3)
    at eval (webpack-internal:///(app-pages-browser)/./node_modules/next/dist/compiled/react-dom/cjs/react-dom.development.js:8034:7)
[  400628ms] Error: Element type is invalid: expected a string (for built-in components) or a class/function (for composite components) but got: undefined. You likely forgot to export your component from the file it's defined in, or you might have mixed up default and named imports.

Check the render method of `ProfileTab`.
    at createFiberFromTypeAndProps (webpack-internal:///(app-pages-browser)/./node_modules/next/dist/compiled/react-dom/cjs/react-dom.development.js:27944:17)
    at createFiberFromElement (webpack-internal:///(app-pages-browser)/./node_modules/next/dist/compiled/react-dom/cjs/react-dom.development.js:27970:15)
    at createChild (webpack-internal:///(app-pages-browser)/./node_modules/next/dist/compiled/react-dom/cjs/react-dom.development.js:9726:28)
    at reconcileChildrenArray (webpack-internal:///(app-pages-browser)/./node_modules/next/dist/compiled/react-dom/cjs/react-dom.development.js:10088:25)
    at reconcileChildFibersImpl (webpack-internal:///(app-pages-browser)/./node_modules/next/dist/compiled/react-dom/cjs/react-dom.development.js:10515:16)
    at reconcileChildFibers (webpack-internal:///(app-pages-browser)/./node_modules/next/dist/compiled/react-dom/cjs/react-dom.development.js:10573:27)
    at reconcileChildren (webpack-internal:///(app-pages-browser)/./node_modules/next/dist/compiled/react-dom/cjs/react-dom.development.js:15802:28)
    at updateHostComponent$1 (webpack-internal:///(app-pages-browser)/./node_modules/next/dist/compiled/react-dom/cjs/react-dom.development.js:16687:3)
    at beginWork$1 (webpack-internal:///(app-pages-browser)/./node_modules/next/dist/compiled/react-dom/cjs/react-dom.development.js:18503:14)
    at beginWork (webpack-internal:///(app-pages-browser)/./node_modules/next/dist/compiled/react-dom/cjs/react-dom.development.js:26927:14)
    at performUnitOfWork (webpack-internal:///(app-pages-browser)/./node_modules/next/dist/compiled/react-dom/cjs/react-dom.development.js:25748:12)
    at workLoopSync (webpack-internal:///(app-pages-browser)/./node_modules/next/dist/compiled/react-dom/cjs/react-dom.development.js:25464:5)
    at renderRootSync (webpack-internal:///(app-pages-browser)/./node_modules/next/dist/compiled/react-dom/cjs/react-dom.development.js:25419:7)
    at performSyncWorkOnRoot (webpack-internal:///(app-pages-browser)/./node_modules/next/dist/compiled/react-dom/cjs/react-dom.development.js:24887:20)
    at flushSyncWorkAcrossRoots_impl (webpack-internal:///(app-pages-browser)/./node_modules/next/dist/compiled/react-dom/cjs/react-dom.development.js:7758:13)
    at flushSyncWorkOnAllRoots (webpack-internal:///(app-pages-browser)/./node_modules/next/dist/compiled/react-dom/cjs/react-dom.development.js:7718:3)
    at processRootScheduleInMicrotask (webpack-internal:///(app-pages-browser)/./node_modules/next/dist/compiled/react-dom/cjs/react-dom.development.js:7863:3)
    at eval (webpack-internal:///(app-pages-browser)/./node_modules/next/dist/compiled/react-dom/cjs/react-dom.development.js:8034:7)
[  400628ms] Error: Element type is invalid: expected a string (for built-in components) or a class/function (for composite components) but got: undefined. You likely forgot to export your component from the file it's defined in, or you might have mixed up default and named imports.

Check the render method of `ProfileTab`.
    at createFiberFromTypeAndProps (webpack-internal:///(app-pages-browser)/./node_modules/next/dist/compiled/react-dom/cjs/react-dom.development.js:27944:17)
    at createFiberFromElement (webpack-internal:///(app-pages-browser)/./node_modules/next/dist/compiled/react-dom/cjs/react-dom.development.js:27970:15)
    at createChild (webpack-internal:///(app-pages-browser)/./node_modules/next/dist/compiled/react-dom/cjs/react-dom.development.js:9726:28)
    at reconcileChildrenArray (webpack-internal:///(app-pages-browser)/./node_modules/next/dist/compiled/react-dom/cjs/react-dom.development.js:10088:25)
    at reconcileChildFibersImpl (webpack-internal:///(app-pages-browser)/./node_modules/next/dist/compiled/react-dom/cjs/react-dom.development.js:10515:16)
    at reconcileChildFibers (webpack-internal:///(app-pages-browser)/./node_modules/next/dist/compiled/react-dom/cjs/react-dom.development.js:10573:27)
    at reconcileChildren (webpack-internal:///(app-pages-browser)/./node_modules/next/dist/compiled/react-dom/cjs/react-dom.development.js:15802:28)
    at updateHostComponent$1 (webpack-internal:///(app-pages-browser)/./node_modules/next/dist/compiled/react-dom/cjs/react-dom.development.js:16687:3)
    at beginWork$1 (webpack-internal:///(app-pages-browser)/./node_modules/next/dist/compiled/react-dom/cjs/react-dom.development.js:18503:14)
    at beginWork (webpack-internal:///(app-pages-browser)/./node_modules/next/dist/compiled/react-dom/cjs/react-dom.development.js:26927:14)
    at performUnitOfWork (webpack-internal:///(app-pages-browser)/./node_modules/next/dist/compiled/react-dom/cjs/react-dom.development.js:25748:12)
    at workLoopSync (webpack-internal:///(app-pages-browser)/./node_modules/next/dist/compiled/react-dom/cjs/react-dom.development.js:25464:5)
    at renderRootSync (webpack-internal:///(app-pages-browser)/./node_modules/next/dist/compiled/react-dom/cjs/react-dom.development.js:25419:7)
    at performSyncWorkOnRoot (webpack-internal:///(app-pages-browser)/./node_modules/next/dist/compiled/react-dom/cjs/react-dom.development.js:24887:20)
    at flushSyncWorkAcrossRoots_impl (webpack-internal:///(app-pages-browser)/./node_modules/next/dist/compiled/react-dom/cjs/react-dom.development.js:7758:13)
    at flushSyncWorkOnAllRoots (webpack-internal:///(app-pages-browser)/./node_modules/next/dist/compiled/react-dom/cjs/react-dom.development.js:7718:3)
    at processRootScheduleInMicrotask (webpack-internal:///(app-pages-browser)/./node_modules/next/dist/compiled/react-dom/cjs/react-dom.development.js:7863:3)
    at eval (webpack-internal:///(app-pages-browser)/./node_modules/next/dist/compiled/react-dom/cjs/react-dom.development.js:8034:7)
[  400629ms] Error: Element type is invalid: expected a string (for built-in components) or a class/function (for composite components) but got: undefined. You likely forgot to export your component from the file it's defined in, or you might have mixed up default and named imports.

Check the render method of `ProfileTab`.
    at createFiberFromTypeAndProps (webpack-internal:///(app-pages-browser)/./node_modules/next/dist/compiled/react-dom/cjs/react-dom.development.js:27944:17)
    at createFiberFromElement (webpack-internal:///(app-pages-browser)/./node_modules/next/dist/compiled/react-dom/cjs/react-dom.development.js:27970:15)
    at createChild (webpack-internal:///(app-pages-browser)/./node_modules/next/dist/compiled/react-dom/cjs/react-dom.development.js:9726:28)
    at reconcileChildrenArray (webpack-internal:///(app-pages-browser)/./node_modules/next/dist/compiled/react-dom/cjs/react-dom.development.js:10088:25)
    at reconcileChildFibersImpl (webpack-internal:///(app-pages-browser)/./node_modules/next/dist/compiled/react-dom/cjs/react-dom.development.js:10515:16)
    at reconcileChildFibers (webpack-internal:///(app-pages-browser)/./node_modules/next/dist/compiled/react-dom/cjs/react-dom.development.js:10573:27)
    at reconcileChildren (webpack-internal:///(app-pages-browser)/./node_modules/next/dist/compiled/react-dom/cjs/react-dom.development.js:15802:28)
    at updateHostComponent$1 (webpack-internal:///(app-pages-browser)/./node_modules/next/dist/compiled/react-dom/cjs/react-dom.development.js:16687:3)
    at beginWork$1 (webpack-internal:///(app-pages-browser)/./node_modules/next/dist/compiled/react-dom/cjs/react-dom.development.js:18503:14)
    at beginWork (webpack-internal:///(app-pages-browser)/./node_modules/next/dist/compiled/react-dom/cjs/react-dom.development.js:26927:14)
    at performUnitOfWork (webpack-internal:///(app-pages-browser)/./node_modules/next/dist/compiled/react-dom/cjs/react-dom.development.js:25748:12)
    at workLoopSync (webpack-internal:///(app-pages-browser)/./node_modules/next/dist/compiled/react-dom/cjs/react-dom.development.js:25464:5)
    at renderRootSync (webpack-internal:///(app-pages-browser)/./node_modules/next/dist/compiled/react-dom/cjs/react-dom.development.js:25419:7)
    at performSyncWorkOnRoot (webpack-internal:///(app-pages-browser)/./node_modules/next/dist/compiled/react-dom/cjs/react-dom.development.js:24887:20)
    at flushSyncWorkAcrossRoots_impl (webpack-internal:///(app-pages-browser)/./node_modules/next/dist/compiled/react-dom/cjs/react-dom.development.js:7758:13)
    at flushSyncWorkOnAllRoots (webpack-internal:///(app-pages-browser)/./node_modules/next/dist/compiled/react-dom/cjs/react-dom.development.js:7718:3)
    at processRootScheduleInMicrotask (webpack-internal:///(app-pages-browser)/./node_modules/next/dist/compiled/react-dom/cjs/react-dom.development.js:7863:3)
    at eval (webpack-internal:///(app-pages-browser)/./node_modules/next/dist/compiled/react-dom/cjs/react-dom.development.js:8034:7)
[  400623ms] [ERROR] Warning: React.jsx: type is invalid -- expected a string (for built-in components) or a class/function (for composite components) but got: %s.%s%s undefined  You likely forgot to export your component from the file it's defined in, or you might have mixed up default and named imports. 
    at ProfileTab (webpack-internal:///(app-pages-browser)/./src/app/redesign/dashboard/_components/DashboardClientRedesign.tsx:1548:11)
    at div
    at DashboardClientRedesign (webpack-internal:///(app-pages-browser)/./src/app/redesign/dashboard/_components/DashboardClientRedesign.tsx:257:11)
    at DashboardRedesignPage (Server)
    at InnerLayoutRouter (webpack-internal:///(app-pages-browser)/./node_modules/next/dist/client/components/layout-router.js:243:11)
    at RedirectErrorBoundary (webpack-internal:///(app-pages-browser)/./node_modules/next/dist/client/components/redirect-boundary.js:74:9)
    at RedirectBoundary (webpack-internal:///(app-pages-browser)/./node_modules/next/dist/client/components/redirect-boundary.js:82:11)
    at NotFoundBoundary (webpack-internal:///(app-pages-browser)/./node_modules/next/dist/client/components/not-found-boundary.js:84:11)
    at LoadingBoundary (webpack-internal:///(app-pages-browser)/./node_modules/next/dist/client/components/layout-router.js:349:11)
    at ErrorBoundary (webpack-internal:///(app-pages-browser)/./node_modules/next/dist/client/components/error-boundary.js:160:11)
    at InnerScrollAndFocusHandler (webpack-internal:///(app-pages-browser)/./node_modules/next/dist/client/components/layout-router.js:153:9)
    at ScrollAndFocusHandler (webpack-internal:///(app-pages-browser)/./node_modules/next/dist/client/components/layout-router.js:228:11)
    at RenderFromTemplateContext (webpack-internal:///(app-pages-browser)/./node_modules/next/dist/client/components/render-from-template-context.js:16:44)
    at OuterLayoutRouter (webpack-internal:///(app-pages-browser)/./node_modules/next/dist/client/components/layout-router.js:370:11)
    at InnerLayoutRouter (webpack-internal:///(app-pages-browser)/./node_modules/next/dist/client/components/layout-router.js:243:11)
    at RedirectErrorBoundary (webpack-internal:///(app-pages-browser)/./node_modules/next/dist/client/components/redirect-boundary.js:74:9)
    at RedirectBoundary (webpack-internal:///(app-pages-browser)/./node_modules/next/dist/client/components/redirect-boundary.js:82:11)
    at NotFoundBoundary (webpack-internal:///(app-pages-browser)/./node_modules/next/dist/client/components/not-found-boundary.js:84:11)
    at LoadingBoundary (webpack-internal:///(app-pages-browser)/./node_modules/next/dist/client/components/layout-router.js:349:11)
    at ErrorBoundary (webpack-internal:///(app-pages-browser)/./node_modules/next/dist/client/components/error-boundary.js:160:11)
    at InnerScrollAndFocusHandler (webpack-internal:///(app-pages-browser)/./node_modules/next/dist/client/components/layout-router.js:153:9)
    at ScrollAndFocusHandler (webpack-internal:///(app-pages-browser)/./node_modules/next/dist/client/components/layout-router.js:228:11)
    at RenderFromTemplateContext (webpack-internal:///(app-pages-browser)/./node_modules/next/dist/client/components/render-from-template-context.js:16:44)
    at OuterLayoutRouter (webpack-internal:///(app-pages-browser)/./node_modules/next/dist/client/components/layout-router.js:370:11)
    at div
    at RedesignLayout (Server)
    at InnerLayoutRouter (webpack-internal:///(app-pages-browser)/./node_modules/next/dist/client/components/layout-router.js:243:11)
    at RedirectErrorBoundary (webpack-internal:///(app-pages-browser)/./node_modules/next/dist/client/components/redirect-boundary.js:74:9)
    at RedirectBoundary (webpack-internal:///(app-pages-browser)/./node_modules/next/dist/client/components/redirect-boundary.js:82:11)
    at NotFoundErrorBoundary (webpack-internal:///(app-pages-browser)/./node_modules/next/dist/client/components/not-found-boundary.js:76:9)
    at NotFoundBoundary (webpack-internal:///(app-pages-browser)/./node_modules/next/dist/client/components/not-found-boundary.js:84:11)
    at LoadingBoundary (webpack-internal:///(app-pages-browser)/./node_modules/next/dist/client/components/layout-router.js:349:11)
    at ErrorBoundary (webpack-internal:///(app-pages-browser)/./node_modules/next/dist/client/components/error-boundary.js:160:11)
    at InnerScrollAndFocusHandler (webpack-internal:///(app-pages-browser)/./node_modules/next/dist/client/components/layout-router.js:153:9)
    at ScrollAndFocusHandler (webpack-internal:///(app-pages-browser)/./node_modules/next/dist/client/components/layout-router.js:228:11)
    at RenderFromTemplateContext (webpack-internal:///(app-pages-browser)/./node_modules/next/dist/client/components/render-from-template-context.js:16:44)
    at OuterLayoutRouter (webpack-internal:///(app-pages-browser)/./node_modules/next/dist/client/components/layout-router.js:370:11)
    at __experimental_CheckoutProvider (webpack-internal:///(app-pages-browser)/./node_modules/@clerk/shared/dist/runtime/react/index.mjs:136:44)
    at SWRConfig (webpack-internal:///(app-pages-browser)/./node_modules/swr/dist/_internal/config-context-client-BoS53ST9.mjs:554:13)
    at SWRConfigCompat (webpack-internal:///(app-pages-browser)/./node_modules/@clerk/shared/dist/runtime/react/index.mjs:124:28)
    at OrganizationProvider (webpack-internal:///(app-pages-browser)/./node_modules/@clerk/shared/dist/runtime/react/index.mjs:148:33)
    at ClerkContextProvider (webpack-internal:///(app-pages-browser)/./node_modules/@clerk/clerk-react/dist/index.mjs:1849:11)
    at ClerkProviderBase (webpack-internal:///(app-pages-browser)/./node_modules/@clerk/clerk-react/dist/index.mjs:1941:11)
    at Hoc (webpack-internal:///(app-pages-browser)/./node_modules/@clerk/clerk-react/dist/chunk-THNCS7QR.mjs:84:5)
    at ClerkNextOptionsProvider (webpack-internal:///(app-pages-browser)/./node_modules/@clerk/nextjs/dist/esm/client-boundary/NextOptionsContext.js:17:11)
    at NextClientClerkProvider (webpack-internal:///(app-pages-browser)/./node_modules/@clerk/nextjs/dist/esm/app-router/client/ClerkProvider.js:62:13)
    at ClientClerkProvider (webpack-internal:///(app-pages-browser)/./node_modules/@clerk/nextjs/dist/esm/app-router/client/ClerkProvider.js:135:13)
    at ClerkProvider (Server)
    at body
    at html
    at RootLayout (Server)
    at RedirectErrorBoundary (webpack-internal:///(app-pages-browser)/./node_modules/next/dist/client/components/redirect-boundary.js:74:9)
    at RedirectBoundary (webpack-internal:///(app-pages-browser)/./node_modules/next/dist/client/components/redirect-boundary.js:82:11)
    at NotFoundErrorBoundary (webpack-internal:///(app-pages-browser)/./node_modules/next/dist/client/components/not-found-boundary.js:76:9)
    at NotFoundBoundary (webpack-internal:///(app-pages-browser)/./node_modules/next/dist/client/components/not-found-boundary.js:84:11)
    at DevRootNotFoundBoundary (webpack-internal:///(app-pages-browser)/./node_modules/next/dist/client/components/dev-root-not-found-boundary.js:33:11)
    at ReactDevOverlay (webpack-internal:///(app-pages-browser)/./node_modules/next/dist/client/components/react-dev-overlay/app/ReactDevOverlay.js:87:9)
    at HotReload (webpack-internal:///(app-pages-browser)/./node_modules/next/dist/client/components/react-dev-overlay/app/hot-reloader-client.js:321:11)
    at Router (webpack-internal:///(app-pages-browser)/./node_modules/next/dist/client/components/app-router.js:207:11)
    at ErrorBoundaryHandler (webpack-internal:///(app-pages-browser)/./node_modules/next/dist/client/components/error-boundary.js:113:9)
    at ErrorBoundary (webpack-internal:///(app-pages-browser)/./node_modules/next/dist/client/components/error-boundary.js:160:11)
    at AppRouter (webpack-internal:///(app-pages-browser)/./node_modules/next/dist/client/components/app-router.js:585:13)
    at ServerRoot (webpack-internal:///(app-pages-browser)/./node_modules/next/dist/client/app-index.js:112:27)
    at Root (webpack-internal:///(app-pages-browser)/./node_modules/next/dist/client/app-index.js:117:11) @ webpack-internal:///(app-pages-browser)/./node_modules/next/dist/client/app-index.js:32
[  400624ms] [ERROR] Warning: React.jsx: type is invalid -- expected a string (for built-in components) or a class/function (for composite components) but got: %s.%s%s undefined  You likely forgot to export your component from the file it's defined in, or you might have mixed up default and named imports. 
    at ProfileTab (webpack-internal:///(app-pages-browser)/./src/app/redesign/dashboard/_components/DashboardClientRedesign.tsx:1548:11)
    at div
    at DashboardClientRedesign (webpack-internal:///(app-pages-browser)/./src/app/redesign/dashboard/_components/DashboardClientRedesign.tsx:257:11)
    at DashboardRedesignPage (Server)
    at InnerLayoutRouter (webpack-internal:///(app-pages-browser)/./node_modules/next/dist/client/components/layout-router.js:243:11)
    at RedirectErrorBoundary (webpack-internal:///(app-pages-browser)/./node_modules/next/dist/client/components/redirect-boundary.js:74:9)
    at RedirectBoundary (webpack-internal:///(app-pages-browser)/./node_modules/next/dist/client/components/redirect-boundary.js:82:11)
    at NotFoundBoundary (webpack-internal:///(app-pages-browser)/./node_modules/next/dist/client/components/not-found-boundary.js:84:11)
    at LoadingBoundary (webpack-internal:///(app-pages-browser)/./node_modules/next/dist/client/components/layout-router.js:349:11)
    at ErrorBoundary (webpack-internal:///(app-pages-browser)/./node_modules/next/dist/client/components/error-boundary.js:160:11)
    at InnerScrollAndFocusHandler (webpack-internal:///(app-pages-browser)/./node_modules/next/dist/client/components/layout-router.js:153:9)
    at ScrollAndFocusHandler (webpack-internal:///(app-pages-browser)/./node_modules/next/dist/client/components/layout-router.js:228:11)
    at RenderFromTemplateContext (webpack-internal:///(app-pages-browser)/./node_modules/next/dist/client/components/render-from-template-context.js:16:44)
    at OuterLayoutRouter (webpack-internal:///(app-pages-browser)/./node_modules/next/dist/client/components/layout-router.js:370:11)
    at InnerLayoutRouter (webpack-internal:///(app-pages-browser)/./node_modules/next/dist/client/components/layout-router.js:243:11)
    at RedirectErrorBoundary (webpack-internal:///(app-pages-browser)/./node_modules/next/dist/client/components/redirect-boundary.js:74:9)
    at RedirectBoundary (webpack-internal:///(app-pages-browser)/./node_modules/next/dist/client/components/redirect-boundary.js:82:11)
    at NotFoundBoundary (webpack-internal:///(app-pages-browser)/./node_modules/next/dist/client/components/not-found-boundary.js:84:11)
    at LoadingBoundary (webpack-internal:///(app-pages-browser)/./node_modules/next/dist/client/components/layout-router.js:349:11)
    at ErrorBoundary (webpack-internal:///(app-pages-browser)/./node_modules/next/dist/client/components/error-boundary.js:160:11)
    at InnerScrollAndFocusHandler (webpack-internal:///(app-pages-browser)/./node_modules/next/dist/client/components/layout-router.js:153:9)
    at ScrollAndFocusHandler (webpack-internal:///(app-pages-browser)/./node_modules/next/dist/client/components/layout-router.js:228:11)
    at RenderFromTemplateContext (webpack-internal:///(app-pages-browser)/./node_modules/next/dist/client/components/render-from-template-context.js:16:44)
    at OuterLayoutRouter (webpack-internal:///(app-pages-browser)/./node_modules/next/dist/client/components/layout-router.js:370:11)
    at div
    at RedesignLayout (Server)
    at InnerLayoutRouter (webpack-internal:///(app-pages-browser)/./node_modules/next/dist/client/components/layout-router.js:243:11)
    at RedirectErrorBoundary (webpack-internal:///(app-pages-browser)/./node_modules/next/dist/client/components/redirect-boundary.js:74:9)
    at RedirectBoundary (webpack-internal:///(app-pages-browser)/./node_modules/next/dist/client/components/redirect-boundary.js:82:11)
    at NotFoundErrorBoundary (webpack-internal:///(app-pages-browser)/./node_modules/next/dist/client/components/not-found-boundary.js:76:9)
    at NotFoundBoundary (webpack-internal:///(app-pages-browser)/./node_modules/next/dist/client/components/not-found-boundary.js:84:11)
    at LoadingBoundary (webpack-internal:///(app-pages-browser)/./node_modules/next/dist/client/components/layout-router.js:349:11)
    at ErrorBoundary (webpack-internal:///(app-pages-browser)/./node_modules/next/dist/client/components/error-boundary.js:160:11)
    at InnerScrollAndFocusHandler (webpack-internal:///(app-pages-browser)/./node_modules/next/dist/client/components/layout-router.js:153:9)
    at ScrollAndFocusHandler (webpack-internal:///(app-pages-browser)/./node_modules/next/dist/client/components/layout-router.js:228:11)
    at RenderFromTemplateContext (webpack-internal:///(app-pages-browser)/./node_modules/next/dist/client/components/render-from-template-context.js:16:44)
    at OuterLayoutRouter (webpack-internal:///(app-pages-browser)/./node_modules/next/dist/client/components/layout-router.js:370:11)
    at __experimental_CheckoutProvider (webpack-internal:///(app-pages-browser)/./node_modules/@clerk/shared/dist/runtime/react/index.mjs:136:44)
    at SWRConfig (webpack-internal:///(app-pages-browser)/./node_modules/swr/dist/_internal/config-context-client-BoS53ST9.mjs:554:13)
    at SWRConfigCompat (webpack-internal:///(app-pages-browser)/./node_modules/@clerk/shared/dist/runtime/react/index.mjs:124:28)
    at OrganizationProvider (webpack-internal:///(app-pages-browser)/./node_modules/@clerk/shared/dist/runtime/react/index.mjs:148:33)
    at ClerkContextProvider (webpack-internal:///(app-pages-browser)/./node_modules/@clerk/clerk-react/dist/index.mjs:1849:11)
    at ClerkProviderBase (webpack-internal:///(app-pages-browser)/./node_modules/@clerk/clerk-react/dist/index.mjs:1941:11)
    at Hoc (webpack-internal:///(app-pages-browser)/./node_modules/@clerk/clerk-react/dist/chunk-THNCS7QR.mjs:84:5)
    at ClerkNextOptionsProvider (webpack-internal:///(app-pages-browser)/./node_modules/@clerk/nextjs/dist/esm/client-boundary/NextOptionsContext.js:17:11)
    at NextClientClerkProvider (webpack-internal:///(app-pages-browser)/./node_modules/@clerk/nextjs/dist/esm/app-router/client/ClerkProvider.js:62:13)
    at ClientClerkProvider (webpack-internal:///(app-pages-browser)/./node_modules/@clerk/nextjs/dist/esm/app-router/client/ClerkProvider.js:135:13)
    at ClerkProvider (Server)
    at body
    at html
    at RootLayout (Server)
    at RedirectErrorBoundary (webpack-internal:///(app-pages-browser)/./node_modules/next/dist/client/components/redirect-boundary.js:74:9)
    at RedirectBoundary (webpack-internal:///(app-pages-browser)/./node_modules/next/dist/client/components/redirect-boundary.js:82:11)
    at NotFoundErrorBoundary (webpack-internal:///(app-pages-browser)/./node_modules/next/dist/client/components/not-found-boundary.js:76:9)
    at NotFoundBoundary (webpack-internal:///(app-pages-browser)/./node_modules/next/dist/client/components/not-found-boundary.js:84:11)
    at DevRootNotFoundBoundary (webpack-internal:///(app-pages-browser)/./node_modules/next/dist/client/components/dev-root-not-found-boundary.js:33:11)
    at ReactDevOverlay (webpack-internal:///(app-pages-browser)/./node_modules/next/dist/client/components/react-dev-overlay/app/ReactDevOverlay.js:87:9)
    at HotReload (webpack-internal:///(app-pages-browser)/./node_modules/next/dist/client/components/react-dev-overlay/app/hot-reloader-client.js:321:11)
    at Router (webpack-internal:///(app-pages-browser)/./node_modules/next/dist/client/components/app-router.js:207:11)
    at ErrorBoundaryHandler (webpack-internal:///(app-pages-browser)/./node_modules/next/dist/client/components/error-boundary.js:113:9)
    at ErrorBoundary (webpack-internal:///(app-pages-browser)/./node_modules/next/dist/client/components/error-boundary.js:160:11)
    at AppRouter (webpack-internal:///(app-pages-browser)/./node_modules/next/dist/client/components/app-router.js:585:13)
    at ServerRoot (webpack-internal:///(app-pages-browser)/./node_modules/next/dist/client/app-index.js:112:27)
    at Root (webpack-internal:///(app-pages-browser)/./node_modules/next/dist/client/app-index.js:117:11) @ webpack-internal:///(app-pages-browser)/./node_modules/next/dist/client/app-index.js:32
[  400630ms] Error: Element type is invalid: expected a string (for built-in components) or a class/function (for composite components) but got: undefined. You likely forgot to export your component from the file it's defined in, or you might have mixed up default and named imports.

Check the render method of `ProfileTab`.
    at createFiberFromTypeAndProps (webpack-internal:///(app-pages-browser)/./node_modules/next/dist/compiled/react-dom/cjs/react-dom.development.js:27944:17)
    at createFiberFromElement (webpack-internal:///(app-pages-browser)/./node_modules/next/dist/compiled/react-dom/cjs/react-dom.development.js:27970:15)
    at createChild (webpack-internal:///(app-pages-browser)/./node_modules/next/dist/compiled/react-dom/cjs/react-dom.development.js:9726:28)
    at reconcileChildrenArray (webpack-internal:///(app-pages-browser)/./node_modules/next/dist/compiled/react-dom/cjs/react-dom.development.js:10088:25)
    at reconcileChildFibersImpl (webpack-internal:///(app-pages-browser)/./node_modules/next/dist/compiled/react-dom/cjs/react-dom.development.js:10515:16)
    at reconcileChildFibers (webpack-internal:///(app-pages-browser)/./node_modules/next/dist/compiled/react-dom/cjs/react-dom.development.js:10573:27)
    at reconcileChildren (webpack-internal:///(app-pages-browser)/./node_modules/next/dist/compiled/react-dom/cjs/react-dom.development.js:15802:28)
    at updateHostComponent$1 (webpack-internal:///(app-pages-browser)/./node_modules/next/dist/compiled/react-dom/cjs/react-dom.development.js:16687:3)
    at beginWork$1 (webpack-internal:///(app-pages-browser)/./node_modules/next/dist/compiled/react-dom/cjs/react-dom.development.js:18503:14)
    at HTMLUnknownElement.callCallback (webpack-internal:///(app-pages-browser)/./node_modules/next/dist/compiled/react-dom/cjs/react-dom.development.js:20565:14)
    at Object.invokeGuardedCallbackImpl (webpack-internal:///(app-pages-browser)/./node_modules/next/dist/compiled/react-dom/cjs/react-dom.development.js:20614:16)
    at invokeGuardedCallback (webpack-internal:///(app-pages-browser)/./node_modules/next/dist/compiled/react-dom/cjs/react-dom.development.js:20689:29)
    at beginWork (webpack-internal:///(app-pages-browser)/./node_modules/next/dist/compiled/react-dom/cjs/react-dom.development.js:26949:7)
    at performUnitOfWork (webpack-internal:///(app-pages-browser)/./node_modules/next/dist/compiled/react-dom/cjs/react-dom.development.js:25748:12)
    at workLoopSync (webpack-internal:///(app-pages-browser)/./node_modules/next/dist/compiled/react-dom/cjs/react-dom.development.js:25464:5)
    at renderRootSync (webpack-internal:///(app-pages-browser)/./node_modules/next/dist/compiled/react-dom/cjs/react-dom.development.js:25419:7)
    at recoverFromConcurrentError (webpack-internal:///(app-pages-browser)/./node_modules/next/dist/compiled/react-dom/cjs/react-dom.development.js:24597:20)
    at performSyncWorkOnRoot (webpack-internal:///(app-pages-browser)/./node_modules/next/dist/compiled/react-dom/cjs/react-dom.development.js:24899:20)
    at flushSyncWorkAcrossRoots_impl (webpack-internal:///(app-pages-browser)/./node_modules/next/dist/compiled/react-dom/cjs/react-dom.development.js:7758:13)
    at flushSyncWorkOnAllRoots (webpack-internal:///(app-pages-browser)/./node_modules/next/dist/compiled/react-dom/cjs/react-dom.development.js:7718:3)
    at processRootScheduleInMicrotask (webpack-internal:///(app-pages-browser)/./node_modules/next/dist/compiled/react-dom/cjs/react-dom.development.js:7863:3)
    at eval (webpack-internal:///(app-pages-browser)/./node_modules/next/dist/compiled/react-dom/cjs/react-dom.development.js:8034:7)
[  400631ms] Error: Element type is invalid: expected a string (for built-in components) or a class/function (for composite components) but got: undefined. You likely forgot to export your component from the file it's defined in, or you might have mixed up default and named imports.

Check the render method of `ProfileTab`.
    at createFiberFromTypeAndProps (webpack-internal:///(app-pages-browser)/./node_modules/next/dist/compiled/react-dom/cjs/react-dom.development.js:27944:17)
    at createFiberFromElement (webpack-internal:///(app-pages-browser)/./node_modules/next/dist/compiled/react-dom/cjs/react-dom.development.js:27970:15)
    at createChild (webpack-internal:///(app-pages-browser)/./node_modules/next/dist/compiled/react-dom/cjs/react-dom.development.js:9726:28)
    at reconcileChildrenArray (webpack-internal:///(app-pages-browser)/./node_modules/next/dist/compiled/react-dom/cjs/react-dom.development.js:10088:25)
    at reconcileChildFibersImpl (webpack-internal:///(app-pages-browser)/./node_modules/next/dist/compiled/react-dom/cjs/react-dom.development.js:10515:16)
    at reconcileChildFibers (webpack-internal:///(app-pages-browser)/./node_modules/next/dist/compiled/react-dom/cjs/react-dom.development.js:10573:27)
    at reconcileChildren (webpack-internal:///(app-pages-browser)/./node_modules/next/dist/compiled/react-dom/cjs/react-dom.development.js:15802:28)
    at updateHostComponent$1 (webpack-internal:///(app-pages-browser)/./node_modules/next/dist/compiled/react-dom/cjs/react-dom.development.js:16687:3)
    at beginWork$1 (webpack-internal:///(app-pages-browser)/./node_modules/next/dist/compiled/react-dom/cjs/react-dom.development.js:18503:14)
    at beginWork (webpack-internal:///(app-pages-browser)/./node_modules/next/dist/compiled/react-dom/cjs/react-dom.development.js:26927:14)
    at performUnitOfWork (webpack-internal:///(app-pages-browser)/./node_modules/next/dist/compiled/react-dom/cjs/react-dom.development.js:25748:12)
    at workLoopSync (webpack-internal:///(app-pages-browser)/./node_modules/next/dist/compiled/react-dom/cjs/react-dom.development.js:25464:5)
    at renderRootSync (webpack-internal:///(app-pages-browser)/./node_modules/next/dist/compiled/react-dom/cjs/react-dom.development.js:25419:7)
    at recoverFromConcurrentError (webpack-internal:///(app-pages-browser)/./node_modules/next/dist/compiled/react-dom/cjs/react-dom.development.js:24597:20)
    at performSyncWorkOnRoot (webpack-internal:///(app-pages-browser)/./node_modules/next/dist/compiled/react-dom/cjs/react-dom.development.js:24899:20)
    at flushSyncWorkAcrossRoots_impl (webpack-internal:///(app-pages-browser)/./node_modules/next/dist/compiled/react-dom/cjs/react-dom.development.js:7758:13)
    at flushSyncWorkOnAllRoots (webpack-internal:///(app-pages-browser)/./node_modules/next/dist/compiled/react-dom/cjs/react-dom.development.js:7718:3)
    at processRootScheduleInMicrotask (webpack-internal:///(app-pages-browser)/./node_modules/next/dist/compiled/react-dom/cjs/react-dom.development.js:7863:3)
    at eval (webpack-internal:///(app-pages-browser)/./node_modules/next/dist/compiled/react-dom/cjs/react-dom.development.js:8034:7)
[  400631ms] Error: Element type is invalid: expected a string (for built-in components) or a class/function (for composite components) but got: undefined. You likely forgot to export your component from the file it's defined in, or you might have mixed up default and named imports.

Check the render method of `ProfileTab`.
    at createFiberFromTypeAndProps (webpack-internal:///(app-pages-browser)/./node_modules/next/dist/compiled/react-dom/cjs/react-dom.development.js:27944:17)
    at createFiberFromElement (webpack-internal:///(app-pages-browser)/./node_modules/next/dist/compiled/react-dom/cjs/react-dom.development.js:27970:15)
    at createChild (webpack-internal:///(app-pages-browser)/./node_modules/next/dist/compiled/react-dom/cjs/react-dom.development.js:9726:28)
    at reconcileChildrenArray (webpack-internal:///(app-pages-browser)/./node_modules/next/dist/compiled/react-dom/cjs/react-dom.development.js:10088:25)
    at reconcileChildFibersImpl (webpack-internal:///(app-pages-browser)/./node_modules/next/dist/compiled/react-dom/cjs/react-dom.development.js:10515:16)
    at reconcileChildFibers (webpack-internal:///(app-pages-browser)/./node_modules/next/dist/compiled/react-dom/cjs/react-dom.development.js:10573:27)
    at reconcileChildren (webpack-internal:///(app-pages-browser)/./node_modules/next/dist/compiled/react-dom/cjs/react-dom.development.js:15802:28)
    at updateHostComponent$1 (webpack-internal:///(app-pages-browser)/./node_modules/next/dist/compiled/react-dom/cjs/react-dom.development.js:16687:3)
    at beginWork$1 (webpack-internal:///(app-pages-browser)/./node_modules/next/dist/compiled/react-dom/cjs/react-dom.development.js:18503:14)
    at beginWork (webpack-internal:///(app-pages-browser)/./node_modules/next/dist/compiled/react-dom/cjs/react-dom.development.js:26927:14)
    at performUnitOfWork (webpack-internal:///(app-pages-browser)/./node_modules/next/dist/compiled/react-dom/cjs/react-dom.development.js:25748:12)
    at workLoopSync (webpack-internal:///(app-pages-browser)/./node_modules/next/dist/compiled/react-dom/cjs/react-dom.development.js:25464:5)
    at renderRootSync (webpack-internal:///(app-pages-browser)/./node_modules/next/dist/compiled/react-dom/cjs/react-dom.development.js:25419:7)
    at recoverFromConcurrentError (webpack-internal:///(app-pages-browser)/./node_modules/next/dist/compiled/react-dom/cjs/react-dom.development.js:24597:20)
    at performSyncWorkOnRoot (webpack-internal:///(app-pages-browser)/./node_modules/next/dist/compiled/react-dom/cjs/react-dom.development.js:24899:20)
    at flushSyncWorkAcrossRoots_impl (webpack-internal:///(app-pages-browser)/./node_modules/next/dist/compiled/react-dom/cjs/react-dom.development.js:7758:13)
    at flushSyncWorkOnAllRoots (webpack-internal:///(app-pages-browser)/./node_modules/next/dist/compiled/react-dom/cjs/react-dom.development.js:7718:3)
    at processRootScheduleInMicrotask (webpack-internal:///(app-pages-browser)/./node_modules/next/dist/compiled/react-dom/cjs/react-dom.development.js:7863:3)
    at eval (webpack-internal:///(app-pages-browser)/./node_modules/next/dist/compiled/react-dom/cjs/react-dom.development.js:8034:7)
[  400632ms] Error: Element type is invalid: expected a string (for built-in components) or a class/function (for composite components) but got: undefined. You likely forgot to export your component from the file it's defined in, or you might have mixed up default and named imports.

Check the render method of `ProfileTab`.
    at createFiberFromTypeAndProps (webpack-internal:///(app-pages-browser)/./node_modules/next/dist/compiled/react-dom/cjs/react-dom.development.js:27944:17)
    at createFiberFromElement (webpack-internal:///(app-pages-browser)/./node_modules/next/dist/compiled/react-dom/cjs/react-dom.development.js:27970:15)
    at createChild (webpack-internal:///(app-pages-browser)/./node_modules/next/dist/compiled/react-dom/cjs/react-dom.development.js:9726:28)
    at reconcileChildrenArray (webpack-internal:///(app-pages-browser)/./node_modules/next/dist/compiled/react-dom/cjs/react-dom.development.js:10088:25)
    at reconcileChildFibersImpl (webpack-internal:///(app-pages-browser)/./node_modules/next/dist/compiled/react-dom/cjs/react-dom.development.js:10515:16)
    at reconcileChildFibers (webpack-internal:///(app-pages-browser)/./node_modules/next/dist/compiled/react-dom/cjs/react-dom.development.js:10573:27)
    at reconcileChildren (webpack-internal:///(app-pages-browser)/./node_modules/next/dist/compiled/react-dom/cjs/react-dom.development.js:15802:28)
    at updateHostComponent$1 (webpack-internal:///(app-pages-browser)/./node_modules/next/dist/compiled/react-dom/cjs/react-dom.development.js:16687:3)
    at beginWork$1 (webpack-internal:///(app-pages-browser)/./node_modules/next/dist/compiled/react-dom/cjs/react-dom.development.js:18503:14)
    at beginWork (webpack-internal:///(app-pages-browser)/./node_modules/next/dist/compiled/react-dom/cjs/react-dom.development.js:26927:14)
    at performUnitOfWork (webpack-internal:///(app-pages-browser)/./node_modules/next/dist/compiled/react-dom/cjs/react-dom.development.js:25748:12)
    at workLoopSync (webpack-internal:///(app-pages-browser)/./node_modules/next/dist/compiled/react-dom/cjs/react-dom.development.js:25464:5)
    at renderRootSync (webpack-internal:///(app-pages-browser)/./node_modules/next/dist/compiled/react-dom/cjs/react-dom.development.js:25419:7)
    at recoverFromConcurrentError (webpack-internal:///(app-pages-browser)/./node_modules/next/dist/compiled/react-dom/cjs/react-dom.development.js:24597:20)
    at performSyncWorkOnRoot (webpack-internal:///(app-pages-browser)/./node_modules/next/dist/compiled/react-dom/cjs/react-dom.development.js:24899:20)
    at flushSyncWorkAcrossRoots_impl (webpack-internal:///(app-pages-browser)/./node_modules/next/dist/compiled/react-dom/cjs/react-dom.development.js:7758:13)
    at flushSyncWorkOnAllRoots (webpack-internal:///(app-pages-browser)/./node_modules/next/dist/compiled/react-dom/cjs/react-dom.development.js:7718:3)
    at processRootScheduleInMicrotask (webpack-internal:///(app-pages-browser)/./node_modules/next/dist/compiled/react-dom/cjs/react-dom.development.js:7863:3)
    at eval (webpack-internal:///(app-pages-browser)/./node_modules/next/dist/compiled/react-dom/cjs/react-dom.development.js:8034:7)
[  400634ms] Error: Element type is invalid: expected a string (for built-in components) or a class/function (for composite components) but got: undefined. You likely forgot to export your component from the file it's defined in, or you might have mixed up default and named imports.

Check the render method of `ProfileTab`.
    at createFiberFromTypeAndProps (webpack-internal:///(app-pages-browser)/./node_modules/next/dist/compiled/react-dom/cjs/react-dom.development.js:27944:17)
    at createFiberFromElement (webpack-internal:///(app-pages-browser)/./node_modules/next/dist/compiled/react-dom/cjs/react-dom.development.js:27970:15)
    at createChild (webpack-internal:///(app-pages-browser)/./node_modules/next/dist/compiled/react-dom/cjs/react-dom.development.js:9726:28)
    at reconcileChildrenArray (webpack-internal:///(app-pages-browser)/./node_modules/next/dist/compiled/react-dom/cjs/react-dom.development.js:10088:25)
    at reconcileChildFibersImpl (webpack-internal:///(app-pages-browser)/./node_modules/next/dist/compiled/react-dom/cjs/react-dom.development.js:10515:16)
    at reconcileChildFibers (webpack-internal:///(app-pages-browser)/./node_modules/next/dist/compiled/react-dom/cjs/react-dom.development.js:10573:27)
    at reconcileChildren (webpack-internal:///(app-pages-browser)/./node_modules/next/dist/compiled/react-dom/cjs/react-dom.development.js:15802:28)
    at updateHostComponent$1 (webpack-internal:///(app-pages-browser)/./node_modules/next/dist/compiled/react-dom/cjs/react-dom.development.js:16687:3)
    at beginWork$1 (webpack-internal:///(app-pages-browser)/./node_modules/next/dist/compiled/react-dom/cjs/react-dom.development.js:18503:14)
    at beginWork (webpack-internal:///(app-pages-browser)/./node_modules/next/dist/compiled/react-dom/cjs/react-dom.development.js:26927:14)
    at performUnitOfWork (webpack-internal:///(app-pages-browser)/./node_modules/next/dist/compiled/react-dom/cjs/react-dom.development.js:25748:12)
    at workLoopSync (webpack-internal:///(app-pages-browser)/./node_modules/next/dist/compiled/react-dom/cjs/react-dom.development.js:25464:5)
    at renderRootSync (webpack-internal:///(app-pages-browser)/./node_modules/next/dist/compiled/react-dom/cjs/react-dom.development.js:25419:7)
    at recoverFromConcurrentError (webpack-internal:///(app-pages-browser)/./node_modules/next/dist/compiled/react-dom/cjs/react-dom.development.js:24597:20)
    at performSyncWorkOnRoot (webpack-internal:///(app-pages-browser)/./node_modules/next/dist/compiled/react-dom/cjs/react-dom.development.js:24899:20)
    at flushSyncWorkAcrossRoots_impl (webpack-internal:///(app-pages-browser)/./node_modules/next/dist/compiled/react-dom/cjs/react-dom.development.js:7758:13)
    at flushSyncWorkOnAllRoots (webpack-internal:///(app-pages-browser)/./node_modules/next/dist/compiled/react-dom/cjs/react-dom.development.js:7718:3)
    at processRootScheduleInMicrotask (webpack-internal:///(app-pages-browser)/./node_modules/next/dist/compiled/react-dom/cjs/react-dom.development.js:7863:3)
    at eval (webpack-internal:///(app-pages-browser)/./node_modules/next/dist/compiled/react-dom/cjs/react-dom.development.js:8034:7)
[  400634ms] Error: Element type is invalid: expected a string (for built-in components) or a class/function (for composite components) but got: undefined. You likely forgot to export your component from the file it's defined in, or you might have mixed up default and named imports.

Check the render method of `ProfileTab`.
    at createFiberFromTypeAndProps (webpack-internal:///(app-pages-browser)/./node_modules/next/dist/compiled/react-dom/cjs/react-dom.development.js:27944:17)
    at createFiberFromElement (webpack-internal:///(app-pages-browser)/./node_modules/next/dist/compiled/react-dom/cjs/react-dom.development.js:27970:15)
    at createChild (webpack-internal:///(app-pages-browser)/./node_modules/next/dist/compiled/react-dom/cjs/react-dom.development.js:9726:28)
    at reconcileChildrenArray (webpack-internal:///(app-pages-browser)/./node_modules/next/dist/compiled/react-dom/cjs/react-dom.development.js:10088:25)
    at reconcileChildFibersImpl (webpack-internal:///(app-pages-browser)/./node_modules/next/dist/compiled/react-dom/cjs/react-dom.development.js:10515:16)
    at reconcileChildFibers (webpack-internal:///(app-pages-browser)/./node_modules/next/dist/compiled/react-dom/cjs/react-dom.development.js:10573:27)
    at reconcileChildren (webpack-internal:///(app-pages-browser)/./node_modules/next/dist/compiled/react-dom/cjs/react-dom.development.js:15802:28)
    at updateHostComponent$1 (webpack-internal:///(app-pages-browser)/./node_modules/next/dist/compiled/react-dom/cjs/react-dom.development.js:16687:3)
    at beginWork$1 (webpack-internal:///(app-pages-browser)/./node_modules/next/dist/compiled/react-dom/cjs/react-dom.development.js:18503:14)
    at beginWork (webpack-internal:///(app-pages-browser)/./node_modules/next/dist/compiled/react-dom/cjs/react-dom.development.js:26927:14)
    at performUnitOfWork (webpack-internal:///(app-pages-browser)/./node_modules/next/dist/compiled/react-dom/cjs/react-dom.development.js:25748:12)
    at workLoopSync (webpack-internal:///(app-pages-browser)/./node_modules/next/dist/compiled/react-dom/cjs/react-dom.development.js:25464:5)
    at renderRootSync (webpack-internal:///(app-pages-browser)/./node_modules/next/dist/compiled/react-dom/cjs/react-dom.development.js:25419:7)
    at recoverFromConcurrentError (webpack-internal:///(app-pages-browser)/./node_modules/next/dist/compiled/react-dom/cjs/react-dom.development.js:24597:20)
    at performSyncWorkOnRoot (webpack-internal:///(app-pages-browser)/./node_modules/next/dist/compiled/react-dom/cjs/react-dom.development.js:24899:20)
    at flushSyncWorkAcrossRoots_impl (webpack-internal:///(app-pages-browser)/./node_modules/next/dist/compiled/react-dom/cjs/react-dom.development.js:7758:13)
    at flushSyncWorkOnAllRoots (webpack-internal:///(app-pages-browser)/./node_modules/next/dist/compiled/react-dom/cjs/react-dom.development.js:7718:3)
    at processRootScheduleInMicrotask (webpack-internal:///(app-pages-browser)/./node_modules/next/dist/compiled/react-dom/cjs/react-dom.development.js:7863:3)
    at eval (webpack-internal:///(app-pages-browser)/./node_modules/next/dist/compiled/react-dom/cjs/react-dom.development.js:8034:7)
[  400635ms] Error: Element type is invalid: expected a string (for built-in components) or a class/function (for composite components) but got: undefined. You likely forgot to export your component from the file it's defined in, or you might have mixed up default and named imports.

Check the render method of `ProfileTab`.
    at createFiberFromTypeAndProps (webpack-internal:///(app-pages-browser)/./node_modules/next/dist/compiled/react-dom/cjs/react-dom.development.js:27944:17)
    at createFiberFromElement (webpack-internal:///(app-pages-browser)/./node_modules/next/dist/compiled/react-dom/cjs/react-dom.development.js:27970:15)
    at createChild (webpack-internal:///(app-pages-browser)/./node_modules/next/dist/compiled/react-dom/cjs/react-dom.development.js:9726:28)
    at reconcileChildrenArray (webpack-internal:///(app-pages-browser)/./node_modules/next/dist/compiled/react-dom/cjs/react-dom.development.js:10088:25)
    at reconcileChildFibersImpl (webpack-internal:///(app-pages-browser)/./node_modules/next/dist/compiled/react-dom/cjs/react-dom.development.js:10515:16)
    at reconcileChildFibers (webpack-internal:///(app-pages-browser)/./node_modules/next/dist/compiled/react-dom/cjs/react-dom.development.js:10573:27)
    at reconcileChildren (webpack-internal:///(app-pages-browser)/./node_modules/next/dist/compiled/react-dom/cjs/react-dom.development.js:15802:28)
    at updateHostComponent$1 (webpack-internal:///(app-pages-browser)/./node_modules/next/dist/compiled/react-dom/cjs/react-dom.development.js:16687:3)
    at beginWork$1 (webpack-internal:///(app-pages-browser)/./node_modules/next/dist/compiled/react-dom/cjs/react-dom.development.js:18503:14)
    at beginWork (webpack-internal:///(app-pages-browser)/./node_modules/next/dist/compiled/react-dom/cjs/react-dom.development.js:26927:14)
    at performUnitOfWork (webpack-internal:///(app-pages-browser)/./node_modules/next/dist/compiled/react-dom/cjs/react-dom.development.js:25748:12)
    at workLoopSync (webpack-internal:///(app-pages-browser)/./node_modules/next/dist/compiled/react-dom/cjs/react-dom.development.js:25464:5)
    at renderRootSync (webpack-internal:///(app-pages-browser)/./node_modules/next/dist/compiled/react-dom/cjs/react-dom.development.js:25419:7)
    at recoverFromConcurrentError (webpack-internal:///(app-pages-browser)/./node_modules/next/dist/compiled/react-dom/cjs/react-dom.development.js:24597:20)
    at performSyncWorkOnRoot (webpack-internal:///(app-pages-browser)/./node_modules/next/dist/compiled/react-dom/cjs/react-dom.development.js:24899:20)
    at flushSyncWorkAcrossRoots_impl (webpack-internal:///(app-pages-browser)/./node_modules/next/dist/compiled/react-dom/cjs/react-dom.development.js:7758:13)
    at flushSyncWorkOnAllRoots (webpack-internal:///(app-pages-browser)/./node_modules/next/dist/compiled/react-dom/cjs/react-dom.development.js:7718:3)
    at processRootScheduleInMicrotask (webpack-internal:///(app-pages-browser)/./node_modules/next/dist/compiled/react-dom/cjs/react-dom.development.js:7863:3)
    at eval (webpack-internal:///(app-pages-browser)/./node_modules/next/dist/compiled/react-dom/cjs/react-dom.development.js:8034:7)
[  400646ms] [ERROR] The above error occurred in the <NotFoundErrorBoundary> component:

    at div
    at div
    at div
    at section
    at div
    at div
    at ProfileTab (webpack-internal:///(app-pages-browser)/./src/app/redesign/dashboard/_components/DashboardClientRedesign.tsx:1548:11)
    at div
    at DashboardClientRedesign (webpack-internal:///(app-pages-browser)/./src/app/redesign/dashboard/_components/DashboardClientRedesign.tsx:257:11)
    at DashboardRedesignPage (Server)
    at InnerLayoutRouter (webpack-internal:///(app-pages-browser)/./node_modules/next/dist/client/components/layout-router.js:243:11)
    at RedirectErrorBoundary (webpack-internal:///(app-pages-browser)/./node_modules/next/dist/client/components/redirect-boundary.js:74:9)
    at RedirectBoundary (webpack-internal:///(app-pages-browser)/./node_modules/next/dist/client/components/redirect-boundary.js:82:11)
    at NotFoundBoundary (webpack-internal:///(app-pages-browser)/./node_modules/next/dist/client/components/not-found-boundary.js:84:11)
    at LoadingBoundary (webpack-internal:///(app-pages-browser)/./node_modules/next/dist/client/components/layout-router.js:349:11)
    at ErrorBoundary (webpack-internal:///(app-pages-browser)/./node_modules/next/dist/client/components/error-boundary.js:160:11)
    at InnerScrollAndFocusHandler (webpack-internal:///(app-pages-browser)/./node_modules/next/dist/client/components/layout-router.js:153:9)
    at ScrollAndFocusHandler (webpack-internal:///(app-pages-browser)/./node_modules/next/dist/client/components/layout-router.js:228:11)
    at RenderFromTemplateContext (webpack-internal:///(app-pages-browser)/./node_modules/next/dist/client/components/render-from-template-context.js:16:44)
    at OuterLayoutRouter (webpack-internal:///(app-pages-browser)/./node_modules/next/dist/client/components/layout-router.js:370:11)
    at InnerLayoutRouter (webpack-internal:///(app-pages-browser)/./node_modules/next/dist/client/components/layout-router.js:243:11)
    at RedirectErrorBoundary (webpack-internal:///(app-pages-browser)/./node_modules/next/dist/client/components/redirect-boundary.js:74:9)
    at RedirectBoundary (webpack-internal:///(app-pages-browser)/./node_modules/next/dist/client/components/redirect-boundary.js:82:11)
    at NotFoundBoundary (webpack-internal:///(app-pages-browser)/./node_modules/next/dist/client/components/not-found-boundary.js:84:11)
    at LoadingBoundary (webpack-internal:///(app-pages-browser)/./node_modules/next/dist/client/components/layout-router.js:349:11)
    at ErrorBoundary (webpack-internal:///(app-pages-browser)/./node_modules/next/dist/client/components/error-boundary.js:160:11)
    at InnerScrollAndFocusHandler (webpack-internal:///(app-pages-browser)/./node_modules/next/dist/client/components/layout-router.js:153:9)
    at ScrollAndFocusHandler (webpack-internal:///(app-pages-browser)/./node_modules/next/dist/client/components/layout-router.js:228:11)
    at RenderFromTemplateContext (webpack-internal:///(app-pages-browser)/./node_modules/next/dist/client/components/render-from-template-context.js:16:44)
    at OuterLayoutRouter (webpack-internal:///(app-pages-browser)/./node_modules/next/dist/client/components/layout-router.js:370:11)
    at div
    at RedesignLayout (Server)
    at InnerLayoutRouter (webpack-internal:///(app-pages-browser)/./node_modules/next/dist/client/components/layout-router.js:243:11)
    at RedirectErrorBoundary (webpack-internal:///(app-pages-browser)/./node_modules/next/dist/client/components/redirect-boundary.js:74:9)
    at RedirectBoundary (webpack-internal:///(app-pages-browser)/./node_modules/next/dist/client/components/redirect-boundary.js:82:11)
    at NotFoundErrorBoundary (webpack-internal:///(app-pages-browser)/./node_modules/next/dist/client/components/not-found-boundary.js:76:9)
    at NotFoundBoundary (webpack-internal:///(app-pages-browser)/./node_modules/next/dist/client/components/not-found-boundary.js:84:11)
    at LoadingBoundary (webpack-internal:///(app-pages-browser)/./node_modules/next/dist/client/components/layout-router.js:349:11)
    at ErrorBoundary (webpack-internal:///(app-pages-browser)/./node_modules/next/dist/client/components/error-boundary.js:160:11)
    at InnerScrollAndFocusHandler (webpack-internal:///(app-pages-browser)/./node_modules/next/dist/client/components/layout-router.js:153:9)
    at ScrollAndFocusHandler (webpack-internal:///(app-pages-browser)/./node_modules/next/dist/client/components/layout-router.js:228:11)
    at RenderFromTemplateContext (webpack-internal:///(app-pages-browser)/./node_modules/next/dist/client/components/render-from-template-context.js:16:44)
    at OuterLayoutRouter (webpack-internal:///(app-pages-browser)/./node_modules/next/dist/client/components/layout-router.js:370:11)
    at __experimental_CheckoutProvider (webpack-internal:///(app-pages-browser)/./node_modules/@clerk/shared/dist/runtime/react/index.mjs:136:44)
    at SWRConfig (webpack-internal:///(app-pages-browser)/./node_modules/swr/dist/_internal/config-context-client-BoS53ST9.mjs:554:13)
    at SWRConfigCompat (webpack-internal:///(app-pages-browser)/./node_modules/@clerk/shared/dist/runtime/react/index.mjs:124:28)
    at OrganizationProvider (webpack-internal:///(app-pages-browser)/./node_modules/@clerk/shared/dist/runtime/react/index.mjs:148:33)
    at ClerkContextProvider (webpack-internal:///(app-pages-browser)/./node_modules/@clerk/clerk-react/dist/index.mjs:1849:11)
    at ClerkProviderBase (webpack-internal:///(app-pages-browser)/./node_modules/@clerk/clerk-react/dist/index.mjs:1941:11)
    at Hoc (webpack-internal:///(app-pages-browser)/./node_modules/@clerk/clerk-react/dist/chunk-THNCS7QR.mjs:84:5)
    at ClerkNextOptionsProvider (webpack-internal:///(app-pages-browser)/./node_modules/@clerk/nextjs/dist/esm/client-boundary/NextOptionsContext.js:17:11)
    at NextClientClerkProvider (webpack-internal:///(app-pages-browser)/./node_modules/@clerk/nextjs/dist/esm/app-router/client/ClerkProvider.js:62:13)
    at ClientClerkProvider (webpack-internal:///(app-pages-browser)/./node_modules/@clerk/nextjs/dist/esm/app-router/client/ClerkProvider.js:135:13)
    at ClerkProvider (Server)
    at body
    at html
    at RootLayout (Server)
    at RedirectErrorBoundary (webpack-internal:///(app-pages-browser)/./node_modules/next/dist/client/components/redirect-boundary.js:74:9)
    at RedirectBoundary (webpack-internal:///(app-pages-browser)/./node_modules/next/dist/client/components/redirect-boundary.js:82:11)
    at NotFoundErrorBoundary (webpack-internal:///(app-pages-browser)/./node_modules/next/dist/client/components/not-found-boundary.js:76:9)
    at NotFoundBoundary (webpack-internal:///(app-pages-browser)/./node_modules/next/dist/client/components/not-found-boundary.js:84:11)
    at DevRootNotFoundBoundary (webpack-internal:///(app-pages-browser)/./node_modules/next/dist/client/components/dev-root-not-found-boundary.js:33:11)
    at ReactDevOverlay (webpack-internal:///(app-pages-browser)/./node_modules/next/dist/client/components/react-dev-overlay/app/ReactDevOverlay.js:87:9)
    at HotReload (webpack-internal:///(app-pages-browser)/./node_modules/next/dist/client/components/react-dev-overlay/app/hot-reloader-client.js:321:11)
    at Router (webpack-internal:///(app-pages-browser)/./node_modules/next/dist/client/components/app-router.js:207:11)
    at ErrorBoundaryHandler (webpack-internal:///(app-pages-browser)/./node_modules/next/dist/client/components/error-boundary.js:113:9)
    at ErrorBoundary (webpack-internal:///(app-pages-browser)/./node_modules/next/dist/client/components/error-boundary.js:160:11)
    at AppRouter (webpack-internal:///(app-pages-browser)/./node_modules/next/dist/client/components/app-router.js:585:13)
    at ServerRoot (webpack-internal:///(app-pages-browser)/./node_modules/next/dist/client/app-index.js:112:27)
    at Root (webpack-internal:///(app-pages-browser)/./node_modules/next/dist/client/app-index.js:117:11)

React will try to recreate this component tree from scratch using the error boundary you provided, ReactDevOverlay. @ webpack-internal:///(app-pages-browser)/./node_modules/next/dist/client/app-index.js:32
[  405137ms] [INFO] %cDownload the React DevTools for a better development experience: https://reactjs.org/link/react-devtools font-weight:bold @ webpack-internal:///(app-pages-browser)/./node_modules/next/dist/compiled/react-dom/cjs/react-dom.development.js:38559
[  405247ms] [WARNING] ./src/app/redesign/dashboard/_components/DashboardClientRedesign.tsx
Attempted import error: 'Linkedin' is not exported from '__barrel_optimize__?names=AlertCircle,ArrowRight,Award,Bell,BookOpen,Bookmark,Brain,Briefcase,Building2,Check,ChevronRight,Circle,Clock,ExternalLink,FileCheck,Globe,GraduationCap,Layers,Linkedin,Pencil,Plus,Route,Search,Settings,Sparkles,TrendingUp,Upload,User,Zap!=!lucide-react' (imported as 'Linkedin'). @ webpack-internal:///(app-pages-browser)/./node_modules/next/dist/client/components/react-dev-overlay/app/hot-reloader-client.js:226
[  405567ms] [ERROR] Failed to load resource: the server responded with a status of 400 () @ https://clerk.greentryst.com/v1/environment?__clerk_api_version=2025-11-10&_clerk_js_version=5.125.7:0
[  405608ms] [ERROR] Failed to load resource: the server responded with a status of 400 () @ https://clerk.greentryst.com/v1/client?__clerk_api_version=2025-11-10&_clerk_js_version=5.125.7:0
[  405609ms] [ERROR] e: Clerk: Production Keys are only allowed for domain "greentryst.com". 
API Error: The Request HTTP Origin header must be equal to or a subdomain of the requesting URL.
    at https://clerk.greentryst.com/npm/@clerk/clerk-js@5/dist/clerk.browser.js:2:7182
    at u._baseFetch (https://clerk.greentryst.com/npm/@clerk/clerk-js@5/dist/clerk.browser.js:3:38)
    at async d.execute (https://clerk.greentryst.com/npm/@clerk/clerk-js@5/dist/clerk.browser.js:2:5226)
    at async s._baseGet (https://clerk.greentryst.com/npm/@clerk/clerk-js@5/dist/clerk.browser.js:3:567)
    at async Promise.all (index 1)
    at async #U (https://clerk.greentryst.com/npm/@clerk/clerk-js@5/dist/clerk.browser.js:5:73541)
    at async e5.load (https://clerk.greentryst.com/npm/@clerk/clerk-js@5/dist/clerk.browser.js:5:34322)
    at async _IsomorphicClerk.loadClerkJS (webpack-internal:///(app-pages-browser)/./node_modules/@clerk/clerk-react/dist/index.mjs:1746:9) @ webpack-internal:///(app-pages-browser)/./node_modules/next/dist/client/app-index.js:32
[  405961ms] [ERROR] Failed to load resource: the server responded with a status of 400 () @ https://clerk.greentryst.com/v1/environment?__clerk_api_version=2025-11-10&_clerk_js_version=5.125.7:0
[  406000ms] [ERROR] Failed to load resource: the server responded with a status of 400 () @ https://clerk.greentryst.com/v1/client?__clerk_api_version=2025-11-10&_clerk_js_version=5.125.7:0
[  406001ms] [ERROR] e: Clerk: Production Keys are only allowed for domain "greentryst.com". 
API Error: The Request HTTP Origin header must be equal to or a subdomain of the requesting URL.
    at https://clerk.greentryst.com/npm/@clerk/clerk-js@5/dist/clerk.browser.js:2:7182
    at u._baseFetch (https://clerk.greentryst.com/npm/@clerk/clerk-js@5/dist/clerk.browser.js:3:38)
    at async d.execute (https://clerk.greentryst.com/npm/@clerk/clerk-js@5/dist/clerk.browser.js:2:5226)
    at async s._baseGet (https://clerk.greentryst.com/npm/@clerk/clerk-js@5/dist/clerk.browser.js:3:567)
    at async Promise.all (index 1)
    at async #U (https://clerk.greentryst.com/npm/@clerk/clerk-js@5/dist/clerk.browser.js:5:73541)
    at async e5.load (https://clerk.greentryst.com/npm/@clerk/clerk-js@5/dist/clerk.browser.js:5:34322)
    at async _IsomorphicClerk.loadClerkJS (webpack-internal:///(app-pages-browser)/./node_modules/@clerk/clerk-react/dist/index.mjs:1746:9) @ webpack-internal:///(app-pages-browser)/./node_modules/next/dist/client/app-index.js:32
[  425061ms] [INFO] %cDownload the React DevTools for a better development experience: https://reactjs.org/link/react-devtools font-weight:bold @ webpack-internal:///(app-pages-browser)/./node_modules/next/dist/compiled/react-dom/cjs/react-dom.development.js:38559
[  425135ms] [WARNING] ./src/app/redesign/dashboard/_components/DashboardClientRedesign.tsx
Attempted import error: 'Linkedin' is not exported from '__barrel_optimize__?names=AlertCircle,ArrowRight,Award,Bell,BookOpen,Bookmark,Brain,Briefcase,Building2,Check,ChevronRight,Circle,Clock,ExternalLink,FileCheck,Globe,GraduationCap,Layers,Linkedin,Pencil,Plus,Route,Search,Settings,Sparkles,TrendingUp,Upload,User,Zap!=!lucide-react' (imported as 'Linkedin'). @ webpack-internal:///(app-pages-browser)/./node_modules/next/dist/client/components/react-dev-overlay/app/hot-reloader-client.js:226
[  425473ms] [ERROR] Failed to load resource: the server responded with a status of 400 () @ https://clerk.greentryst.com/v1/environment?__clerk_api_version=2025-11-10&_clerk_js_version=5.125.7:0
[  425665ms] [ERROR] Failed to load resource: the server responded with a status of 400 () @ https://clerk.greentryst.com/v1/client?__clerk_api_version=2025-11-10&_clerk_js_version=5.125.7:0
[  425666ms] [ERROR] e: Clerk: Production Keys are only allowed for domain "greentryst.com". 
API Error: The Request HTTP Origin header must be equal to or a subdomain of the requesting URL.
    at https://clerk.greentryst.com/npm/@clerk/clerk-js@5/dist/clerk.browser.js:2:7182
    at u._baseFetch (https://clerk.greentryst.com/npm/@clerk/clerk-js@5/dist/clerk.browser.js:3:38)
    at async d.execute (https://clerk.greentryst.com/npm/@clerk/clerk-js@5/dist/clerk.browser.js:2:5226)
    at async s._baseGet (https://clerk.greentryst.com/npm/@clerk/clerk-js@5/dist/clerk.browser.js:3:567)
    at async Promise.all (index 1)
    at async #U (https://clerk.greentryst.com/npm/@clerk/clerk-js@5/dist/clerk.browser.js:5:73541)
    at async e5.load (https://clerk.greentryst.com/npm/@clerk/clerk-js@5/dist/clerk.browser.js:5:34322)
    at async _IsomorphicClerk.loadClerkJS (webpack-internal:///(app-pages-browser)/./node_modules/@clerk/clerk-react/dist/index.mjs:1746:9) @ webpack-internal:///(app-pages-browser)/./node_modules/next/dist/client/app-index.js:32
[  426049ms] [ERROR] Failed to load resource: the server responded with a status of 400 () @ https://clerk.greentryst.com/v1/environment?__clerk_api_version=2025-11-10&_clerk_js_version=5.125.7:0
[  426071ms] [ERROR] Failed to load resource: the server responded with a status of 400 () @ https://clerk.greentryst.com/v1/client?__clerk_api_version=2025-11-10&_clerk_js_version=5.125.7:0
[  426072ms] [ERROR] e: Clerk: Production Keys are only allowed for domain "greentryst.com". 
API Error: The Request HTTP Origin header must be equal to or a subdomain of the requesting URL.
    at https://clerk.greentryst.com/npm/@clerk/clerk-js@5/dist/clerk.browser.js:2:7182
    at u._baseFetch (https://clerk.greentryst.com/npm/@clerk/clerk-js@5/dist/clerk.browser.js:3:38)
    at async d.execute (https://clerk.greentryst.com/npm/@clerk/clerk-js@5/dist/clerk.browser.js:2:5226)
    at async s._baseGet (https://clerk.greentryst.com/npm/@clerk/clerk-js@5/dist/clerk.browser.js:3:567)
    at async Promise.all (index 1)
    at async #U (https://clerk.greentryst.com/npm/@clerk/clerk-js@5/dist/clerk.browser.js:5:73541)
    at async e5.load (https://clerk.greentryst.com/npm/@clerk/clerk-js@5/dist/clerk.browser.js:5:34322)
    at async _IsomorphicClerk.loadClerkJS (webpack-internal:///(app-pages-browser)/./node_modules/@clerk/clerk-react/dist/index.mjs:1746:9) @ webpack-internal:///(app-pages-browser)/./node_modules/next/dist/client/app-index.js:32
[  491604ms] [LOG] [Fast Refresh] rebuilding @ webpack-internal:///(app-pages-browser)/./node_modules/next/dist/client/components/react-dev-overlay/app/hot-reloader-client.js:186
[  493629ms] [LOG] [Fast Refresh] done in 2028ms @ webpack-internal:///(app-pages-browser)/./node_modules/next/dist/client/components/react-dev-overlay/app/hot-reloader-client.js:43
[  496307ms] [LOG] [Fast Refresh] rebuilding @ webpack-internal:///(app-pages-browser)/./node_modules/next/dist/client/components/react-dev-overlay/app/hot-reloader-client.js:186
[  497181ms] [LOG] [Fast Refresh] done in 876ms @ webpack-internal:///(app-pages-browser)/./node_modules/next/dist/client/components/react-dev-overlay/app/hot-reloader-client.js:43
[  513566ms] [LOG] [Fast Refresh] rebuilding @ webpack-internal:///(app-pages-browser)/./node_modules/next/dist/client/components/react-dev-overlay/app/hot-reloader-client.js:186
[  513868ms] [LOG] [Fast Refresh] done in 301ms @ webpack-internal:///(app-pages-browser)/./node_modules/next/dist/client/components/react-dev-overlay/app/hot-reloader-client.js:43
[  514062ms] [ERROR] Failed to load resource: the server responded with a status of 404 (Not Found) @ http://localhost:5001/user-profile?_rsc=eywnc:0
[  514223ms] [ERROR] Failed to load resource: the server responded with a status of 404 (Not Found) @ http://localhost:5001/user-profile:0
[  514525ms] [INFO] %cDownload the React DevTools for a better development experience: https://reactjs.org/link/react-devtools font-weight:bold @ webpack-internal:///(app-pages-browser)/./node_modules/next/dist/compiled/react-dom/cjs/react-dom.development.js:38559
[  514637ms] [ERROR] Failed to load resource: the server responded with a status of 404 (Not Found) @ http://localhost:5001/user-profile:0
[  514651ms] [ERROR] Failed to load resource: the server responded with a status of 404 (Not Found) @ http://localhost:5001/user-profile:0
[  514949ms] [ERROR] Failed to load resource: the server responded with a status of 400 () @ https://clerk.greentryst.com/v1/environment?__clerk_api_version=2025-11-10&_clerk_js_version=5.125.7:0
[  515009ms] [ERROR] Failed to load resource: the server responded with a status of 400 () @ https://clerk.greentryst.com/v1/client?__clerk_api_version=2025-11-10&_clerk_js_version=5.125.7:0
[  515014ms] [ERROR] e: Clerk: Production Keys are only allowed for domain "greentryst.com". 
API Error: The Request HTTP Origin header must be equal to or a subdomain of the requesting URL.
    at https://clerk.greentryst.com/npm/@clerk/clerk-js@5/dist/clerk.browser.js:2:7182
    at u._baseFetch (https://clerk.greentryst.com/npm/@clerk/clerk-js@5/dist/clerk.browser.js:3:38)
    at async d.execute (https://clerk.greentryst.com/npm/@clerk/clerk-js@5/dist/clerk.browser.js:2:5226)
    at async s._baseGet (https://clerk.greentryst.com/npm/@clerk/clerk-js@5/dist/clerk.browser.js:3:567)
    at async Promise.all (index 1)
    at async #U (https://clerk.greentryst.com/npm/@clerk/clerk-js@5/dist/clerk.browser.js:5:73541)
    at async e5.load (https://clerk.greentryst.com/npm/@clerk/clerk-js@5/dist/clerk.browser.js:5:34322)
    at async _IsomorphicClerk.loadClerkJS (webpack-internal:///(app-pages-browser)/./node_modules/@clerk/clerk-react/dist/index.mjs:1746:9) @ webpack-internal:///(app-pages-browser)/./node_modules/next/dist/client/app-index.js:32
[  515356ms] [ERROR] Failed to load resource: the server responded with a status of 400 () @ https://clerk.greentryst.com/v1/environment?__clerk_api_version=2025-11-10&_clerk_js_version=5.125.7:0
[  515422ms] [ERROR] Failed to load resource: the server responded with a status of 400 () @ https://clerk.greentryst.com/v1/client?__clerk_api_version=2025-11-10&_clerk_js_version=5.125.7:0
[  515423ms] [ERROR] e: Clerk: Production Keys are only allowed for domain "greentryst.com". 
API Error: The Request HTTP Origin header must be equal to or a subdomain of the requesting URL.
    at https://clerk.greentryst.com/npm/@clerk/clerk-js@5/dist/clerk.browser.js:2:7182
    at u._baseFetch (https://clerk.greentryst.com/npm/@clerk/clerk-js@5/dist/clerk.browser.js:3:38)
    at async d.execute (https://clerk.greentryst.com/npm/@clerk/clerk-js@5/dist/clerk.browser.js:2:5226)
    at async s._baseGet (https://clerk.greentryst.com/npm/@clerk/clerk-js@5/dist/clerk.browser.js:3:567)
    at async Promise.all (index 1)
    at async #U (https://clerk.greentryst.com/npm/@clerk/clerk-js@5/dist/clerk.browser.js:5:73541)
    at async e5.load (https://clerk.greentryst.com/npm/@clerk/clerk-js@5/dist/clerk.browser.js:5:34322)
    at async _IsomorphicClerk.loadClerkJS (webpack-internal:///(app-pages-browser)/./node_modules/@clerk/clerk-react/dist/index.mjs:1746:9) @ webpack-internal:///(app-pages-browser)/./node_modules/next/dist/client/app-index.js:32
[  516163ms] [INFO] %cDownload the React DevTools for a better development experience: https://reactjs.org/link/react-devtools font-weight:bold @ webpack-internal:///(app-pages-browser)/./node_modules/next/dist/compiled/react-dom/cjs/react-dom.development.js:38559
[  516606ms] [ERROR] Failed to load resource: the server responded with a status of 400 () @ https://clerk.greentryst.com/v1/environment?__clerk_api_version=2025-11-10&_clerk_js_version=5.125.7:0
[  516638ms] [ERROR] Failed to load resource: the server responded with a status of 400 () @ https://clerk.greentryst.com/v1/client?__clerk_api_version=2025-11-10&_clerk_js_version=5.125.7:0
[  516639ms] [ERROR] e: Clerk: Production Keys are only allowed for domain "greentryst.com". 
API Error: The Request HTTP Origin header must be equal to or a subdomain of the requesting URL.
    at https://clerk.greentryst.com/npm/@clerk/clerk-js@5/dist/clerk.browser.js:2:7182
    at u._baseFetch (https://clerk.greentryst.com/npm/@clerk/clerk-js@5/dist/clerk.browser.js:3:38)
    at async d.execute (https://clerk.greentryst.com/npm/@clerk/clerk-js@5/dist/clerk.browser.js:2:5226)
    at async s._baseGet (https://clerk.greentryst.com/npm/@clerk/clerk-js@5/dist/clerk.browser.js:3:567)
    at async Promise.all (index 1)
    at async #U (https://clerk.greentryst.com/npm/@clerk/clerk-js@5/dist/clerk.browser.js:5:73541)
    at async e5.load (https://clerk.greentryst.com/npm/@clerk/clerk-js@5/dist/clerk.browser.js:5:34322)
    at async _IsomorphicClerk.loadClerkJS (webpack-internal:///(app-pages-browser)/./node_modules/@clerk/clerk-react/dist/index.mjs:1746:9) @ webpack-internal:///(app-pages-browser)/./node_modules/next/dist/client/app-index.js:32
[  517016ms] [ERROR] Failed to load resource: the server responded with a status of 400 () @ https://clerk.greentryst.com/v1/environment?__clerk_api_version=2025-11-10&_clerk_js_version=5.125.7:0
[  517034ms] [ERROR] Failed to load resource: the server responded with a status of 400 () @ https://clerk.greentryst.com/v1/client?__clerk_api_version=2025-11-10&_clerk_js_version=5.125.7:0
[  517035ms] [ERROR] e: Clerk: Production Keys are only allowed for domain "greentryst.com". 
API Error: The Request HTTP Origin header must be equal to or a subdomain of the requesting URL.
    at https://clerk.greentryst.com/npm/@clerk/clerk-js@5/dist/clerk.browser.js:2:7182
    at u._baseFetch (https://clerk.greentryst.com/npm/@clerk/clerk-js@5/dist/clerk.browser.js:3:38)
    at async d.execute (https://clerk.greentryst.com/npm/@clerk/clerk-js@5/dist/clerk.browser.js:2:5226)
    at async s._baseGet (https://clerk.greentryst.com/npm/@clerk/clerk-js@5/dist/clerk.browser.js:3:567)
    at async Promise.all (index 1)
    at async #U (https://clerk.greentryst.com/npm/@clerk/clerk-js@5/dist/clerk.browser.js:5:73541)
    at async e5.load (https://clerk.greentryst.com/npm/@clerk/clerk-js@5/dist/clerk.browser.js:5:34322)
    at async _IsomorphicClerk.loadClerkJS (webpack-internal:///(app-pages-browser)/./node_modules/@clerk/clerk-react/dist/index.mjs:1746:9) @ webpack-internal:///(app-pages-browser)/./node_modules/next/dist/client/app-index.js:32
[  714424ms] [LOG] [Fast Refresh] rebuilding @ webpack-internal:///(app-pages-browser)/./node_modules/next/dist/client/components/react-dev-overlay/app/hot-reloader-client.js:186
[  714908ms] [LOG] [Fast Refresh] done in 483ms @ webpack-internal:///(app-pages-browser)/./node_modules/next/dist/client/components/react-dev-overlay/app/hot-reloader-client.js:43
[  859743ms] [LOG] [Fast Refresh] rebuilding @ webpack-internal:///(app-pages-browser)/./node_modules/next/dist/client/components/react-dev-overlay/app/hot-reloader-client.js:186
[  860174ms] [LOG] [Fast Refresh] done in 431ms @ webpack-internal:///(app-pages-browser)/./node_modules/next/dist/client/components/react-dev-overlay/app/hot-reloader-client.js:43
[  869822ms] [LOG] [Fast Refresh] rebuilding @ webpack-internal:///(app-pages-browser)/./node_modules/next/dist/client/components/react-dev-overlay/app/hot-reloader-client.js:186
[  870139ms] [LOG] [Fast Refresh] done in 317ms @ webpack-internal:///(app-pages-browser)/./node_modules/next/dist/client/components/react-dev-overlay/app/hot-reloader-client.js:43
[ 1219421ms] [LOG] [Fast Refresh] rebuilding @ webpack-internal:///(app-pages-browser)/./node_modules/next/dist/client/components/react-dev-overlay/app/hot-reloader-client.js:186
[ 1220195ms] [LOG] [Fast Refresh] done in 775ms @ webpack-internal:///(app-pages-browser)/./node_modules/next/dist/client/components/react-dev-overlay/app/hot-reloader-client.js:43
[ 1220760ms] Error: Course not found: brsr
    at getCourse (webpack-internal:///(rsc)/./src/lib/courses.ts:48:15)
    at CourseLayout (webpack-internal:///(rsc)/./src/app/courses/[courseId]/layout.tsx:17:75)
    at e_ (/Users/knowprajjwal/LearningPlatform/node_modules/next/dist/compiled/next-server/app-page.runtime.dev.js:35:264164)
    at e (/Users/knowprajjwal/LearningPlatform/node_modules/next/dist/compiled/next-server/app-page.runtime.dev.js:35:268296)
    at eF (/Users/knowprajjwal/LearningPlatform/node_modules/next/dist/compiled/next-server/app-page.runtime.dev.js:35:268784)
    at eq (/Users/knowprajjwal/LearningPlatform/node_modules/next/dist/compiled/next-server/app-page.runtime.dev.js:35:274748)
    at ej (/Users/knowprajjwal/LearningPlatform/node_modules/next/dist/compiled/next-server/app-page.runtime.dev.js:35:264992)
    at e_ (/Users/knowprajjwal/LearningPlatform/node_modules/next/dist/compiled/next-server/app-page.runtime.dev.js:35:264034)
    at e (/Users/knowprajjwal/LearningPlatform/node_modules/next/dist/compiled/next-server/app-page.runtime.dev.js:35:268296)
    at eF (/Users/knowprajjwal/LearningPlatform/node_modules/next/dist/compiled/next-server/app-page.runtime.dev.js:35:268784)
    at /Users/knowprajjwal/LearningPlatform/node_modules/next/dist/compiled/next-server/app-page.runtime.dev.js:35:266015
    at Array.toJSON (/Users/knowprajjwal/LearningPlatform/node_modules/next/dist/compiled/next-server/app-page.runtime.dev.js:35:266479)
    at stringify (<anonymous>)
    at eq (/Users/knowprajjwal/LearningPlatform/node_modules/next/dist/compiled/next-server/app-page.runtime.dev.js:35:274847)
    at eJ (/Users/knowprajjwal/LearningPlatform/node_modules/next/dist/compiled/next-server/app-page.runtime.dev.js:35:275365)
    at AsyncLocalStorage.run (node:internal/async_local_storage/async_hooks:91:14)
    at Timeout._onTimeout (/Users/knowprajjwal/LearningPlatform/node_modules/next/dist/compiled/next-server/app-page.runtime.dev.js:35:283454)
    at listOnTimeout (node:internal/timers:588:17)
    at process.processTimers (node:internal/timers:523:7)
[ 1220765ms] Error: Course not found: brsr
    at getCourse (webpack-internal:///(rsc)/./src/lib/courses.ts:48:15)
    at CourseLayout (webpack-internal:///(rsc)/./src/app/courses/[courseId]/layout.tsx:17:75)
    at e_ (/Users/knowprajjwal/LearningPlatform/node_modules/next/dist/compiled/next-server/app-page.runtime.dev.js:35:264164)
    at e (/Users/knowprajjwal/LearningPlatform/node_modules/next/dist/compiled/next-server/app-page.runtime.dev.js:35:268296)
    at eF (/Users/knowprajjwal/LearningPlatform/node_modules/next/dist/compiled/next-server/app-page.runtime.dev.js:35:268784)
    at eq (/Users/knowprajjwal/LearningPlatform/node_modules/next/dist/compiled/next-server/app-page.runtime.dev.js:35:274748)
    at ej (/Users/knowprajjwal/LearningPlatform/node_modules/next/dist/compiled/next-server/app-page.runtime.dev.js:35:264992)
    at e_ (/Users/knowprajjwal/LearningPlatform/node_modules/next/dist/compiled/next-server/app-page.runtime.dev.js:35:264034)
    at e (/Users/knowprajjwal/LearningPlatform/node_modules/next/dist/compiled/next-server/app-page.runtime.dev.js:35:268296)
    at eF (/Users/knowprajjwal/LearningPlatform/node_modules/next/dist/compiled/next-server/app-page.runtime.dev.js:35:268784)
    at /Users/knowprajjwal/LearningPlatform/node_modules/next/dist/compiled/next-server/app-page.runtime.dev.js:35:266015
    at Array.toJSON (/Users/knowprajjwal/LearningPlatform/node_modules/next/dist/compiled/next-server/app-page.runtime.dev.js:35:266479)
    at stringify (<anonymous>)
    at eq (/Users/knowprajjwal/LearningPlatform/node_modules/next/dist/compiled/next-server/app-page.runtime.dev.js:35:274847)
    at eJ (/Users/knowprajjwal/LearningPlatform/node_modules/next/dist/compiled/next-server/app-page.runtime.dev.js:35:275365)
    at AsyncLocalStorage.run (node:internal/async_local_storage/async_hooks:91:14)
    at Timeout._onTimeout (/Users/knowprajjwal/LearningPlatform/node_modules/next/dist/compiled/next-server/app-page.runtime.dev.js:35:283454)
    at listOnTimeout (node:internal/timers:588:17)
    at process.processTimers (node:internal/timers:523:7)
[ 1220765ms] Error: Course not found: brsr
    at getCourse (webpack-internal:///(rsc)/./src/lib/courses.ts:48:15)
    at CourseLayout (webpack-internal:///(rsc)/./src/app/courses/[courseId]/layout.tsx:17:75)
    at e_ (/Users/knowprajjwal/LearningPlatform/node_modules/next/dist/compiled/next-server/app-page.runtime.dev.js:35:264164)
    at e (/Users/knowprajjwal/LearningPlatform/node_modules/next/dist/compiled/next-server/app-page.runtime.dev.js:35:268296)
    at eF (/Users/knowprajjwal/LearningPlatform/node_modules/next/dist/compiled/next-server/app-page.runtime.dev.js:35:268784)
    at eq (/Users/knowprajjwal/LearningPlatform/node_modules/next/dist/compiled/next-server/app-page.runtime.dev.js:35:274748)
    at ej (/Users/knowprajjwal/LearningPlatform/node_modules/next/dist/compiled/next-server/app-page.runtime.dev.js:35:264992)
    at e_ (/Users/knowprajjwal/LearningPlatform/node_modules/next/dist/compiled/next-server/app-page.runtime.dev.js:35:264034)
    at e (/Users/knowprajjwal/LearningPlatform/node_modules/next/dist/compiled/next-server/app-page.runtime.dev.js:35:268296)
    at eF (/Users/knowprajjwal/LearningPlatform/node_modules/next/dist/compiled/next-server/app-page.runtime.dev.js:35:268784)
    at /Users/knowprajjwal/LearningPlatform/node_modules/next/dist/compiled/next-server/app-page.runtime.dev.js:35:266015
    at Array.toJSON (/Users/knowprajjwal/LearningPlatform/node_modules/next/dist/compiled/next-server/app-page.runtime.dev.js:35:266479)
    at stringify (<anonymous>)
    at eq (/Users/knowprajjwal/LearningPlatform/node_modules/next/dist/compiled/next-server/app-page.runtime.dev.js:35:274847)
    at eJ (/Users/knowprajjwal/LearningPlatform/node_modules/next/dist/compiled/next-server/app-page.runtime.dev.js:35:275365)
    at AsyncLocalStorage.run (node:internal/async_local_storage/async_hooks:91:14)
    at Timeout._onTimeout (/Users/knowprajjwal/LearningPlatform/node_modules/next/dist/compiled/next-server/app-page.runtime.dev.js:35:283454)
    at listOnTimeout (node:internal/timers:588:17)
    at process.processTimers (node:internal/timers:523:7)
[ 1220765ms] Error: Course not found: brsr
    at getCourse (webpack-internal:///(rsc)/./src/lib/courses.ts:48:15)
    at CourseLayout (webpack-internal:///(rsc)/./src/app/courses/[courseId]/layout.tsx:17:75)
    at e_ (/Users/knowprajjwal/LearningPlatform/node_modules/next/dist/compiled/next-server/app-page.runtime.dev.js:35:264164)
    at e (/Users/knowprajjwal/LearningPlatform/node_modules/next/dist/compiled/next-server/app-page.runtime.dev.js:35:268296)
    at eF (/Users/knowprajjwal/LearningPlatform/node_modules/next/dist/compiled/next-server/app-page.runtime.dev.js:35:268784)
    at eq (/Users/knowprajjwal/LearningPlatform/node_modules/next/dist/compiled/next-server/app-page.runtime.dev.js:35:274748)
    at ej (/Users/knowprajjwal/LearningPlatform/node_modules/next/dist/compiled/next-server/app-page.runtime.dev.js:35:264992)
    at e_ (/Users/knowprajjwal/LearningPlatform/node_modules/next/dist/compiled/next-server/app-page.runtime.dev.js:35:264034)
    at e (/Users/knowprajjwal/LearningPlatform/node_modules/next/dist/compiled/next-server/app-page.runtime.dev.js:35:268296)
    at eF (/Users/knowprajjwal/LearningPlatform/node_modules/next/dist/compiled/next-server/app-page.runtime.dev.js:35:268784)
    at /Users/knowprajjwal/LearningPlatform/node_modules/next/dist/compiled/next-server/app-page.runtime.dev.js:35:266015
    at Array.toJSON (/Users/knowprajjwal/LearningPlatform/node_modules/next/dist/compiled/next-server/app-page.runtime.dev.js:35:266479)
    at stringify (<anonymous>)
    at eq (/Users/knowprajjwal/LearningPlatform/node_modules/next/dist/compiled/next-server/app-page.runtime.dev.js:35:274847)
    at eJ (/Users/knowprajjwal/LearningPlatform/node_modules/next/dist/compiled/next-server/app-page.runtime.dev.js:35:275365)
    at AsyncLocalStorage.run (node:internal/async_local_storage/async_hooks:91:14)
    at Timeout._onTimeout (/Users/knowprajjwal/LearningPlatform/node_modules/next/dist/compiled/next-server/app-page.runtime.dev.js:35:283454)
    at listOnTimeout (node:internal/timers:588:17)
    at process.processTimers (node:internal/timers:523:7)
[ 1220765ms] Error: Course not found: brsr
    at getCourse (webpack-internal:///(rsc)/./src/lib/courses.ts:48:15)
    at CourseLayout (webpack-internal:///(rsc)/./src/app/courses/[courseId]/layout.tsx:17:75)
    at e_ (/Users/knowprajjwal/LearningPlatform/node_modules/next/dist/compiled/next-server/app-page.runtime.dev.js:35:264164)
    at e (/Users/knowprajjwal/LearningPlatform/node_modules/next/dist/compiled/next-server/app-page.runtime.dev.js:35:268296)
    at eF (/Users/knowprajjwal/LearningPlatform/node_modules/next/dist/compiled/next-server/app-page.runtime.dev.js:35:268784)
    at eq (/Users/knowprajjwal/LearningPlatform/node_modules/next/dist/compiled/next-server/app-page.runtime.dev.js:35:274748)
    at ej (/Users/knowprajjwal/LearningPlatform/node_modules/next/dist/compiled/next-server/app-page.runtime.dev.js:35:264992)
    at e_ (/Users/knowprajjwal/LearningPlatform/node_modules/next/dist/compiled/next-server/app-page.runtime.dev.js:35:264034)
    at e (/Users/knowprajjwal/LearningPlatform/node_modules/next/dist/compiled/next-server/app-page.runtime.dev.js:35:268296)
    at eF (/Users/knowprajjwal/LearningPlatform/node_modules/next/dist/compiled/next-server/app-page.runtime.dev.js:35:268784)
    at /Users/knowprajjwal/LearningPlatform/node_modules/next/dist/compiled/next-server/app-page.runtime.dev.js:35:266015
    at Array.toJSON (/Users/knowprajjwal/LearningPlatform/node_modules/next/dist/compiled/next-server/app-page.runtime.dev.js:35:266479)
    at stringify (<anonymous>)
    at eq (/Users/knowprajjwal/LearningPlatform/node_modules/next/dist/compiled/next-server/app-page.runtime.dev.js:35:274847)
    at eJ (/Users/knowprajjwal/LearningPlatform/node_modules/next/dist/compiled/next-server/app-page.runtime.dev.js:35:275365)
    at AsyncLocalStorage.run (node:internal/async_local_storage/async_hooks:91:14)
    at Timeout._onTimeout (/Users/knowprajjwal/LearningPlatform/node_modules/next/dist/compiled/next-server/app-page.runtime.dev.js:35:283454)
    at listOnTimeout (node:internal/timers:588:17)
    at process.processTimers (node:internal/timers:523:7)
[ 1220766ms] Error: Course not found: brsr
    at getCourse (webpack-internal:///(rsc)/./src/lib/courses.ts:48:15)
    at CourseLayout (webpack-internal:///(rsc)/./src/app/courses/[courseId]/layout.tsx:17:75)
    at e_ (/Users/knowprajjwal/LearningPlatform/node_modules/next/dist/compiled/next-server/app-page.runtime.dev.js:35:264164)
    at e (/Users/knowprajjwal/LearningPlatform/node_modules/next/dist/compiled/next-server/app-page.runtime.dev.js:35:268296)
    at eF (/Users/knowprajjwal/LearningPlatform/node_modules/next/dist/compiled/next-server/app-page.runtime.dev.js:35:268784)
    at eq (/Users/knowprajjwal/LearningPlatform/node_modules/next/dist/compiled/next-server/app-page.runtime.dev.js:35:274748)
    at ej (/Users/knowprajjwal/LearningPlatform/node_modules/next/dist/compiled/next-server/app-page.runtime.dev.js:35:264992)
    at e_ (/Users/knowprajjwal/LearningPlatform/node_modules/next/dist/compiled/next-server/app-page.runtime.dev.js:35:264034)
    at e (/Users/knowprajjwal/LearningPlatform/node_modules/next/dist/compiled/next-server/app-page.runtime.dev.js:35:268296)
    at eF (/Users/knowprajjwal/LearningPlatform/node_modules/next/dist/compiled/next-server/app-page.runtime.dev.js:35:268784)
    at /Users/knowprajjwal/LearningPlatform/node_modules/next/dist/compiled/next-server/app-page.runtime.dev.js:35:266015
    at Array.toJSON (/Users/knowprajjwal/LearningPlatform/node_modules/next/dist/compiled/next-server/app-page.runtime.dev.js:35:266479)
    at stringify (<anonymous>)
    at eq (/Users/knowprajjwal/LearningPlatform/node_modules/next/dist/compiled/next-server/app-page.runtime.dev.js:35:274847)
    at eJ (/Users/knowprajjwal/LearningPlatform/node_modules/next/dist/compiled/next-server/app-page.runtime.dev.js:35:275365)
    at AsyncLocalStorage.run (node:internal/async_local_storage/async_hooks:91:14)
    at Timeout._onTimeout (/Users/knowprajjwal/LearningPlatform/node_modules/next/dist/compiled/next-server/app-page.runtime.dev.js:35:283454)
    at listOnTimeout (node:internal/timers:588:17)
    at process.processTimers (node:internal/timers:523:7)
[ 1220769ms] Error: Course not found: brsr
    at getCourse (webpack-internal:///(rsc)/./src/lib/courses.ts:48:15)
    at CourseLayout (webpack-internal:///(rsc)/./src/app/courses/[courseId]/layout.tsx:17:75)
    at e_ (/Users/knowprajjwal/LearningPlatform/node_modules/next/dist/compiled/next-server/app-page.runtime.dev.js:35:264164)
    at e (/Users/knowprajjwal/LearningPlatform/node_modules/next/dist/compiled/next-server/app-page.runtime.dev.js:35:268296)
    at eF (/Users/knowprajjwal/LearningPlatform/node_modules/next/dist/compiled/next-server/app-page.runtime.dev.js:35:268784)
    at eq (/Users/knowprajjwal/LearningPlatform/node_modules/next/dist/compiled/next-server/app-page.runtime.dev.js:35:274748)
    at ej (/Users/knowprajjwal/LearningPlatform/node_modules/next/dist/compiled/next-server/app-page.runtime.dev.js:35:264992)
    at e_ (/Users/knowprajjwal/LearningPlatform/node_modules/next/dist/compiled/next-server/app-page.runtime.dev.js:35:264034)
    at e (/Users/knowprajjwal/LearningPlatform/node_modules/next/dist/compiled/next-server/app-page.runtime.dev.js:35:268296)
    at eF (/Users/knowprajjwal/LearningPlatform/node_modules/next/dist/compiled/next-server/app-page.runtime.dev.js:35:268784)
    at /Users/knowprajjwal/LearningPlatform/node_modules/next/dist/compiled/next-server/app-page.runtime.dev.js:35:266015
    at Array.toJSON (/Users/knowprajjwal/LearningPlatform/node_modules/next/dist/compiled/next-server/app-page.runtime.dev.js:35:266479)
    at stringify (<anonymous>)
    at eq (/Users/knowprajjwal/LearningPlatform/node_modules/next/dist/compiled/next-server/app-page.runtime.dev.js:35:274847)
    at eJ (/Users/knowprajjwal/LearningPlatform/node_modules/next/dist/compiled/next-server/app-page.runtime.dev.js:35:275365)
    at AsyncLocalStorage.run (node:internal/async_local_storage/async_hooks:91:14)
    at Timeout._onTimeout (/Users/knowprajjwal/LearningPlatform/node_modules/next/dist/compiled/next-server/app-page.runtime.dev.js:35:283454)
    at listOnTimeout (node:internal/timers:588:17)
    at process.processTimers (node:internal/timers:523:7)
[ 1220769ms] Error: Course not found: brsr
    at getCourse (webpack-internal:///(rsc)/./src/lib/courses.ts:48:15)
    at CourseLayout (webpack-internal:///(rsc)/./src/app/courses/[courseId]/layout.tsx:17:75)
    at e_ (/Users/knowprajjwal/LearningPlatform/node_modules/next/dist/compiled/next-server/app-page.runtime.dev.js:35:264164)
    at e (/Users/knowprajjwal/LearningPlatform/node_modules/next/dist/compiled/next-server/app-page.runtime.dev.js:35:268296)
    at eF (/Users/knowprajjwal/LearningPlatform/node_modules/next/dist/compiled/next-server/app-page.runtime.dev.js:35:268784)
    at eq (/Users/knowprajjwal/LearningPlatform/node_modules/next/dist/compiled/next-server/app-page.runtime.dev.js:35:274748)
    at ej (/Users/knowprajjwal/LearningPlatform/node_modules/next/dist/compiled/next-server/app-page.runtime.dev.js:35:264992)
    at e_ (/Users/knowprajjwal/LearningPlatform/node_modules/next/dist/compiled/next-server/app-page.runtime.dev.js:35:264034)
    at e (/Users/knowprajjwal/LearningPlatform/node_modules/next/dist/compiled/next-server/app-page.runtime.dev.js:35:268296)
    at eF (/Users/knowprajjwal/LearningPlatform/node_modules/next/dist/compiled/next-server/app-page.runtime.dev.js:35:268784)
    at /Users/knowprajjwal/LearningPlatform/node_modules/next/dist/compiled/next-server/app-page.runtime.dev.js:35:266015
    at Array.toJSON (/Users/knowprajjwal/LearningPlatform/node_modules/next/dist/compiled/next-server/app-page.runtime.dev.js:35:266479)
    at stringify (<anonymous>)
    at eq (/Users/knowprajjwal/LearningPlatform/node_modules/next/dist/compiled/next-server/app-page.runtime.dev.js:35:274847)
    at eJ (/Users/knowprajjwal/LearningPlatform/node_modules/next/dist/compiled/next-server/app-page.runtime.dev.js:35:275365)
    at AsyncLocalStorage.run (node:internal/async_local_storage/async_hooks:91:14)
    at Timeout._onTimeout (/Users/knowprajjwal/LearningPlatform/node_modules/next/dist/compiled/next-server/app-page.runtime.dev.js:35:283454)
    at listOnTimeout (node:internal/timers:588:17)
    at process.processTimers (node:internal/timers:523:7)
[ 1220769ms] Error: Course not found: brsr
    at getCourse (webpack-internal:///(rsc)/./src/lib/courses.ts:48:15)
    at CourseLayout (webpack-internal:///(rsc)/./src/app/courses/[courseId]/layout.tsx:17:75)
    at e_ (/Users/knowprajjwal/LearningPlatform/node_modules/next/dist/compiled/next-server/app-page.runtime.dev.js:35:264164)
    at e (/Users/knowprajjwal/LearningPlatform/node_modules/next/dist/compiled/next-server/app-page.runtime.dev.js:35:268296)
    at eF (/Users/knowprajjwal/LearningPlatform/node_modules/next/dist/compiled/next-server/app-page.runtime.dev.js:35:268784)
    at eq (/Users/knowprajjwal/LearningPlatform/node_modules/next/dist/compiled/next-server/app-page.runtime.dev.js:35:274748)
    at ej (/Users/knowprajjwal/LearningPlatform/node_modules/next/dist/compiled/next-server/app-page.runtime.dev.js:35:264992)
    at e_ (/Users/knowprajjwal/LearningPlatform/node_modules/next/dist/compiled/next-server/app-page.runtime.dev.js:35:264034)
    at e (/Users/knowprajjwal/LearningPlatform/node_modules/next/dist/compiled/next-server/app-page.runtime.dev.js:35:268296)
    at eF (/Users/knowprajjwal/LearningPlatform/node_modules/next/dist/compiled/next-server/app-page.runtime.dev.js:35:268784)
    at /Users/knowprajjwal/LearningPlatform/node_modules/next/dist/compiled/next-server/app-page.runtime.dev.js:35:266015
    at Array.toJSON (/Users/knowprajjwal/LearningPlatform/node_modules/next/dist/compiled/next-server/app-page.runtime.dev.js:35:266479)
    at stringify (<anonymous>)
    at eq (/Users/knowprajjwal/LearningPlatform/node_modules/next/dist/compiled/next-server/app-page.runtime.dev.js:35:274847)
    at eJ (/Users/knowprajjwal/LearningPlatform/node_modules/next/dist/compiled/next-server/app-page.runtime.dev.js:35:275365)
    at AsyncLocalStorage.run (node:internal/async_local_storage/async_hooks:91:14)
    at Timeout._onTimeout (/Users/knowprajjwal/LearningPlatform/node_modules/next/dist/compiled/next-server/app-page.runtime.dev.js:35:283454)
    at listOnTimeout (node:internal/timers:588:17)
    at process.processTimers (node:internal/timers:523:7)
[ 1220770ms] Error: Course not found: brsr
    at getCourse (webpack-internal:///(rsc)/./src/lib/courses.ts:48:15)
    at CourseLayout (webpack-internal:///(rsc)/./src/app/courses/[courseId]/layout.tsx:17:75)
    at e_ (/Users/knowprajjwal/LearningPlatform/node_modules/next/dist/compiled/next-server/app-page.runtime.dev.js:35:264164)
    at e (/Users/knowprajjwal/LearningPlatform/node_modules/next/dist/compiled/next-server/app-page.runtime.dev.js:35:268296)
    at eF (/Users/knowprajjwal/LearningPlatform/node_modules/next/dist/compiled/next-server/app-page.runtime.dev.js:35:268784)
    at eq (/Users/knowprajjwal/LearningPlatform/node_modules/next/dist/compiled/next-server/app-page.runtime.dev.js:35:274748)
    at ej (/Users/knowprajjwal/LearningPlatform/node_modules/next/dist/compiled/next-server/app-page.runtime.dev.js:35:264992)
    at e_ (/Users/knowprajjwal/LearningPlatform/node_modules/next/dist/compiled/next-server/app-page.runtime.dev.js:35:264034)
    at e (/Users/knowprajjwal/LearningPlatform/node_modules/next/dist/compiled/next-server/app-page.runtime.dev.js:35:268296)
    at eF (/Users/knowprajjwal/LearningPlatform/node_modules/next/dist/compiled/next-server/app-page.runtime.dev.js:35:268784)
    at /Users/knowprajjwal/LearningPlatform/node_modules/next/dist/compiled/next-server/app-page.runtime.dev.js:35:266015
    at Array.toJSON (/Users/knowprajjwal/LearningPlatform/node_modules/next/dist/compiled/next-server/app-page.runtime.dev.js:35:266479)
    at stringify (<anonymous>)
    at eq (/Users/knowprajjwal/LearningPlatform/node_modules/next/dist/compiled/next-server/app-page.runtime.dev.js:35:274847)
    at eJ (/Users/knowprajjwal/LearningPlatform/node_modules/next/dist/compiled/next-server/app-page.runtime.dev.js:35:275365)
    at AsyncLocalStorage.run (node:internal/async_local_storage/async_hooks:91:14)
    at Timeout._onTimeout (/Users/knowprajjwal/LearningPlatform/node_modules/next/dist/compiled/next-server/app-page.runtime.dev.js:35:283454)
    at listOnTimeout (node:internal/timers:588:17)
    at process.processTimers (node:internal/timers:523:7)
[ 1220770ms] Error: Course not found: brsr
    at getCourse (webpack-internal:///(rsc)/./src/lib/courses.ts:48:15)
    at CourseLayout (webpack-internal:///(rsc)/./src/app/courses/[courseId]/layout.tsx:17:75)
    at e_ (/Users/knowprajjwal/LearningPlatform/node_modules/next/dist/compiled/next-server/app-page.runtime.dev.js:35:264164)
    at e (/Users/knowprajjwal/LearningPlatform/node_modules/next/dist/compiled/next-server/app-page.runtime.dev.js:35:268296)
    at eF (/Users/knowprajjwal/LearningPlatform/node_modules/next/dist/compiled/next-server/app-page.runtime.dev.js:35:268784)
    at eq (/Users/knowprajjwal/LearningPlatform/node_modules/next/dist/compiled/next-server/app-page.runtime.dev.js:35:274748)
    at ej (/Users/knowprajjwal/LearningPlatform/node_modules/next/dist/compiled/next-server/app-page.runtime.dev.js:35:264992)
    at e_ (/Users/knowprajjwal/LearningPlatform/node_modules/next/dist/compiled/next-server/app-page.runtime.dev.js:35:264034)
    at e (/Users/knowprajjwal/LearningPlatform/node_modules/next/dist/compiled/next-server/app-page.runtime.dev.js:35:268296)
    at eF (/Users/knowprajjwal/LearningPlatform/node_modules/next/dist/compiled/next-server/app-page.runtime.dev.js:35:268784)
    at /Users/knowprajjwal/LearningPlatform/node_modules/next/dist/compiled/next-server/app-page.runtime.dev.js:35:266015
    at Array.toJSON (/Users/knowprajjwal/LearningPlatform/node_modules/next/dist/compiled/next-server/app-page.runtime.dev.js:35:266479)
    at stringify (<anonymous>)
    at eq (/Users/knowprajjwal/LearningPlatform/node_modules/next/dist/compiled/next-server/app-page.runtime.dev.js:35:274847)
    at eJ (/Users/knowprajjwal/LearningPlatform/node_modules/next/dist/compiled/next-server/app-page.runtime.dev.js:35:275365)
    at AsyncLocalStorage.run (node:internal/async_local_storage/async_hooks:91:14)
    at Timeout._onTimeout (/Users/knowprajjwal/LearningPlatform/node_modules/next/dist/compiled/next-server/app-page.runtime.dev.js:35:283454)
    at listOnTimeout (node:internal/timers:588:17)
    at process.processTimers (node:internal/timers:523:7)
[ 1220770ms] Error: Course not found: brsr
    at getCourse (webpack-internal:///(rsc)/./src/lib/courses.ts:48:15)
    at CourseLayout (webpack-internal:///(rsc)/./src/app/courses/[courseId]/layout.tsx:17:75)
    at e_ (/Users/knowprajjwal/LearningPlatform/node_modules/next/dist/compiled/next-server/app-page.runtime.dev.js:35:264164)
    at e (/Users/knowprajjwal/LearningPlatform/node_modules/next/dist/compiled/next-server/app-page.runtime.dev.js:35:268296)
    at eF (/Users/knowprajjwal/LearningPlatform/node_modules/next/dist/compiled/next-server/app-page.runtime.dev.js:35:268784)
    at eq (/Users/knowprajjwal/LearningPlatform/node_modules/next/dist/compiled/next-server/app-page.runtime.dev.js:35:274748)
    at ej (/Users/knowprajjwal/LearningPlatform/node_modules/next/dist/compiled/next-server/app-page.runtime.dev.js:35:264992)
    at e_ (/Users/knowprajjwal/LearningPlatform/node_modules/next/dist/compiled/next-server/app-page.runtime.dev.js:35:264034)
    at e (/Users/knowprajjwal/LearningPlatform/node_modules/next/dist/compiled/next-server/app-page.runtime.dev.js:35:268296)
    at eF (/Users/knowprajjwal/LearningPlatform/node_modules/next/dist/compiled/next-server/app-page.runtime.dev.js:35:268784)
    at /Users/knowprajjwal/LearningPlatform/node_modules/next/dist/compiled/next-server/app-page.runtime.dev.js:35:266015
    at Array.toJSON (/Users/knowprajjwal/LearningPlatform/node_modules/next/dist/compiled/next-server/app-page.runtime.dev.js:35:266479)
    at stringify (<anonymous>)
    at eq (/Users/knowprajjwal/LearningPlatform/node_modules/next/dist/compiled/next-server/app-page.runtime.dev.js:35:274847)
    at eJ (/Users/knowprajjwal/LearningPlatform/node_modules/next/dist/compiled/next-server/app-page.runtime.dev.js:35:275365)
    at AsyncLocalStorage.run (node:internal/async_local_storage/async_hooks:91:14)
    at Timeout._onTimeout (/Users/knowprajjwal/LearningPlatform/node_modules/next/dist/compiled/next-server/app-page.runtime.dev.js:35:283454)
    at listOnTimeout (node:internal/timers:588:17)
    at process.processTimers (node:internal/timers:523:7)
[ 1220783ms] [ERROR] The above error occurred in the <NotFoundErrorBoundary> component:

    at InnerLayoutRouter (webpack-internal:///(app-pages-browser)/./node_modules/next/dist/client/components/layout-router.js:243:11)
    at RedirectErrorBoundary (webpack-internal:///(app-pages-browser)/./node_modules/next/dist/client/components/redirect-boundary.js:74:9)
    at RedirectBoundary (webpack-internal:///(app-pages-browser)/./node_modules/next/dist/client/components/redirect-boundary.js:82:11)
    at NotFoundBoundary (webpack-internal:///(app-pages-browser)/./node_modules/next/dist/client/components/not-found-boundary.js:84:11)
    at LoadingBoundary (webpack-internal:///(app-pages-browser)/./node_modules/next/dist/client/components/layout-router.js:349:11)
    at ErrorBoundary (webpack-internal:///(app-pages-browser)/./node_modules/next/dist/client/components/error-boundary.js:160:11)
    at InnerScrollAndFocusHandler (webpack-internal:///(app-pages-browser)/./node_modules/next/dist/client/components/layout-router.js:153:9)
    at ScrollAndFocusHandler (webpack-internal:///(app-pages-browser)/./node_modules/next/dist/client/components/layout-router.js:228:11)
    at RenderFromTemplateContext (webpack-internal:///(app-pages-browser)/./node_modules/next/dist/client/components/render-from-template-context.js:16:44)
    at OuterLayoutRouter (webpack-internal:///(app-pages-browser)/./node_modules/next/dist/client/components/layout-router.js:370:11)
    at InnerLayoutRouter (webpack-internal:///(app-pages-browser)/./node_modules/next/dist/client/components/layout-router.js:243:11)
    at RedirectErrorBoundary (webpack-internal:///(app-pages-browser)/./node_modules/next/dist/client/components/redirect-boundary.js:74:9)
    at RedirectBoundary (webpack-internal:///(app-pages-browser)/./node_modules/next/dist/client/components/redirect-boundary.js:82:11)
    at NotFoundErrorBoundary (webpack-internal:///(app-pages-browser)/./node_modules/next/dist/client/components/not-found-boundary.js:76:9)
    at NotFoundBoundary (webpack-internal:///(app-pages-browser)/./node_modules/next/dist/client/components/not-found-boundary.js:84:11)
    at LoadingBoundary (webpack-internal:///(app-pages-browser)/./node_modules/next/dist/client/components/layout-router.js:349:11)
    at ErrorBoundary (webpack-internal:///(app-pages-browser)/./node_modules/next/dist/client/components/error-boundary.js:160:11)
    at InnerScrollAndFocusHandler (webpack-internal:///(app-pages-browser)/./node_modules/next/dist/client/components/layout-router.js:153:9)
    at ScrollAndFocusHandler (webpack-internal:///(app-pages-browser)/./node_modules/next/dist/client/components/layout-router.js:228:11)
    at RenderFromTemplateContext (webpack-internal:///(app-pages-browser)/./node_modules/next/dist/client/components/render-from-template-context.js:16:44)
    at OuterLayoutRouter (webpack-internal:///(app-pages-browser)/./node_modules/next/dist/client/components/layout-router.js:370:11)
    at __experimental_CheckoutProvider (webpack-internal:///(app-pages-browser)/./node_modules/@clerk/shared/dist/runtime/react/index.mjs:136:44)
    at SWRConfig (webpack-internal:///(app-pages-browser)/./node_modules/swr/dist/_internal/config-context-client-BoS53ST9.mjs:554:13)
    at SWRConfigCompat (webpack-internal:///(app-pages-browser)/./node_modules/@clerk/shared/dist/runtime/react/index.mjs:124:28)
    at OrganizationProvider (webpack-internal:///(app-pages-browser)/./node_modules/@clerk/shared/dist/runtime/react/index.mjs:148:33)
    at ClerkContextProvider (webpack-internal:///(app-pages-browser)/./node_modules/@clerk/clerk-react/dist/index.mjs:1849:11)
    at ClerkProviderBase (webpack-internal:///(app-pages-browser)/./node_modules/@clerk/clerk-react/dist/index.mjs:1941:11)
    at Hoc (webpack-internal:///(app-pages-browser)/./node_modules/@clerk/clerk-react/dist/chunk-THNCS7QR.mjs:84:5)
    at ClerkNextOptionsProvider (webpack-internal:///(app-pages-browser)/./node_modules/@clerk/nextjs/dist/esm/client-boundary/NextOptionsContext.js:17:11)
    at NextClientClerkProvider (webpack-internal:///(app-pages-browser)/./node_modules/@clerk/nextjs/dist/esm/app-router/client/ClerkProvider.js:62:13)
    at ClientClerkProvider (webpack-internal:///(app-pages-browser)/./node_modules/@clerk/nextjs/dist/esm/app-router/client/ClerkProvider.js:135:13)
    at ClerkProvider (Server)
    at body
    at html
    at RootLayout (Server)
    at RedirectErrorBoundary (webpack-internal:///(app-pages-browser)/./node_modules/next/dist/client/components/redirect-boundary.js:74:9)
    at RedirectBoundary (webpack-internal:///(app-pages-browser)/./node_modules/next/dist/client/components/redirect-boundary.js:82:11)
    at NotFoundErrorBoundary (webpack-internal:///(app-pages-browser)/./node_modules/next/dist/client/components/not-found-boundary.js:76:9)
    at NotFoundBoundary (webpack-internal:///(app-pages-browser)/./node_modules/next/dist/client/components/not-found-boundary.js:84:11)
    at DevRootNotFoundBoundary (webpack-internal:///(app-pages-browser)/./node_modules/next/dist/client/components/dev-root-not-found-boundary.js:33:11)
    at ReactDevOverlay (webpack-internal:///(app-pages-browser)/./node_modules/next/dist/client/components/react-dev-overlay/app/ReactDevOverlay.js:87:9)
    at HotReload (webpack-internal:///(app-pages-browser)/./node_modules/next/dist/client/components/react-dev-overlay/app/hot-reloader-client.js:321:11)
    at Router (webpack-internal:///(app-pages-browser)/./node_modules/next/dist/client/components/app-router.js:207:11)
    at ErrorBoundaryHandler (webpack-internal:///(app-pages-browser)/./node_modules/next/dist/client/components/error-boundary.js:113:9)
    at ErrorBoundary (webpack-internal:///(app-pages-browser)/./node_modules/next/dist/client/components/error-boundary.js:160:11)
    at AppRouter (webpack-internal:///(app-pages-browser)/./node_modules/next/dist/client/components/app-router.js:585:13)
    at ServerRoot (webpack-internal:///(app-pages-browser)/./node_modules/next/dist/client/app-index.js:112:27)
    at Root (webpack-internal:///(app-pages-browser)/./node_modules/next/dist/client/app-index.js:117:11)

React will try to recreate this component tree from scratch using the error boundary you provided, ReactDevOverlay. @ webpack-internal:///(app-pages-browser)/./node_modules/next/dist/client/app-index.js:32
[ 1288005ms] [LOG] [Fast Refresh] rebuilding @ webpack-internal:///(app-pages-browser)/./node_modules/next/dist/client/components/react-dev-overlay/app/hot-reloader-client.js:186
[ 1288945ms] Error: Course not found: brsr
    at getCourse (webpack-internal:///(rsc)/./src/lib/courses.ts:48:15)
    at CourseLayout (webpack-internal:///(rsc)/./src/app/courses/[courseId]/layout.tsx:17:75)
    at e_ (/Users/knowprajjwal/LearningPlatform/node_modules/next/dist/compiled/next-server/app-page.runtime.dev.js:35:264164)
    at e (/Users/knowprajjwal/LearningPlatform/node_modules/next/dist/compiled/next-server/app-page.runtime.dev.js:35:268296)
    at eF (/Users/knowprajjwal/LearningPlatform/node_modules/next/dist/compiled/next-server/app-page.runtime.dev.js:35:268784)
    at eq (/Users/knowprajjwal/LearningPlatform/node_modules/next/dist/compiled/next-server/app-page.runtime.dev.js:35:274748)
    at ej (/Users/knowprajjwal/LearningPlatform/node_modules/next/dist/compiled/next-server/app-page.runtime.dev.js:35:264992)
    at e_ (/Users/knowprajjwal/LearningPlatform/node_modules/next/dist/compiled/next-server/app-page.runtime.dev.js:35:264034)
    at e (/Users/knowprajjwal/LearningPlatform/node_modules/next/dist/compiled/next-server/app-page.runtime.dev.js:35:268296)
    at eF (/Users/knowprajjwal/LearningPlatform/node_modules/next/dist/compiled/next-server/app-page.runtime.dev.js:35:268784)
    at /Users/knowprajjwal/LearningPlatform/node_modules/next/dist/compiled/next-server/app-page.runtime.dev.js:35:266015
    at Array.toJSON (/Users/knowprajjwal/LearningPlatform/node_modules/next/dist/compiled/next-server/app-page.runtime.dev.js:35:266479)
    at stringify (<anonymous>)
    at eq (/Users/knowprajjwal/LearningPlatform/node_modules/next/dist/compiled/next-server/app-page.runtime.dev.js:35:274847)
    at eJ (/Users/knowprajjwal/LearningPlatform/node_modules/next/dist/compiled/next-server/app-page.runtime.dev.js:35:275365)
    at AsyncLocalStorage.run (node:internal/async_local_storage/async_hooks:91:14)
    at Timeout._onTimeout (/Users/knowprajjwal/LearningPlatform/node_modules/next/dist/compiled/next-server/app-page.runtime.dev.js:35:283454)
    at listOnTimeout (node:internal/timers:588:17)
    at process.processTimers (node:internal/timers:523:7)
[ 1288946ms] Error: Course not found: brsr
    at getCourse (webpack-internal:///(rsc)/./src/lib/courses.ts:48:15)
    at CourseLayout (webpack-internal:///(rsc)/./src/app/courses/[courseId]/layout.tsx:17:75)
    at e_ (/Users/knowprajjwal/LearningPlatform/node_modules/next/dist/compiled/next-server/app-page.runtime.dev.js:35:264164)
    at e (/Users/knowprajjwal/LearningPlatform/node_modules/next/dist/compiled/next-server/app-page.runtime.dev.js:35:268296)
    at eF (/Users/knowprajjwal/LearningPlatform/node_modules/next/dist/compiled/next-server/app-page.runtime.dev.js:35:268784)
    at eq (/Users/knowprajjwal/LearningPlatform/node_modules/next/dist/compiled/next-server/app-page.runtime.dev.js:35:274748)
    at ej (/Users/knowprajjwal/LearningPlatform/node_modules/next/dist/compiled/next-server/app-page.runtime.dev.js:35:264992)
    at e_ (/Users/knowprajjwal/LearningPlatform/node_modules/next/dist/compiled/next-server/app-page.runtime.dev.js:35:264034)
    at e (/Users/knowprajjwal/LearningPlatform/node_modules/next/dist/compiled/next-server/app-page.runtime.dev.js:35:268296)
    at eF (/Users/knowprajjwal/LearningPlatform/node_modules/next/dist/compiled/next-server/app-page.runtime.dev.js:35:268784)
    at /Users/knowprajjwal/LearningPlatform/node_modules/next/dist/compiled/next-server/app-page.runtime.dev.js:35:266015
    at Array.toJSON (/Users/knowprajjwal/LearningPlatform/node_modules/next/dist/compiled/next-server/app-page.runtime.dev.js:35:266479)
    at stringify (<anonymous>)
    at eq (/Users/knowprajjwal/LearningPlatform/node_modules/next/dist/compiled/next-server/app-page.runtime.dev.js:35:274847)
    at eJ (/Users/knowprajjwal/LearningPlatform/node_modules/next/dist/compiled/next-server/app-page.runtime.dev.js:35:275365)
    at AsyncLocalStorage.run (node:internal/async_local_storage/async_hooks:91:14)
    at Timeout._onTimeout (/Users/knowprajjwal/LearningPlatform/node_modules/next/dist/compiled/next-server/app-page.runtime.dev.js:35:283454)
    at listOnTimeout (node:internal/timers:588:17)
    at process.processTimers (node:internal/timers:523:7)
[ 1288946ms] Error: Course not found: brsr
    at getCourse (webpack-internal:///(rsc)/./src/lib/courses.ts:48:15)
    at CourseLayout (webpack-internal:///(rsc)/./src/app/courses/[courseId]/layout.tsx:17:75)
    at e_ (/Users/knowprajjwal/LearningPlatform/node_modules/next/dist/compiled/next-server/app-page.runtime.dev.js:35:264164)
    at e (/Users/knowprajjwal/LearningPlatform/node_modules/next/dist/compiled/next-server/app-page.runtime.dev.js:35:268296)
    at eF (/Users/knowprajjwal/LearningPlatform/node_modules/next/dist/compiled/next-server/app-page.runtime.dev.js:35:268784)
    at eq (/Users/knowprajjwal/LearningPlatform/node_modules/next/dist/compiled/next-server/app-page.runtime.dev.js:35:274748)
    at ej (/Users/knowprajjwal/LearningPlatform/node_modules/next/dist/compiled/next-server/app-page.runtime.dev.js:35:264992)
    at e_ (/Users/knowprajjwal/LearningPlatform/node_modules/next/dist/compiled/next-server/app-page.runtime.dev.js:35:264034)
    at e (/Users/knowprajjwal/LearningPlatform/node_modules/next/dist/compiled/next-server/app-page.runtime.dev.js:35:268296)
    at eF (/Users/knowprajjwal/LearningPlatform/node_modules/next/dist/compiled/next-server/app-page.runtime.dev.js:35:268784)
    at /Users/knowprajjwal/LearningPlatform/node_modules/next/dist/compiled/next-server/app-page.runtime.dev.js:35:266015
    at Array.toJSON (/Users/knowprajjwal/LearningPlatform/node_modules/next/dist/compiled/next-server/app-page.runtime.dev.js:35:266479)
    at stringify (<anonymous>)
    at eq (/Users/knowprajjwal/LearningPlatform/node_modules/next/dist/compiled/next-server/app-page.runtime.dev.js:35:274847)
    at eJ (/Users/knowprajjwal/LearningPlatform/node_modules/next/dist/compiled/next-server/app-page.runtime.dev.js:35:275365)
    at AsyncLocalStorage.run (node:internal/async_local_storage/async_hooks:91:14)
    at Timeout._onTimeout (/Users/knowprajjwal/LearningPlatform/node_modules/next/dist/compiled/next-server/app-page.runtime.dev.js:35:283454)
    at listOnTimeout (node:internal/timers:588:17)
    at process.processTimers (node:internal/timers:523:7)
[ 1288946ms] Error: Course not found: brsr
    at getCourse (webpack-internal:///(rsc)/./src/lib/courses.ts:48:15)
    at CourseLayout (webpack-internal:///(rsc)/./src/app/courses/[courseId]/layout.tsx:17:75)
    at e_ (/Users/knowprajjwal/LearningPlatform/node_modules/next/dist/compiled/next-server/app-page.runtime.dev.js:35:264164)
    at e (/Users/knowprajjwal/LearningPlatform/node_modules/next/dist/compiled/next-server/app-page.runtime.dev.js:35:268296)
    at eF (/Users/knowprajjwal/LearningPlatform/node_modules/next/dist/compiled/next-server/app-page.runtime.dev.js:35:268784)
    at eq (/Users/knowprajjwal/LearningPlatform/node_modules/next/dist/compiled/next-server/app-page.runtime.dev.js:35:274748)
    at ej (/Users/knowprajjwal/LearningPlatform/node_modules/next/dist/compiled/next-server/app-page.runtime.dev.js:35:264992)
    at e_ (/Users/knowprajjwal/LearningPlatform/node_modules/next/dist/compiled/next-server/app-page.runtime.dev.js:35:264034)
    at e (/Users/knowprajjwal/LearningPlatform/node_modules/next/dist/compiled/next-server/app-page.runtime.dev.js:35:268296)
    at eF (/Users/knowprajjwal/LearningPlatform/node_modules/next/dist/compiled/next-server/app-page.runtime.dev.js:35:268784)
    at /Users/knowprajjwal/LearningPlatform/node_modules/next/dist/compiled/next-server/app-page.runtime.dev.js:35:266015
    at Array.toJSON (/Users/knowprajjwal/LearningPlatform/node_modules/next/dist/compiled/next-server/app-page.runtime.dev.js:35:266479)
    at stringify (<anonymous>)
    at eq (/Users/knowprajjwal/LearningPlatform/node_modules/next/dist/compiled/next-server/app-page.runtime.dev.js:35:274847)
    at eJ (/Users/knowprajjwal/LearningPlatform/node_modules/next/dist/compiled/next-server/app-page.runtime.dev.js:35:275365)
    at AsyncLocalStorage.run (node:internal/async_local_storage/async_hooks:91:14)
    at Timeout._onTimeout (/Users/knowprajjwal/LearningPlatform/node_modules/next/dist/compiled/next-server/app-page.runtime.dev.js:35:283454)
    at listOnTimeout (node:internal/timers:588:17)
    at process.processTimers (node:internal/timers:523:7)
[ 1288946ms] Error: Course not found: brsr
    at getCourse (webpack-internal:///(rsc)/./src/lib/courses.ts:48:15)
    at CourseLayout (webpack-internal:///(rsc)/./src/app/courses/[courseId]/layout.tsx:17:75)
    at e_ (/Users/knowprajjwal/LearningPlatform/node_modules/next/dist/compiled/next-server/app-page.runtime.dev.js:35:264164)
    at e (/Users/knowprajjwal/LearningPlatform/node_modules/next/dist/compiled/next-server/app-page.runtime.dev.js:35:268296)
    at eF (/Users/knowprajjwal/LearningPlatform/node_modules/next/dist/compiled/next-server/app-page.runtime.dev.js:35:268784)
    at eq (/Users/knowprajjwal/LearningPlatform/node_modules/next/dist/compiled/next-server/app-page.runtime.dev.js:35:274748)
    at ej (/Users/knowprajjwal/LearningPlatform/node_modules/next/dist/compiled/next-server/app-page.runtime.dev.js:35:264992)
    at e_ (/Users/knowprajjwal/LearningPlatform/node_modules/next/dist/compiled/next-server/app-page.runtime.dev.js:35:264034)
    at e (/Users/knowprajjwal/LearningPlatform/node_modules/next/dist/compiled/next-server/app-page.runtime.dev.js:35:268296)
    at eF (/Users/knowprajjwal/LearningPlatform/node_modules/next/dist/compiled/next-server/app-page.runtime.dev.js:35:268784)
    at /Users/knowprajjwal/LearningPlatform/node_modules/next/dist/compiled/next-server/app-page.runtime.dev.js:35:266015
    at Array.toJSON (/Users/knowprajjwal/LearningPlatform/node_modules/next/dist/compiled/next-server/app-page.runtime.dev.js:35:266479)
    at stringify (<anonymous>)
    at eq (/Users/knowprajjwal/LearningPlatform/node_modules/next/dist/compiled/next-server/app-page.runtime.dev.js:35:274847)
    at eJ (/Users/knowprajjwal/LearningPlatform/node_modules/next/dist/compiled/next-server/app-page.runtime.dev.js:35:275365)
    at AsyncLocalStorage.run (node:internal/async_local_storage/async_hooks:91:14)
    at Timeout._onTimeout (/Users/knowprajjwal/LearningPlatform/node_modules/next/dist/compiled/next-server/app-page.runtime.dev.js:35:283454)
    at listOnTimeout (node:internal/timers:588:17)
    at process.processTimers (node:internal/timers:523:7)
[ 1288946ms] Error: Course not found: brsr
    at getCourse (webpack-internal:///(rsc)/./src/lib/courses.ts:48:15)
    at CourseLayout (webpack-internal:///(rsc)/./src/app/courses/[courseId]/layout.tsx:17:75)
    at e_ (/Users/knowprajjwal/LearningPlatform/node_modules/next/dist/compiled/next-server/app-page.runtime.dev.js:35:264164)
    at e (/Users/knowprajjwal/LearningPlatform/node_modules/next/dist/compiled/next-server/app-page.runtime.dev.js:35:268296)
    at eF (/Users/knowprajjwal/LearningPlatform/node_modules/next/dist/compiled/next-server/app-page.runtime.dev.js:35:268784)
    at eq (/Users/knowprajjwal/LearningPlatform/node_modules/next/dist/compiled/next-server/app-page.runtime.dev.js:35:274748)
    at ej (/Users/knowprajjwal/LearningPlatform/node_modules/next/dist/compiled/next-server/app-page.runtime.dev.js:35:264992)
    at e_ (/Users/knowprajjwal/LearningPlatform/node_modules/next/dist/compiled/next-server/app-page.runtime.dev.js:35:264034)
    at e (/Users/knowprajjwal/LearningPlatform/node_modules/next/dist/compiled/next-server/app-page.runtime.dev.js:35:268296)
    at eF (/Users/knowprajjwal/LearningPlatform/node_modules/next/dist/compiled/next-server/app-page.runtime.dev.js:35:268784)
    at /Users/knowprajjwal/LearningPlatform/node_modules/next/dist/compiled/next-server/app-page.runtime.dev.js:35:266015
    at Array.toJSON (/Users/knowprajjwal/LearningPlatform/node_modules/next/dist/compiled/next-server/app-page.runtime.dev.js:35:266479)
    at stringify (<anonymous>)
    at eq (/Users/knowprajjwal/LearningPlatform/node_modules/next/dist/compiled/next-server/app-page.runtime.dev.js:35:274847)
    at eJ (/Users/knowprajjwal/LearningPlatform/node_modules/next/dist/compiled/next-server/app-page.runtime.dev.js:35:275365)
    at AsyncLocalStorage.run (node:internal/async_local_storage/async_hooks:91:14)
    at Timeout._onTimeout (/Users/knowprajjwal/LearningPlatform/node_modules/next/dist/compiled/next-server/app-page.runtime.dev.js:35:283454)
    at listOnTimeout (node:internal/timers:588:17)
    at process.processTimers (node:internal/timers:523:7)
[ 1288949ms] Error: Course not found: brsr
    at getCourse (webpack-internal:///(rsc)/./src/lib/courses.ts:48:15)
    at CourseLayout (webpack-internal:///(rsc)/./src/app/courses/[courseId]/layout.tsx:17:75)
    at e_ (/Users/knowprajjwal/LearningPlatform/node_modules/next/dist/compiled/next-server/app-page.runtime.dev.js:35:264164)
    at e (/Users/knowprajjwal/LearningPlatform/node_modules/next/dist/compiled/next-server/app-page.runtime.dev.js:35:268296)
    at eF (/Users/knowprajjwal/LearningPlatform/node_modules/next/dist/compiled/next-server/app-page.runtime.dev.js:35:268784)
    at eq (/Users/knowprajjwal/LearningPlatform/node_modules/next/dist/compiled/next-server/app-page.runtime.dev.js:35:274748)
    at ej (/Users/knowprajjwal/LearningPlatform/node_modules/next/dist/compiled/next-server/app-page.runtime.dev.js:35:264992)
    at e_ (/Users/knowprajjwal/LearningPlatform/node_modules/next/dist/compiled/next-server/app-page.runtime.dev.js:35:264034)
    at e (/Users/knowprajjwal/LearningPlatform/node_modules/next/dist/compiled/next-server/app-page.runtime.dev.js:35:268296)
    at eF (/Users/knowprajjwal/LearningPlatform/node_modules/next/dist/compiled/next-server/app-page.runtime.dev.js:35:268784)
    at /Users/knowprajjwal/LearningPlatform/node_modules/next/dist/compiled/next-server/app-page.runtime.dev.js:35:266015
    at Array.toJSON (/Users/knowprajjwal/LearningPlatform/node_modules/next/dist/compiled/next-server/app-page.runtime.dev.js:35:266479)
    at stringify (<anonymous>)
    at eq (/Users/knowprajjwal/LearningPlatform/node_modules/next/dist/compiled/next-server/app-page.runtime.dev.js:35:274847)
    at eJ (/Users/knowprajjwal/LearningPlatform/node_modules/next/dist/compiled/next-server/app-page.runtime.dev.js:35:275365)
    at AsyncLocalStorage.run (node:internal/async_local_storage/async_hooks:91:14)
    at Timeout._onTimeout (/Users/knowprajjwal/LearningPlatform/node_modules/next/dist/compiled/next-server/app-page.runtime.dev.js:35:283454)
    at listOnTimeout (node:internal/timers:588:17)
    at process.processTimers (node:internal/timers:523:7)
[ 1288949ms] Error: Course not found: brsr
    at getCourse (webpack-internal:///(rsc)/./src/lib/courses.ts:48:15)
    at CourseLayout (webpack-internal:///(rsc)/./src/app/courses/[courseId]/layout.tsx:17:75)
    at e_ (/Users/knowprajjwal/LearningPlatform/node_modules/next/dist/compiled/next-server/app-page.runtime.dev.js:35:264164)
    at e (/Users/knowprajjwal/LearningPlatform/node_modules/next/dist/compiled/next-server/app-page.runtime.dev.js:35:268296)
    at eF (/Users/knowprajjwal/LearningPlatform/node_modules/next/dist/compiled/next-server/app-page.runtime.dev.js:35:268784)
    at eq (/Users/knowprajjwal/LearningPlatform/node_modules/next/dist/compiled/next-server/app-page.runtime.dev.js:35:274748)
    at ej (/Users/knowprajjwal/LearningPlatform/node_modules/next/dist/compiled/next-server/app-page.runtime.dev.js:35:264992)
    at e_ (/Users/knowprajjwal/LearningPlatform/node_modules/next/dist/compiled/next-server/app-page.runtime.dev.js:35:264034)
    at e (/Users/knowprajjwal/LearningPlatform/node_modules/next/dist/compiled/next-server/app-page.runtime.dev.js:35:268296)
    at eF (/Users/knowprajjwal/LearningPlatform/node_modules/next/dist/compiled/next-server/app-page.runtime.dev.js:35:268784)
    at /Users/knowprajjwal/LearningPlatform/node_modules/next/dist/compiled/next-server/app-page.runtime.dev.js:35:266015
    at Array.toJSON (/Users/knowprajjwal/LearningPlatform/node_modules/next/dist/compiled/next-server/app-page.runtime.dev.js:35:266479)
    at stringify (<anonymous>)
    at eq (/Users/knowprajjwal/LearningPlatform/node_modules/next/dist/compiled/next-server/app-page.runtime.dev.js:35:274847)
    at eJ (/Users/knowprajjwal/LearningPlatform/node_modules/next/dist/compiled/next-server/app-page.runtime.dev.js:35:275365)
    at AsyncLocalStorage.run (node:internal/async_local_storage/async_hooks:91:14)
    at Timeout._onTimeout (/Users/knowprajjwal/LearningPlatform/node_modules/next/dist/compiled/next-server/app-page.runtime.dev.js:35:283454)
    at listOnTimeout (node:internal/timers:588:17)
    at process.processTimers (node:internal/timers:523:7)
[ 1288950ms] Error: Course not found: brsr
    at getCourse (webpack-internal:///(rsc)/./src/lib/courses.ts:48:15)
    at CourseLayout (webpack-internal:///(rsc)/./src/app/courses/[courseId]/layout.tsx:17:75)
    at e_ (/Users/knowprajjwal/LearningPlatform/node_modules/next/dist/compiled/next-server/app-page.runtime.dev.js:35:264164)
    at e (/Users/knowprajjwal/LearningPlatform/node_modules/next/dist/compiled/next-server/app-page.runtime.dev.js:35:268296)
    at eF (/Users/knowprajjwal/LearningPlatform/node_modules/next/dist/compiled/next-server/app-page.runtime.dev.js:35:268784)
    at eq (/Users/knowprajjwal/LearningPlatform/node_modules/next/dist/compiled/next-server/app-page.runtime.dev.js:35:274748)
    at ej (/Users/knowprajjwal/LearningPlatform/node_modules/next/dist/compiled/next-server/app-page.runtime.dev.js:35:264992)
    at e_ (/Users/knowprajjwal/LearningPlatform/node_modules/next/dist/compiled/next-server/app-page.runtime.dev.js:35:264034)
    at e (/Users/knowprajjwal/LearningPlatform/node_modules/next/dist/compiled/next-server/app-page.runtime.dev.js:35:268296)
    at eF (/Users/knowprajjwal/LearningPlatform/node_modules/next/dist/compiled/next-server/app-page.runtime.dev.js:35:268784)
    at /Users/knowprajjwal/LearningPlatform/node_modules/next/dist/compiled/next-server/app-page.runtime.dev.js:35:266015
    at Array.toJSON (/Users/knowprajjwal/LearningPlatform/node_modules/next/dist/compiled/next-server/app-page.runtime.dev.js:35:266479)
    at stringify (<anonymous>)
    at eq (/Users/knowprajjwal/LearningPlatform/node_modules/next/dist/compiled/next-server/app-page.runtime.dev.js:35:274847)
    at eJ (/Users/knowprajjwal/LearningPlatform/node_modules/next/dist/compiled/next-server/app-page.runtime.dev.js:35:275365)
    at AsyncLocalStorage.run (node:internal/async_local_storage/async_hooks:91:14)
    at Timeout._onTimeout (/Users/knowprajjwal/LearningPlatform/node_modules/next/dist/compiled/next-server/app-page.runtime.dev.js:35:283454)
    at listOnTimeout (node:internal/timers:588:17)
    at process.processTimers (node:internal/timers:523:7)
[ 1288950ms] Error: Course not found: brsr
    at getCourse (webpack-internal:///(rsc)/./src/lib/courses.ts:48:15)
    at CourseLayout (webpack-internal:///(rsc)/./src/app/courses/[courseId]/layout.tsx:17:75)
    at e_ (/Users/knowprajjwal/LearningPlatform/node_modules/next/dist/compiled/next-server/app-page.runtime.dev.js:35:264164)
    at e (/Users/knowprajjwal/LearningPlatform/node_modules/next/dist/compiled/next-server/app-page.runtime.dev.js:35:268296)
    at eF (/Users/knowprajjwal/LearningPlatform/node_modules/next/dist/compiled/next-server/app-page.runtime.dev.js:35:268784)
    at eq (/Users/knowprajjwal/LearningPlatform/node_modules/next/dist/compiled/next-server/app-page.runtime.dev.js:35:274748)
    at ej (/Users/knowprajjwal/LearningPlatform/node_modules/next/dist/compiled/next-server/app-page.runtime.dev.js:35:264992)
    at e_ (/Users/knowprajjwal/LearningPlatform/node_modules/next/dist/compiled/next-server/app-page.runtime.dev.js:35:264034)
    at e (/Users/knowprajjwal/LearningPlatform/node_modules/next/dist/compiled/next-server/app-page.runtime.dev.js:35:268296)
    at eF (/Users/knowprajjwal/LearningPlatform/node_modules/next/dist/compiled/next-server/app-page.runtime.dev.js:35:268784)
    at /Users/knowprajjwal/LearningPlatform/node_modules/next/dist/compiled/next-server/app-page.runtime.dev.js:35:266015
    at Array.toJSON (/Users/knowprajjwal/LearningPlatform/node_modules/next/dist/compiled/next-server/app-page.runtime.dev.js:35:266479)
    at stringify (<anonymous>)
    at eq (/Users/knowprajjwal/LearningPlatform/node_modules/next/dist/compiled/next-server/app-page.runtime.dev.js:35:274847)
    at eJ (/Users/knowprajjwal/LearningPlatform/node_modules/next/dist/compiled/next-server/app-page.runtime.dev.js:35:275365)
    at AsyncLocalStorage.run (node:internal/async_local_storage/async_hooks:91:14)
    at Timeout._onTimeout (/Users/knowprajjwal/LearningPlatform/node_modules/next/dist/compiled/next-server/app-page.runtime.dev.js:35:283454)
    at listOnTimeout (node:internal/timers:588:17)
    at process.processTimers (node:internal/timers:523:7)
[ 1288951ms] Error: Course not found: brsr
    at getCourse (webpack-internal:///(rsc)/./src/lib/courses.ts:48:15)
    at CourseLayout (webpack-internal:///(rsc)/./src/app/courses/[courseId]/layout.tsx:17:75)
    at e_ (/Users/knowprajjwal/LearningPlatform/node_modules/next/dist/compiled/next-server/app-page.runtime.dev.js:35:264164)
    at e (/Users/knowprajjwal/LearningPlatform/node_modules/next/dist/compiled/next-server/app-page.runtime.dev.js:35:268296)
    at eF (/Users/knowprajjwal/LearningPlatform/node_modules/next/dist/compiled/next-server/app-page.runtime.dev.js:35:268784)
    at eq (/Users/knowprajjwal/LearningPlatform/node_modules/next/dist/compiled/next-server/app-page.runtime.dev.js:35:274748)
    at ej (/Users/knowprajjwal/LearningPlatform/node_modules/next/dist/compiled/next-server/app-page.runtime.dev.js:35:264992)
    at e_ (/Users/knowprajjwal/LearningPlatform/node_modules/next/dist/compiled/next-server/app-page.runtime.dev.js:35:264034)
    at e (/Users/knowprajjwal/LearningPlatform/node_modules/next/dist/compiled/next-server/app-page.runtime.dev.js:35:268296)
    at eF (/Users/knowprajjwal/LearningPlatform/node_modules/next/dist/compiled/next-server/app-page.runtime.dev.js:35:268784)
    at /Users/knowprajjwal/LearningPlatform/node_modules/next/dist/compiled/next-server/app-page.runtime.dev.js:35:266015
    at Array.toJSON (/Users/knowprajjwal/LearningPlatform/node_modules/next/dist/compiled/next-server/app-page.runtime.dev.js:35:266479)
    at stringify (<anonymous>)
    at eq (/Users/knowprajjwal/LearningPlatform/node_modules/next/dist/compiled/next-server/app-page.runtime.dev.js:35:274847)
    at eJ (/Users/knowprajjwal/LearningPlatform/node_modules/next/dist/compiled/next-server/app-page.runtime.dev.js:35:275365)
    at AsyncLocalStorage.run (node:internal/async_local_storage/async_hooks:91:14)
    at Timeout._onTimeout (/Users/knowprajjwal/LearningPlatform/node_modules/next/dist/compiled/next-server/app-page.runtime.dev.js:35:283454)
    at listOnTimeout (node:internal/timers:588:17)
    at process.processTimers (node:internal/timers:523:7)
[ 1288952ms] Error: Course not found: brsr
    at getCourse (webpack-internal:///(rsc)/./src/lib/courses.ts:48:15)
    at CourseLayout (webpack-internal:///(rsc)/./src/app/courses/[courseId]/layout.tsx:17:75)
    at e_ (/Users/knowprajjwal/LearningPlatform/node_modules/next/dist/compiled/next-server/app-page.runtime.dev.js:35:264164)
    at e (/Users/knowprajjwal/LearningPlatform/node_modules/next/dist/compiled/next-server/app-page.runtime.dev.js:35:268296)
    at eF (/Users/knowprajjwal/LearningPlatform/node_modules/next/dist/compiled/next-server/app-page.runtime.dev.js:35:268784)
    at eq (/Users/knowprajjwal/LearningPlatform/node_modules/next/dist/compiled/next-server/app-page.runtime.dev.js:35:274748)
    at ej (/Users/knowprajjwal/LearningPlatform/node_modules/next/dist/compiled/next-server/app-page.runtime.dev.js:35:264992)
    at e_ (/Users/knowprajjwal/LearningPlatform/node_modules/next/dist/compiled/next-server/app-page.runtime.dev.js:35:264034)
    at e (/Users/knowprajjwal/LearningPlatform/node_modules/next/dist/compiled/next-server/app-page.runtime.dev.js:35:268296)
    at eF (/Users/knowprajjwal/LearningPlatform/node_modules/next/dist/compiled/next-server/app-page.runtime.dev.js:35:268784)
    at /Users/knowprajjwal/LearningPlatform/node_modules/next/dist/compiled/next-server/app-page.runtime.dev.js:35:266015
    at Array.toJSON (/Users/knowprajjwal/LearningPlatform/node_modules/next/dist/compiled/next-server/app-page.runtime.dev.js:35:266479)
    at stringify (<anonymous>)
    at eq (/Users/knowprajjwal/LearningPlatform/node_modules/next/dist/compiled/next-server/app-page.runtime.dev.js:35:274847)
    at eJ (/Users/knowprajjwal/LearningPlatform/node_modules/next/dist/compiled/next-server/app-page.runtime.dev.js:35:275365)
    at AsyncLocalStorage.run (node:internal/async_local_storage/async_hooks:91:14)
    at Timeout._onTimeout (/Users/knowprajjwal/LearningPlatform/node_modules/next/dist/compiled/next-server/app-page.runtime.dev.js:35:283454)
    at listOnTimeout (node:internal/timers:588:17)
    at process.processTimers (node:internal/timers:523:7)
[ 1288953ms] [ERROR] The above error occurred in the <NotFoundErrorBoundary> component:

    at InnerLayoutRouter (webpack-internal:///(app-pages-browser)/./node_modules/next/dist/client/components/layout-router.js:243:11)
    at RedirectErrorBoundary (webpack-internal:///(app-pages-browser)/./node_modules/next/dist/client/components/redirect-boundary.js:74:9)
    at RedirectBoundary (webpack-internal:///(app-pages-browser)/./node_modules/next/dist/client/components/redirect-boundary.js:82:11)
    at NotFoundBoundary (webpack-internal:///(app-pages-browser)/./node_modules/next/dist/client/components/not-found-boundary.js:84:11)
    at LoadingBoundary (webpack-internal:///(app-pages-browser)/./node_modules/next/dist/client/components/layout-router.js:349:11)
    at ErrorBoundary (webpack-internal:///(app-pages-browser)/./node_modules/next/dist/client/components/error-boundary.js:160:11)
    at InnerScrollAndFocusHandler (webpack-internal:///(app-pages-browser)/./node_modules/next/dist/client/components/layout-router.js:153:9)
    at ScrollAndFocusHandler (webpack-internal:///(app-pages-browser)/./node_modules/next/dist/client/components/layout-router.js:228:11)
    at RenderFromTemplateContext (webpack-internal:///(app-pages-browser)/./node_modules/next/dist/client/components/render-from-template-context.js:16:44)
    at OuterLayoutRouter (webpack-internal:///(app-pages-browser)/./node_modules/next/dist/client/components/layout-router.js:370:11)
    at InnerLayoutRouter (webpack-internal:///(app-pages-browser)/./node_modules/next/dist/client/components/layout-router.js:243:11)
    at RedirectErrorBoundary (webpack-internal:///(app-pages-browser)/./node_modules/next/dist/client/components/redirect-boundary.js:74:9)
    at RedirectBoundary (webpack-internal:///(app-pages-browser)/./node_modules/next/dist/client/components/redirect-boundary.js:82:11)
    at NotFoundErrorBoundary (webpack-internal:///(app-pages-browser)/./node_modules/next/dist/client/components/not-found-boundary.js:76:9)
    at NotFoundBoundary (webpack-internal:///(app-pages-browser)/./node_modules/next/dist/client/components/not-found-boundary.js:84:11)
    at LoadingBoundary (webpack-internal:///(app-pages-browser)/./node_modules/next/dist/client/components/layout-router.js:349:11)
    at ErrorBoundary (webpack-internal:///(app-pages-browser)/./node_modules/next/dist/client/components/error-boundary.js:160:11)
    at InnerScrollAndFocusHandler (webpack-internal:///(app-pages-browser)/./node_modules/next/dist/client/components/layout-router.js:153:9)
    at ScrollAndFocusHandler (webpack-internal:///(app-pages-browser)/./node_modules/next/dist/client/components/layout-router.js:228:11)
    at RenderFromTemplateContext (webpack-internal:///(app-pages-browser)/./node_modules/next/dist/client/components/render-from-template-context.js:16:44)
    at OuterLayoutRouter (webpack-internal:///(app-pages-browser)/./node_modules/next/dist/client/components/layout-router.js:370:11)
    at __experimental_CheckoutProvider (webpack-internal:///(app-pages-browser)/./node_modules/@clerk/shared/dist/runtime/react/index.mjs:136:44)
    at SWRConfig (webpack-internal:///(app-pages-browser)/./node_modules/swr/dist/_internal/config-context-client-BoS53ST9.mjs:554:13)
    at SWRConfigCompat (webpack-internal:///(app-pages-browser)/./node_modules/@clerk/shared/dist/runtime/react/index.mjs:124:28)
    at OrganizationProvider (webpack-internal:///(app-pages-browser)/./node_modules/@clerk/shared/dist/runtime/react/index.mjs:148:33)
    at ClerkContextProvider (webpack-internal:///(app-pages-browser)/./node_modules/@clerk/clerk-react/dist/index.mjs:1849:11)
    at ClerkProviderBase (webpack-internal:///(app-pages-browser)/./node_modules/@clerk/clerk-react/dist/index.mjs:1941:11)
    at Hoc (webpack-internal:///(app-pages-browser)/./node_modules/@clerk/clerk-react/dist/chunk-THNCS7QR.mjs:84:5)
    at ClerkNextOptionsProvider (webpack-internal:///(app-pages-browser)/./node_modules/@clerk/nextjs/dist/esm/client-boundary/NextOptionsContext.js:17:11)
    at NextClientClerkProvider (webpack-internal:///(app-pages-browser)/./node_modules/@clerk/nextjs/dist/esm/app-router/client/ClerkProvider.js:62:13)
    at ClientClerkProvider (webpack-internal:///(app-pages-browser)/./node_modules/@clerk/nextjs/dist/esm/app-router/client/ClerkProvider.js:135:13)
    at ClerkProvider (Server)
    at body
    at html
    at RootLayout (Server)
    at RedirectErrorBoundary (webpack-internal:///(app-pages-browser)/./node_modules/next/dist/client/components/redirect-boundary.js:74:9)
    at RedirectBoundary (webpack-internal:///(app-pages-browser)/./node_modules/next/dist/client/components/redirect-boundary.js:82:11)
    at NotFoundErrorBoundary (webpack-internal:///(app-pages-browser)/./node_modules/next/dist/client/components/not-found-boundary.js:76:9)
    at NotFoundBoundary (webpack-internal:///(app-pages-browser)/./node_modules/next/dist/client/components/not-found-boundary.js:84:11)
    at DevRootNotFoundBoundary (webpack-internal:///(app-pages-browser)/./node_modules/next/dist/client/components/dev-root-not-found-boundary.js:33:11)
    at ReactDevOverlay (webpack-internal:///(app-pages-browser)/./node_modules/next/dist/client/components/react-dev-overlay/app/ReactDevOverlay.js:87:9)
    at HotReload (webpack-internal:///(app-pages-browser)/./node_modules/next/dist/client/components/react-dev-overlay/app/hot-reloader-client.js:321:11)
    at Router (webpack-internal:///(app-pages-browser)/./node_modules/next/dist/client/components/app-router.js:207:11)
    at ErrorBoundaryHandler (webpack-internal:///(app-pages-browser)/./node_modules/next/dist/client/components/error-boundary.js:113:9)
    at ErrorBoundary (webpack-internal:///(app-pages-browser)/./node_modules/next/dist/client/components/error-boundary.js:160:11)
    at AppRouter (webpack-internal:///(app-pages-browser)/./node_modules/next/dist/client/components/app-router.js:585:13)
    at ServerRoot (webpack-internal:///(app-pages-browser)/./node_modules/next/dist/client/app-index.js:112:27)
    at Root (webpack-internal:///(app-pages-browser)/./node_modules/next/dist/client/app-index.js:117:11)

React will try to recreate this component tree from scratch using the error boundary you provided, ReactDevOverlay. @ webpack-internal:///(app-pages-browser)/./node_modules/next/dist/client/app-index.js:32
[ 1288982ms] [WARNING] [Fast Refresh] performing full reload because your application had an unrecoverable error @ webpack-internal:///(app-pages-browser)/./node_modules/next/dist/client/components/react-dev-overlay/app/hot-reloader-client.js:114
[ 1289133ms] [ERROR] Failed to load resource: the server responded with a status of 500 (Internal Server Error) @ http://localhost:5001/courses/brsr:0
[ 1289357ms] [INFO] %cDownload the React DevTools for a better development experience: https://reactjs.org/link/react-devtools font-weight:bold @ webpack-internal:///(app-pages-browser)/./node_modules/next/dist/compiled/react-dom/cjs/react-dom.development.js:38559
[ 1289448ms] Error: Course not found: brsr
    at getCourse (webpack-internal:///(rsc)/./src/lib/courses.ts:48:15)
    at CourseLayout (webpack-internal:///(rsc)/./src/app/courses/[courseId]/layout.tsx:17:75)
    at e_ (/Users/knowprajjwal/LearningPlatform/node_modules/next/dist/compiled/next-server/app-page.runtime.dev.js:35:264164)
    at e (/Users/knowprajjwal/LearningPlatform/node_modules/next/dist/compiled/next-server/app-page.runtime.dev.js:35:268296)
    at eF (/Users/knowprajjwal/LearningPlatform/node_modules/next/dist/compiled/next-server/app-page.runtime.dev.js:35:268784)
    at eq (/Users/knowprajjwal/LearningPlatform/node_modules/next/dist/compiled/next-server/app-page.runtime.dev.js:35:274748)
    at ej (/Users/knowprajjwal/LearningPlatform/node_modules/next/dist/compiled/next-server/app-page.runtime.dev.js:35:264992)
    at e_ (/Users/knowprajjwal/LearningPlatform/node_modules/next/dist/compiled/next-server/app-page.runtime.dev.js:35:264034)
    at e (/Users/knowprajjwal/LearningPlatform/node_modules/next/dist/compiled/next-server/app-page.runtime.dev.js:35:268296)
    at eF (/Users/knowprajjwal/LearningPlatform/node_modules/next/dist/compiled/next-server/app-page.runtime.dev.js:35:268784)
    at /Users/knowprajjwal/LearningPlatform/node_modules/next/dist/compiled/next-server/app-page.runtime.dev.js:35:266015
    at Array.toJSON (/Users/knowprajjwal/LearningPlatform/node_modules/next/dist/compiled/next-server/app-page.runtime.dev.js:35:266479)
    at stringify (<anonymous>)
    at eq (/Users/knowprajjwal/LearningPlatform/node_modules/next/dist/compiled/next-server/app-page.runtime.dev.js:35:274847)
    at eJ (/Users/knowprajjwal/LearningPlatform/node_modules/next/dist/compiled/next-server/app-page.runtime.dev.js:35:275365)
    at Timeout._onTimeout (/Users/knowprajjwal/LearningPlatform/node_modules/next/dist/compiled/next-server/app-page.runtime.dev.js:35:265152)
    at listOnTimeout (node:internal/timers:588:17)
    at process.processTimers (node:internal/timers:523:7)
[ 1289452ms] Error: Course not found: brsr
    at getCourse (webpack-internal:///(rsc)/./src/lib/courses.ts:48:15)
    at CourseLayout (webpack-internal:///(rsc)/./src/app/courses/[courseId]/layout.tsx:17:75)
    at e_ (/Users/knowprajjwal/LearningPlatform/node_modules/next/dist/compiled/next-server/app-page.runtime.dev.js:35:264164)
    at e (/Users/knowprajjwal/LearningPlatform/node_modules/next/dist/compiled/next-server/app-page.runtime.dev.js:35:268296)
    at eF (/Users/knowprajjwal/LearningPlatform/node_modules/next/dist/compiled/next-server/app-page.runtime.dev.js:35:268784)
    at eq (/Users/knowprajjwal/LearningPlatform/node_modules/next/dist/compiled/next-server/app-page.runtime.dev.js:35:274748)
    at ej (/Users/knowprajjwal/LearningPlatform/node_modules/next/dist/compiled/next-server/app-page.runtime.dev.js:35:264992)
    at e_ (/Users/knowprajjwal/LearningPlatform/node_modules/next/dist/compiled/next-server/app-page.runtime.dev.js:35:264034)
    at e (/Users/knowprajjwal/LearningPlatform/node_modules/next/dist/compiled/next-server/app-page.runtime.dev.js:35:268296)
    at eF (/Users/knowprajjwal/LearningPlatform/node_modules/next/dist/compiled/next-server/app-page.runtime.dev.js:35:268784)
    at /Users/knowprajjwal/LearningPlatform/node_modules/next/dist/compiled/next-server/app-page.runtime.dev.js:35:266015
    at Array.toJSON (/Users/knowprajjwal/LearningPlatform/node_modules/next/dist/compiled/next-server/app-page.runtime.dev.js:35:266479)
    at stringify (<anonymous>)
    at eq (/Users/knowprajjwal/LearningPlatform/node_modules/next/dist/compiled/next-server/app-page.runtime.dev.js:35:274847)
    at eJ (/Users/knowprajjwal/LearningPlatform/node_modules/next/dist/compiled/next-server/app-page.runtime.dev.js:35:275365)
    at Timeout._onTimeout (/Users/knowprajjwal/LearningPlatform/node_modules/next/dist/compiled/next-server/app-page.runtime.dev.js:35:265152)
    at listOnTimeout (node:internal/timers:588:17)
    at process.processTimers (node:internal/timers:523:7)
[ 1289452ms] Error: Course not found: brsr
    at getCourse (webpack-internal:///(rsc)/./src/lib/courses.ts:48:15)
    at CourseLayout (webpack-internal:///(rsc)/./src/app/courses/[courseId]/layout.tsx:17:75)
    at e_ (/Users/knowprajjwal/LearningPlatform/node_modules/next/dist/compiled/next-server/app-page.runtime.dev.js:35:264164)
    at e (/Users/knowprajjwal/LearningPlatform/node_modules/next/dist/compiled/next-server/app-page.runtime.dev.js:35:268296)
    at eF (/Users/knowprajjwal/LearningPlatform/node_modules/next/dist/compiled/next-server/app-page.runtime.dev.js:35:268784)
    at eq (/Users/knowprajjwal/LearningPlatform/node_modules/next/dist/compiled/next-server/app-page.runtime.dev.js:35:274748)
    at ej (/Users/knowprajjwal/LearningPlatform/node_modules/next/dist/compiled/next-server/app-page.runtime.dev.js:35:264992)
    at e_ (/Users/knowprajjwal/LearningPlatform/node_modules/next/dist/compiled/next-server/app-page.runtime.dev.js:35:264034)
    at e (/Users/knowprajjwal/LearningPlatform/node_modules/next/dist/compiled/next-server/app-page.runtime.dev.js:35:268296)
    at eF (/Users/knowprajjwal/LearningPlatform/node_modules/next/dist/compiled/next-server/app-page.runtime.dev.js:35:268784)
    at /Users/knowprajjwal/LearningPlatform/node_modules/next/dist/compiled/next-server/app-page.runtime.dev.js:35:266015
    at Array.toJSON (/Users/knowprajjwal/LearningPlatform/node_modules/next/dist/compiled/next-server/app-page.runtime.dev.js:35:266479)
    at stringify (<anonymous>)
    at eq (/Users/knowprajjwal/LearningPlatform/node_modules/next/dist/compiled/next-server/app-page.runtime.dev.js:35:274847)
    at eJ (/Users/knowprajjwal/LearningPlatform/node_modules/next/dist/compiled/next-server/app-page.runtime.dev.js:35:275365)
    at Timeout._onTimeout (/Users/knowprajjwal/LearningPlatform/node_modules/next/dist/compiled/next-server/app-page.runtime.dev.js:35:265152)
    at listOnTimeout (node:internal/timers:588:17)
    at process.processTimers (node:internal/timers:523:7)
[ 1289452ms] Error: Course not found: brsr
    at getCourse (webpack-internal:///(rsc)/./src/lib/courses.ts:48:15)
    at CourseLayout (webpack-internal:///(rsc)/./src/app/courses/[courseId]/layout.tsx:17:75)
    at e_ (/Users/knowprajjwal/LearningPlatform/node_modules/next/dist/compiled/next-server/app-page.runtime.dev.js:35:264164)
    at e (/Users/knowprajjwal/LearningPlatform/node_modules/next/dist/compiled/next-server/app-page.runtime.dev.js:35:268296)
    at eF (/Users/knowprajjwal/LearningPlatform/node_modules/next/dist/compiled/next-server/app-page.runtime.dev.js:35:268784)
    at eq (/Users/knowprajjwal/LearningPlatform/node_modules/next/dist/compiled/next-server/app-page.runtime.dev.js:35:274748)
    at ej (/Users/knowprajjwal/LearningPlatform/node_modules/next/dist/compiled/next-server/app-page.runtime.dev.js:35:264992)
    at e_ (/Users/knowprajjwal/LearningPlatform/node_modules/next/dist/compiled/next-server/app-page.runtime.dev.js:35:264034)
    at e (/Users/knowprajjwal/LearningPlatform/node_modules/next/dist/compiled/next-server/app-page.runtime.dev.js:35:268296)
    at eF (/Users/knowprajjwal/LearningPlatform/node_modules/next/dist/compiled/next-server/app-page.runtime.dev.js:35:268784)
    at /Users/knowprajjwal/LearningPlatform/node_modules/next/dist/compiled/next-server/app-page.runtime.dev.js:35:266015
    at Array.toJSON (/Users/knowprajjwal/LearningPlatform/node_modules/next/dist/compiled/next-server/app-page.runtime.dev.js:35:266479)
    at stringify (<anonymous>)
    at eq (/Users/knowprajjwal/LearningPlatform/node_modules/next/dist/compiled/next-server/app-page.runtime.dev.js:35:274847)
    at eJ (/Users/knowprajjwal/LearningPlatform/node_modules/next/dist/compiled/next-server/app-page.runtime.dev.js:35:275365)
    at Timeout._onTimeout (/Users/knowprajjwal/LearningPlatform/node_modules/next/dist/compiled/next-server/app-page.runtime.dev.js:35:265152)
    at listOnTimeout (node:internal/timers:588:17)
    at process.processTimers (node:internal/timers:523:7)
[ 1289452ms] Error: Course not found: brsr
    at getCourse (webpack-internal:///(rsc)/./src/lib/courses.ts:48:15)
    at CourseLayout (webpack-internal:///(rsc)/./src/app/courses/[courseId]/layout.tsx:17:75)
    at e_ (/Users/knowprajjwal/LearningPlatform/node_modules/next/dist/compiled/next-server/app-page.runtime.dev.js:35:264164)
    at e (/Users/knowprajjwal/LearningPlatform/node_modules/next/dist/compiled/next-server/app-page.runtime.dev.js:35:268296)
    at eF (/Users/knowprajjwal/LearningPlatform/node_modules/next/dist/compiled/next-server/app-page.runtime.dev.js:35:268784)
    at eq (/Users/knowprajjwal/LearningPlatform/node_modules/next/dist/compiled/next-server/app-page.runtime.dev.js:35:274748)
    at ej (/Users/knowprajjwal/LearningPlatform/node_modules/next/dist/compiled/next-server/app-page.runtime.dev.js:35:264992)
    at e_ (/Users/knowprajjwal/LearningPlatform/node_modules/next/dist/compiled/next-server/app-page.runtime.dev.js:35:264034)
    at e (/Users/knowprajjwal/LearningPlatform/node_modules/next/dist/compiled/next-server/app-page.runtime.dev.js:35:268296)
    at eF (/Users/knowprajjwal/LearningPlatform/node_modules/next/dist/compiled/next-server/app-page.runtime.dev.js:35:268784)
    at /Users/knowprajjwal/LearningPlatform/node_modules/next/dist/compiled/next-server/app-page.runtime.dev.js:35:266015
    at Array.toJSON (/Users/knowprajjwal/LearningPlatform/node_modules/next/dist/compiled/next-server/app-page.runtime.dev.js:35:266479)
    at stringify (<anonymous>)
    at eq (/Users/knowprajjwal/LearningPlatform/node_modules/next/dist/compiled/next-server/app-page.runtime.dev.js:35:274847)
    at eJ (/Users/knowprajjwal/LearningPlatform/node_modules/next/dist/compiled/next-server/app-page.runtime.dev.js:35:275365)
    at Timeout._onTimeout (/Users/knowprajjwal/LearningPlatform/node_modules/next/dist/compiled/next-server/app-page.runtime.dev.js:35:265152)
    at listOnTimeout (node:internal/timers:588:17)
    at process.processTimers (node:internal/timers:523:7)
[ 1289453ms] Error: Course not found: brsr
    at getCourse (webpack-internal:///(rsc)/./src/lib/courses.ts:48:15)
    at CourseLayout (webpack-internal:///(rsc)/./src/app/courses/[courseId]/layout.tsx:17:75)
    at e_ (/Users/knowprajjwal/LearningPlatform/node_modules/next/dist/compiled/next-server/app-page.runtime.dev.js:35:264164)
    at e (/Users/knowprajjwal/LearningPlatform/node_modules/next/dist/compiled/next-server/app-page.runtime.dev.js:35:268296)
    at eF (/Users/knowprajjwal/LearningPlatform/node_modules/next/dist/compiled/next-server/app-page.runtime.dev.js:35:268784)
    at eq (/Users/knowprajjwal/LearningPlatform/node_modules/next/dist/compiled/next-server/app-page.runtime.dev.js:35:274748)
    at ej (/Users/knowprajjwal/LearningPlatform/node_modules/next/dist/compiled/next-server/app-page.runtime.dev.js:35:264992)
    at e_ (/Users/knowprajjwal/LearningPlatform/node_modules/next/dist/compiled/next-server/app-page.runtime.dev.js:35:264034)
    at e (/Users/knowprajjwal/LearningPlatform/node_modules/next/dist/compiled/next-server/app-page.runtime.dev.js:35:268296)
    at eF (/Users/knowprajjwal/LearningPlatform/node_modules/next/dist/compiled/next-server/app-page.runtime.dev.js:35:268784)
    at /Users/knowprajjwal/LearningPlatform/node_modules/next/dist/compiled/next-server/app-page.runtime.dev.js:35:266015
    at Array.toJSON (/Users/knowprajjwal/LearningPlatform/node_modules/next/dist/compiled/next-server/app-page.runtime.dev.js:35:266479)
    at stringify (<anonymous>)
    at eq (/Users/knowprajjwal/LearningPlatform/node_modules/next/dist/compiled/next-server/app-page.runtime.dev.js:35:274847)
    at eJ (/Users/knowprajjwal/LearningPlatform/node_modules/next/dist/compiled/next-server/app-page.runtime.dev.js:35:275365)
    at Timeout._onTimeout (/Users/knowprajjwal/LearningPlatform/node_modules/next/dist/compiled/next-server/app-page.runtime.dev.js:35:265152)
    at listOnTimeout (node:internal/timers:588:17)
    at process.processTimers (node:internal/timers:523:7)
[ 1289455ms] Error: Course not found: brsr
    at getCourse (webpack-internal:///(rsc)/./src/lib/courses.ts:48:15)
    at CourseLayout (webpack-internal:///(rsc)/./src/app/courses/[courseId]/layout.tsx:17:75)
    at e_ (/Users/knowprajjwal/LearningPlatform/node_modules/next/dist/compiled/next-server/app-page.runtime.dev.js:35:264164)
    at e (/Users/knowprajjwal/LearningPlatform/node_modules/next/dist/compiled/next-server/app-page.runtime.dev.js:35:268296)
    at eF (/Users/knowprajjwal/LearningPlatform/node_modules/next/dist/compiled/next-server/app-page.runtime.dev.js:35:268784)
    at eq (/Users/knowprajjwal/LearningPlatform/node_modules/next/dist/compiled/next-server/app-page.runtime.dev.js:35:274748)
    at ej (/Users/knowprajjwal/LearningPlatform/node_modules/next/dist/compiled/next-server/app-page.runtime.dev.js:35:264992)
    at e_ (/Users/knowprajjwal/LearningPlatform/node_modules/next/dist/compiled/next-server/app-page.runtime.dev.js:35:264034)
    at e (/Users/knowprajjwal/LearningPlatform/node_modules/next/dist/compiled/next-server/app-page.runtime.dev.js:35:268296)
    at eF (/Users/knowprajjwal/LearningPlatform/node_modules/next/dist/compiled/next-server/app-page.runtime.dev.js:35:268784)
    at /Users/knowprajjwal/LearningPlatform/node_modules/next/dist/compiled/next-server/app-page.runtime.dev.js:35:266015
    at Array.toJSON (/Users/knowprajjwal/LearningPlatform/node_modules/next/dist/compiled/next-server/app-page.runtime.dev.js:35:266479)
    at stringify (<anonymous>)
    at eq (/Users/knowprajjwal/LearningPlatform/node_modules/next/dist/compiled/next-server/app-page.runtime.dev.js:35:274847)
    at eJ (/Users/knowprajjwal/LearningPlatform/node_modules/next/dist/compiled/next-server/app-page.runtime.dev.js:35:275365)
    at Timeout._onTimeout (/Users/knowprajjwal/LearningPlatform/node_modules/next/dist/compiled/next-server/app-page.runtime.dev.js:35:265152)
    at listOnTimeout (node:internal/timers:588:17)
    at process.processTimers (node:internal/timers:523:7)
[ 1289455ms] Error: Course not found: brsr
    at getCourse (webpack-internal:///(rsc)/./src/lib/courses.ts:48:15)
    at CourseLayout (webpack-internal:///(rsc)/./src/app/courses/[courseId]/layout.tsx:17:75)
    at e_ (/Users/knowprajjwal/LearningPlatform/node_modules/next/dist/compiled/next-server/app-page.runtime.dev.js:35:264164)
    at e (/Users/knowprajjwal/LearningPlatform/node_modules/next/dist/compiled/next-server/app-page.runtime.dev.js:35:268296)
    at eF (/Users/knowprajjwal/LearningPlatform/node_modules/next/dist/compiled/next-server/app-page.runtime.dev.js:35:268784)
    at eq (/Users/knowprajjwal/LearningPlatform/node_modules/next/dist/compiled/next-server/app-page.runtime.dev.js:35:274748)
    at ej (/Users/knowprajjwal/LearningPlatform/node_modules/next/dist/compiled/next-server/app-page.runtime.dev.js:35:264992)
    at e_ (/Users/knowprajjwal/LearningPlatform/node_modules/next/dist/compiled/next-server/app-page.runtime.dev.js:35:264034)
    at e (/Users/knowprajjwal/LearningPlatform/node_modules/next/dist/compiled/next-server/app-page.runtime.dev.js:35:268296)
    at eF (/Users/knowprajjwal/LearningPlatform/node_modules/next/dist/compiled/next-server/app-page.runtime.dev.js:35:268784)
    at /Users/knowprajjwal/LearningPlatform/node_modules/next/dist/compiled/next-server/app-page.runtime.dev.js:35:266015
    at Array.toJSON (/Users/knowprajjwal/LearningPlatform/node_modules/next/dist/compiled/next-server/app-page.runtime.dev.js:35:266479)
    at stringify (<anonymous>)
    at eq (/Users/knowprajjwal/LearningPlatform/node_modules/next/dist/compiled/next-server/app-page.runtime.dev.js:35:274847)
    at eJ (/Users/knowprajjwal/LearningPlatform/node_modules/next/dist/compiled/next-server/app-page.runtime.dev.js:35:275365)
    at Timeout._onTimeout (/Users/knowprajjwal/LearningPlatform/node_modules/next/dist/compiled/next-server/app-page.runtime.dev.js:35:265152)
    at listOnTimeout (node:internal/timers:588:17)
    at process.processTimers (node:internal/timers:523:7)
[ 1289455ms] Error: Course not found: brsr
    at getCourse (webpack-internal:///(rsc)/./src/lib/courses.ts:48:15)
    at CourseLayout (webpack-internal:///(rsc)/./src/app/courses/[courseId]/layout.tsx:17:75)
    at e_ (/Users/knowprajjwal/LearningPlatform/node_modules/next/dist/compiled/next-server/app-page.runtime.dev.js:35:264164)
    at e (/Users/knowprajjwal/LearningPlatform/node_modules/next/dist/compiled/next-server/app-page.runtime.dev.js:35:268296)
    at eF (/Users/knowprajjwal/LearningPlatform/node_modules/next/dist/compiled/next-server/app-page.runtime.dev.js:35:268784)
    at eq (/Users/knowprajjwal/LearningPlatform/node_modules/next/dist/compiled/next-server/app-page.runtime.dev.js:35:274748)
    at ej (/Users/knowprajjwal/LearningPlatform/node_modules/next/dist/compiled/next-server/app-page.runtime.dev.js:35:264992)
    at e_ (/Users/knowprajjwal/LearningPlatform/node_modules/next/dist/compiled/next-server/app-page.runtime.dev.js:35:264034)
    at e (/Users/knowprajjwal/LearningPlatform/node_modules/next/dist/compiled/next-server/app-page.runtime.dev.js:35:268296)
    at eF (/Users/knowprajjwal/LearningPlatform/node_modules/next/dist/compiled/next-server/app-page.runtime.dev.js:35:268784)
    at /Users/knowprajjwal/LearningPlatform/node_modules/next/dist/compiled/next-server/app-page.runtime.dev.js:35:266015
    at Array.toJSON (/Users/knowprajjwal/LearningPlatform/node_modules/next/dist/compiled/next-server/app-page.runtime.dev.js:35:266479)
    at stringify (<anonymous>)
    at eq (/Users/knowprajjwal/LearningPlatform/node_modules/next/dist/compiled/next-server/app-page.runtime.dev.js:35:274847)
    at eJ (/Users/knowprajjwal/LearningPlatform/node_modules/next/dist/compiled/next-server/app-page.runtime.dev.js:35:275365)
    at Timeout._onTimeout (/Users/knowprajjwal/LearningPlatform/node_modules/next/dist/compiled/next-server/app-page.runtime.dev.js:35:265152)
    at listOnTimeout (node:internal/timers:588:17)
    at process.processTimers (node:internal/timers:523:7)
[ 1289456ms] Error: Course not found: brsr
    at getCourse (webpack-internal:///(rsc)/./src/lib/courses.ts:48:15)
    at CourseLayout (webpack-internal:///(rsc)/./src/app/courses/[courseId]/layout.tsx:17:75)
    at e_ (/Users/knowprajjwal/LearningPlatform/node_modules/next/dist/compiled/next-server/app-page.runtime.dev.js:35:264164)
    at e (/Users/knowprajjwal/LearningPlatform/node_modules/next/dist/compiled/next-server/app-page.runtime.dev.js:35:268296)
    at eF (/Users/knowprajjwal/LearningPlatform/node_modules/next/dist/compiled/next-server/app-page.runtime.dev.js:35:268784)
    at eq (/Users/knowprajjwal/LearningPlatform/node_modules/next/dist/compiled/next-server/app-page.runtime.dev.js:35:274748)
    at ej (/Users/knowprajjwal/LearningPlatform/node_modules/next/dist/compiled/next-server/app-page.runtime.dev.js:35:264992)
    at e_ (/Users/knowprajjwal/LearningPlatform/node_modules/next/dist/compiled/next-server/app-page.runtime.dev.js:35:264034)
    at e (/Users/knowprajjwal/LearningPlatform/node_modules/next/dist/compiled/next-server/app-page.runtime.dev.js:35:268296)
    at eF (/Users/knowprajjwal/LearningPlatform/node_modules/next/dist/compiled/next-server/app-page.runtime.dev.js:35:268784)
    at /Users/knowprajjwal/LearningPlatform/node_modules/next/dist/compiled/next-server/app-page.runtime.dev.js:35:266015
    at Array.toJSON (/Users/knowprajjwal/LearningPlatform/node_modules/next/dist/compiled/next-server/app-page.runtime.dev.js:35:266479)
    at stringify (<anonymous>)
    at eq (/Users/knowprajjwal/LearningPlatform/node_modules/next/dist/compiled/next-server/app-page.runtime.dev.js:35:274847)
    at eJ (/Users/knowprajjwal/LearningPlatform/node_modules/next/dist/compiled/next-server/app-page.runtime.dev.js:35:275365)
    at Timeout._onTimeout (/Users/knowprajjwal/LearningPlatform/node_modules/next/dist/compiled/next-server/app-page.runtime.dev.js:35:265152)
    at listOnTimeout (node:internal/timers:588:17)
    at process.processTimers (node:internal/timers:523:7)
[ 1289456ms] Error: Course not found: brsr
    at getCourse (webpack-internal:///(rsc)/./src/lib/courses.ts:48:15)
    at CourseLayout (webpack-internal:///(rsc)/./src/app/courses/[courseId]/layout.tsx:17:75)
    at e_ (/Users/knowprajjwal/LearningPlatform/node_modules/next/dist/compiled/next-server/app-page.runtime.dev.js:35:264164)
    at e (/Users/knowprajjwal/LearningPlatform/node_modules/next/dist/compiled/next-server/app-page.runtime.dev.js:35:268296)
    at eF (/Users/knowprajjwal/LearningPlatform/node_modules/next/dist/compiled/next-server/app-page.runtime.dev.js:35:268784)
    at eq (/Users/knowprajjwal/LearningPlatform/node_modules/next/dist/compiled/next-server/app-page.runtime.dev.js:35:274748)
    at ej (/Users/knowprajjwal/LearningPlatform/node_modules/next/dist/compiled/next-server/app-page.runtime.dev.js:35:264992)
    at e_ (/Users/knowprajjwal/LearningPlatform/node_modules/next/dist/compiled/next-server/app-page.runtime.dev.js:35:264034)
    at e (/Users/knowprajjwal/LearningPlatform/node_modules/next/dist/compiled/next-server/app-page.runtime.dev.js:35:268296)
    at eF (/Users/knowprajjwal/LearningPlatform/node_modules/next/dist/compiled/next-server/app-page.runtime.dev.js:35:268784)
    at /Users/knowprajjwal/LearningPlatform/node_modules/next/dist/compiled/next-server/app-page.runtime.dev.js:35:266015
    at Array.toJSON (/Users/knowprajjwal/LearningPlatform/node_modules/next/dist/compiled/next-server/app-page.runtime.dev.js:35:266479)
    at stringify (<anonymous>)
    at eq (/Users/knowprajjwal/LearningPlatform/node_modules/next/dist/compiled/next-server/app-page.runtime.dev.js:35:274847)
    at eJ (/Users/knowprajjwal/LearningPlatform/node_modules/next/dist/compiled/next-server/app-page.runtime.dev.js:35:275365)
    at Timeout._onTimeout (/Users/knowprajjwal/LearningPlatform/node_modules/next/dist/compiled/next-server/app-page.runtime.dev.js:35:265152)
    at listOnTimeout (node:internal/timers:588:17)
    at process.processTimers (node:internal/timers:523:7)
[ 1289456ms] Error: Course not found: brsr
    at getCourse (webpack-internal:///(rsc)/./src/lib/courses.ts:48:15)
    at CourseLayout (webpack-internal:///(rsc)/./src/app/courses/[courseId]/layout.tsx:17:75)
    at e_ (/Users/knowprajjwal/LearningPlatform/node_modules/next/dist/compiled/next-server/app-page.runtime.dev.js:35:264164)
    at e (/Users/knowprajjwal/LearningPlatform/node_modules/next/dist/compiled/next-server/app-page.runtime.dev.js:35:268296)
    at eF (/Users/knowprajjwal/LearningPlatform/node_modules/next/dist/compiled/next-server/app-page.runtime.dev.js:35:268784)
    at eq (/Users/knowprajjwal/LearningPlatform/node_modules/next/dist/compiled/next-server/app-page.runtime.dev.js:35:274748)
    at ej (/Users/knowprajjwal/LearningPlatform/node_modules/next/dist/compiled/next-server/app-page.runtime.dev.js:35:264992)
    at e_ (/Users/knowprajjwal/LearningPlatform/node_modules/next/dist/compiled/next-server/app-page.runtime.dev.js:35:264034)
    at e (/Users/knowprajjwal/LearningPlatform/node_modules/next/dist/compiled/next-server/app-page.runtime.dev.js:35:268296)
    at eF (/Users/knowprajjwal/LearningPlatform/node_modules/next/dist/compiled/next-server/app-page.runtime.dev.js:35:268784)
    at /Users/knowprajjwal/LearningPlatform/node_modules/next/dist/compiled/next-server/app-page.runtime.dev.js:35:266015
    at Array.toJSON (/Users/knowprajjwal/LearningPlatform/node_modules/next/dist/compiled/next-server/app-page.runtime.dev.js:35:266479)
    at stringify (<anonymous>)
    at eq (/Users/knowprajjwal/LearningPlatform/node_modules/next/dist/compiled/next-server/app-page.runtime.dev.js:35:274847)
    at eJ (/Users/knowprajjwal/LearningPlatform/node_modules/next/dist/compiled/next-server/app-page.runtime.dev.js:35:275365)
    at Timeout._onTimeout (/Users/knowprajjwal/LearningPlatform/node_modules/next/dist/compiled/next-server/app-page.runtime.dev.js:35:265152)
    at listOnTimeout (node:internal/timers:588:17)
    at process.processTimers (node:internal/timers:523:7)
[ 1289459ms] [ERROR] The above error occurred in the <NotFoundErrorBoundary> component:

    at InnerLayoutRouter (webpack-internal:///(app-pages-browser)/./node_modules/next/dist/client/components/layout-router.js:243:11)
    at RedirectErrorBoundary (webpack-internal:///(app-pages-browser)/./node_modules/next/dist/client/components/redirect-boundary.js:74:9)
    at RedirectBoundary (webpack-internal:///(app-pages-browser)/./node_modules/next/dist/client/components/redirect-boundary.js:82:11)
    at NotFoundBoundary (webpack-internal:///(app-pages-browser)/./node_modules/next/dist/client/components/not-found-boundary.js:84:11)
    at LoadingBoundary (webpack-internal:///(app-pages-browser)/./node_modules/next/dist/client/components/layout-router.js:349:11)
    at ErrorBoundary (webpack-internal:///(app-pages-browser)/./node_modules/next/dist/client/components/error-boundary.js:160:11)
    at InnerScrollAndFocusHandler (webpack-internal:///(app-pages-browser)/./node_modules/next/dist/client/components/layout-router.js:153:9)
    at ScrollAndFocusHandler (webpack-internal:///(app-pages-browser)/./node_modules/next/dist/client/components/layout-router.js:228:11)
    at RenderFromTemplateContext (webpack-internal:///(app-pages-browser)/./node_modules/next/dist/client/components/render-from-template-context.js:16:44)
    at OuterLayoutRouter (webpack-internal:///(app-pages-browser)/./node_modules/next/dist/client/components/layout-router.js:370:11)
    at InnerLayoutRouter (webpack-internal:///(app-pages-browser)/./node_modules/next/dist/client/components/layout-router.js:243:11)
    at RedirectErrorBoundary (webpack-internal:///(app-pages-browser)/./node_modules/next/dist/client/components/redirect-boundary.js:74:9)
    at RedirectBoundary (webpack-internal:///(app-pages-browser)/./node_modules/next/dist/client/components/redirect-boundary.js:82:11)
    at NotFoundErrorBoundary (webpack-internal:///(app-pages-browser)/./node_modules/next/dist/client/components/not-found-boundary.js:76:9)
    at NotFoundBoundary (webpack-internal:///(app-pages-browser)/./node_modules/next/dist/client/components/not-found-boundary.js:84:11)
    at LoadingBoundary (webpack-internal:///(app-pages-browser)/./node_modules/next/dist/client/components/layout-router.js:349:11)
    at ErrorBoundary (webpack-internal:///(app-pages-browser)/./node_modules/next/dist/client/components/error-boundary.js:160:11)
    at InnerScrollAndFocusHandler (webpack-internal:///(app-pages-browser)/./node_modules/next/dist/client/components/layout-router.js:153:9)
    at ScrollAndFocusHandler (webpack-internal:///(app-pages-browser)/./node_modules/next/dist/client/components/layout-router.js:228:11)
    at RenderFromTemplateContext (webpack-internal:///(app-pages-browser)/./node_modules/next/dist/client/components/render-from-template-context.js:16:44)
    at OuterLayoutRouter (webpack-internal:///(app-pages-browser)/./node_modules/next/dist/client/components/layout-router.js:370:11)
    at __experimental_CheckoutProvider (webpack-internal:///(app-pages-browser)/./node_modules/@clerk/shared/dist/runtime/react/index.mjs:136:44)
    at SWRConfig (webpack-internal:///(app-pages-browser)/./node_modules/swr/dist/_internal/config-context-client-BoS53ST9.mjs:554:13)
    at SWRConfigCompat (webpack-internal:///(app-pages-browser)/./node_modules/@clerk/shared/dist/runtime/react/index.mjs:124:28)
    at OrganizationProvider (webpack-internal:///(app-pages-browser)/./node_modules/@clerk/shared/dist/runtime/react/index.mjs:148:33)
    at ClerkContextProvider (webpack-internal:///(app-pages-browser)/./node_modules/@clerk/clerk-react/dist/index.mjs:1849:11)
    at ClerkProviderBase (webpack-internal:///(app-pages-browser)/./node_modules/@clerk/clerk-react/dist/index.mjs:1941:11)
    at Hoc (webpack-internal:///(app-pages-browser)/./node_modules/@clerk/clerk-react/dist/chunk-THNCS7QR.mjs:84:5)
    at ClerkNextOptionsProvider (webpack-internal:///(app-pages-browser)/./node_modules/@clerk/nextjs/dist/esm/client-boundary/NextOptionsContext.js:17:11)
    at NextClientClerkProvider (webpack-internal:///(app-pages-browser)/./node_modules/@clerk/nextjs/dist/esm/app-router/client/ClerkProvider.js:62:13)
    at ClientClerkProvider (webpack-internal:///(app-pages-browser)/./node_modules/@clerk/nextjs/dist/esm/app-router/client/ClerkProvider.js:135:13)
    at ClerkProvider (Server)
    at body
    at html
    at RootLayout (Server)
    at RedirectErrorBoundary (webpack-internal:///(app-pages-browser)/./node_modules/next/dist/client/components/redirect-boundary.js:74:9)
    at RedirectBoundary (webpack-internal:///(app-pages-browser)/./node_modules/next/dist/client/components/redirect-boundary.js:82:11)
    at NotFoundErrorBoundary (webpack-internal:///(app-pages-browser)/./node_modules/next/dist/client/components/not-found-boundary.js:76:9)
    at NotFoundBoundary (webpack-internal:///(app-pages-browser)/./node_modules/next/dist/client/components/not-found-boundary.js:84:11)
    at DevRootNotFoundBoundary (webpack-internal:///(app-pages-browser)/./node_modules/next/dist/client/components/dev-root-not-found-boundary.js:33:11)
    at ReactDevOverlay (webpack-internal:///(app-pages-browser)/./node_modules/next/dist/client/components/react-dev-overlay/app/ReactDevOverlay.js:87:9)
    at HotReload (webpack-internal:///(app-pages-browser)/./node_modules/next/dist/client/components/react-dev-overlay/app/hot-reloader-client.js:321:11)
    at Router (webpack-internal:///(app-pages-browser)/./node_modules/next/dist/client/components/app-router.js:207:11)
    at ErrorBoundaryHandler (webpack-internal:///(app-pages-browser)/./node_modules/next/dist/client/components/error-boundary.js:113:9)
    at ErrorBoundary (webpack-internal:///(app-pages-browser)/./node_modules/next/dist/client/components/error-boundary.js:160:11)
    at AppRouter (webpack-internal:///(app-pages-browser)/./node_modules/next/dist/client/components/app-router.js:585:13)
    at ServerRoot (webpack-internal:///(app-pages-browser)/./node_modules/next/dist/client/app-index.js:112:27)
    at Root (webpack-internal:///(app-pages-browser)/./node_modules/next/dist/client/app-index.js:117:11)
    at ReactDevOverlay (webpack-internal:///(app-pages-browser)/./node_modules/next/dist/client/components/react-dev-overlay/app/ReactDevOverlay.js:87:9)

React will try to recreate this component tree from scratch using the error boundary you provided, ReactDevOverlay. @ webpack-internal:///(app-pages-browser)/./node_modules/next/dist/client/app-index.js:32
[ 1289914ms] [ERROR] Failed to load resource: the server responded with a status of 400 () @ https://clerk.greentryst.com/v1/client?__clerk_api_version=2025-11-10&_clerk_js_version=5.125.7:0
[ 1289943ms] [ERROR] Failed to load resource: the server responded with a status of 400 () @ https://clerk.greentryst.com/v1/environment?__clerk_api_version=2025-11-10&_clerk_js_version=5.125.7:0
[ 1289944ms] [ERROR] e: Clerk: Production Keys are only allowed for domain "greentryst.com". 
API Error: The Request HTTP Origin header must be equal to or a subdomain of the requesting URL.
    at https://clerk.greentryst.com/npm/@clerk/clerk-js@5/dist/clerk.browser.js:2:7182
    at u._baseFetch (https://clerk.greentryst.com/npm/@clerk/clerk-js@5/dist/clerk.browser.js:3:38)
    at async d.execute (https://clerk.greentryst.com/npm/@clerk/clerk-js@5/dist/clerk.browser.js:2:5226)
    at async s._baseGet (https://clerk.greentryst.com/npm/@clerk/clerk-js@5/dist/clerk.browser.js:3:567)
    at async Promise.all (index 1)
    at async #U (https://clerk.greentryst.com/npm/@clerk/clerk-js@5/dist/clerk.browser.js:5:73541)
    at async e5.load (https://clerk.greentryst.com/npm/@clerk/clerk-js@5/dist/clerk.browser.js:5:34322)
    at async _IsomorphicClerk.loadClerkJS (webpack-internal:///(app-pages-browser)/./node_modules/@clerk/clerk-react/dist/index.mjs:1746:9) @ webpack-internal:///(app-pages-browser)/./node_modules/next/dist/client/app-index.js:32
[ 1292944ms] [WARNING] The resource http://localhost:5001/_next/static/css/app/layout.css?v=1775994809974 was preloaded using link preload but not used within a few seconds from the window's load event. Please make sure it has an appropriate `as` value and it is preloaded intentionally. @ http://localhost:5001/courses/brsr:0
[ 1304956ms] [LOG] [Fast Refresh] rebuilding @ webpack-internal:///(app-pages-browser)/./node_modules/next/dist/client/components/react-dev-overlay/app/hot-reloader-client.js:186
[ 1305498ms] [WARNING] [Fast Refresh] performing full reload because your application had an unrecoverable error @ webpack-internal:///(app-pages-browser)/./node_modules/next/dist/client/components/react-dev-overlay/app/hot-reloader-client.js:114
[ 1305955ms] [ERROR] Failed to load resource: the server responded with a status of 500 (Internal Server Error) @ http://localhost:5001/courses/brsr:0
[ 1306084ms] [INFO] %cDownload the React DevTools for a better development experience: https://reactjs.org/link/react-devtools font-weight:bold @ webpack-internal:///(app-pages-browser)/./node_modules/next/dist/compiled/react-dom/cjs/react-dom.development.js:38559
[ 1306145ms] Error: Course not found: brsr
    at getCourse (webpack-internal:///(rsc)/./src/lib/courses.ts:48:15)
    at CourseLayout (webpack-internal:///(rsc)/./src/app/courses/[courseId]/layout.tsx:17:75)
    at e_ (/Users/knowprajjwal/LearningPlatform/node_modules/next/dist/compiled/next-server/app-page.runtime.dev.js:35:264164)
    at e (/Users/knowprajjwal/LearningPlatform/node_modules/next/dist/compiled/next-server/app-page.runtime.dev.js:35:268296)
    at eF (/Users/knowprajjwal/LearningPlatform/node_modules/next/dist/compiled/next-server/app-page.runtime.dev.js:35:268784)
    at eq (/Users/knowprajjwal/LearningPlatform/node_modules/next/dist/compiled/next-server/app-page.runtime.dev.js:35:274748)
    at ej (/Users/knowprajjwal/LearningPlatform/node_modules/next/dist/compiled/next-server/app-page.runtime.dev.js:35:264992)
    at e_ (/Users/knowprajjwal/LearningPlatform/node_modules/next/dist/compiled/next-server/app-page.runtime.dev.js:35:264034)
    at e (/Users/knowprajjwal/LearningPlatform/node_modules/next/dist/compiled/next-server/app-page.runtime.dev.js:35:268296)
    at eF (/Users/knowprajjwal/LearningPlatform/node_modules/next/dist/compiled/next-server/app-page.runtime.dev.js:35:268784)
    at /Users/knowprajjwal/LearningPlatform/node_modules/next/dist/compiled/next-server/app-page.runtime.dev.js:35:266015
    at Array.toJSON (/Users/knowprajjwal/LearningPlatform/node_modules/next/dist/compiled/next-server/app-page.runtime.dev.js:35:266479)
    at stringify (<anonymous>)
    at eq (/Users/knowprajjwal/LearningPlatform/node_modules/next/dist/compiled/next-server/app-page.runtime.dev.js:35:274847)
    at eJ (/Users/knowprajjwal/LearningPlatform/node_modules/next/dist/compiled/next-server/app-page.runtime.dev.js:35:275365)
    at Timeout._onTimeout (/Users/knowprajjwal/LearningPlatform/node_modules/next/dist/compiled/next-server/app-page.runtime.dev.js:35:265152)
    at listOnTimeout (node:internal/timers:588:17)
    at process.processTimers (node:internal/timers:523:7)
[ 1306147ms] Error: Course not found: brsr
    at getCourse (webpack-internal:///(rsc)/./src/lib/courses.ts:48:15)
    at CourseLayout (webpack-internal:///(rsc)/./src/app/courses/[courseId]/layout.tsx:17:75)
    at e_ (/Users/knowprajjwal/LearningPlatform/node_modules/next/dist/compiled/next-server/app-page.runtime.dev.js:35:264164)
    at e (/Users/knowprajjwal/LearningPlatform/node_modules/next/dist/compiled/next-server/app-page.runtime.dev.js:35:268296)
    at eF (/Users/knowprajjwal/LearningPlatform/node_modules/next/dist/compiled/next-server/app-page.runtime.dev.js:35:268784)
    at eq (/Users/knowprajjwal/LearningPlatform/node_modules/next/dist/compiled/next-server/app-page.runtime.dev.js:35:274748)
    at ej (/Users/knowprajjwal/LearningPlatform/node_modules/next/dist/compiled/next-server/app-page.runtime.dev.js:35:264992)
    at e_ (/Users/knowprajjwal/LearningPlatform/node_modules/next/dist/compiled/next-server/app-page.runtime.dev.js:35:264034)
    at e (/Users/knowprajjwal/LearningPlatform/node_modules/next/dist/compiled/next-server/app-page.runtime.dev.js:35:268296)
    at eF (/Users/knowprajjwal/LearningPlatform/node_modules/next/dist/compiled/next-server/app-page.runtime.dev.js:35:268784)
    at /Users/knowprajjwal/LearningPlatform/node_modules/next/dist/compiled/next-server/app-page.runtime.dev.js:35:266015
    at Array.toJSON (/Users/knowprajjwal/LearningPlatform/node_modules/next/dist/compiled/next-server/app-page.runtime.dev.js:35:266479)
    at stringify (<anonymous>)
    at eq (/Users/knowprajjwal/LearningPlatform/node_modules/next/dist/compiled/next-server/app-page.runtime.dev.js:35:274847)
    at eJ (/Users/knowprajjwal/LearningPlatform/node_modules/next/dist/compiled/next-server/app-page.runtime.dev.js:35:275365)
    at Timeout._onTimeout (/Users/knowprajjwal/LearningPlatform/node_modules/next/dist/compiled/next-server/app-page.runtime.dev.js:35:265152)
    at listOnTimeout (node:internal/timers:588:17)
    at process.processTimers (node:internal/timers:523:7)
[ 1306147ms] Error: Course not found: brsr
    at getCourse (webpack-internal:///(rsc)/./src/lib/courses.ts:48:15)
    at CourseLayout (webpack-internal:///(rsc)/./src/app/courses/[courseId]/layout.tsx:17:75)
    at e_ (/Users/knowprajjwal/LearningPlatform/node_modules/next/dist/compiled/next-server/app-page.runtime.dev.js:35:264164)
    at e (/Users/knowprajjwal/LearningPlatform/node_modules/next/dist/compiled/next-server/app-page.runtime.dev.js:35:268296)
    at eF (/Users/knowprajjwal/LearningPlatform/node_modules/next/dist/compiled/next-server/app-page.runtime.dev.js:35:268784)
    at eq (/Users/knowprajjwal/LearningPlatform/node_modules/next/dist/compiled/next-server/app-page.runtime.dev.js:35:274748)
    at ej (/Users/knowprajjwal/LearningPlatform/node_modules/next/dist/compiled/next-server/app-page.runtime.dev.js:35:264992)
    at e_ (/Users/knowprajjwal/LearningPlatform/node_modules/next/dist/compiled/next-server/app-page.runtime.dev.js:35:264034)
    at e (/Users/knowprajjwal/LearningPlatform/node_modules/next/dist/compiled/next-server/app-page.runtime.dev.js:35:268296)
    at eF (/Users/knowprajjwal/LearningPlatform/node_modules/next/dist/compiled/next-server/app-page.runtime.dev.js:35:268784)
    at /Users/knowprajjwal/LearningPlatform/node_modules/next/dist/compiled/next-server/app-page.runtime.dev.js:35:266015
    at Array.toJSON (/Users/knowprajjwal/LearningPlatform/node_modules/next/dist/compiled/next-server/app-page.runtime.dev.js:35:266479)
    at stringify (<anonymous>)
    at eq (/Users/knowprajjwal/LearningPlatform/node_modules/next/dist/compiled/next-server/app-page.runtime.dev.js:35:274847)
    at eJ (/Users/knowprajjwal/LearningPlatform/node_modules/next/dist/compiled/next-server/app-page.runtime.dev.js:35:275365)
    at Timeout._onTimeout (/Users/knowprajjwal/LearningPlatform/node_modules/next/dist/compiled/next-server/app-page.runtime.dev.js:35:265152)
    at listOnTimeout (node:internal/timers:588:17)
    at process.processTimers (node:internal/timers:523:7)
[ 1306147ms] Error: Course not found: brsr
    at getCourse (webpack-internal:///(rsc)/./src/lib/courses.ts:48:15)
    at CourseLayout (webpack-internal:///(rsc)/./src/app/courses/[courseId]/layout.tsx:17:75)
    at e_ (/Users/knowprajjwal/LearningPlatform/node_modules/next/dist/compiled/next-server/app-page.runtime.dev.js:35:264164)
    at e (/Users/knowprajjwal/LearningPlatform/node_modules/next/dist/compiled/next-server/app-page.runtime.dev.js:35:268296)
    at eF (/Users/knowprajjwal/LearningPlatform/node_modules/next/dist/compiled/next-server/app-page.runtime.dev.js:35:268784)
    at eq (/Users/knowprajjwal/LearningPlatform/node_modules/next/dist/compiled/next-server/app-page.runtime.dev.js:35:274748)
    at ej (/Users/knowprajjwal/LearningPlatform/node_modules/next/dist/compiled/next-server/app-page.runtime.dev.js:35:264992)
    at e_ (/Users/knowprajjwal/LearningPlatform/node_modules/next/dist/compiled/next-server/app-page.runtime.dev.js:35:264034)
    at e (/Users/knowprajjwal/LearningPlatform/node_modules/next/dist/compiled/next-server/app-page.runtime.dev.js:35:268296)
    at eF (/Users/knowprajjwal/LearningPlatform/node_modules/next/dist/compiled/next-server/app-page.runtime.dev.js:35:268784)
    at /Users/knowprajjwal/LearningPlatform/node_modules/next/dist/compiled/next-server/app-page.runtime.dev.js:35:266015
    at Array.toJSON (/Users/knowprajjwal/LearningPlatform/node_modules/next/dist/compiled/next-server/app-page.runtime.dev.js:35:266479)
    at stringify (<anonymous>)
    at eq (/Users/knowprajjwal/LearningPlatform/node_modules/next/dist/compiled/next-server/app-page.runtime.dev.js:35:274847)
    at eJ (/Users/knowprajjwal/LearningPlatform/node_modules/next/dist/compiled/next-server/app-page.runtime.dev.js:35:275365)
    at Timeout._onTimeout (/Users/knowprajjwal/LearningPlatform/node_modules/next/dist/compiled/next-server/app-page.runtime.dev.js:35:265152)
    at listOnTimeout (node:internal/timers:588:17)
    at process.processTimers (node:internal/timers:523:7)
[ 1306147ms] Error: Course not found: brsr
    at getCourse (webpack-internal:///(rsc)/./src/lib/courses.ts:48:15)
    at CourseLayout (webpack-internal:///(rsc)/./src/app/courses/[courseId]/layout.tsx:17:75)
    at e_ (/Users/knowprajjwal/LearningPlatform/node_modules/next/dist/compiled/next-server/app-page.runtime.dev.js:35:264164)
    at e (/Users/knowprajjwal/LearningPlatform/node_modules/next/dist/compiled/next-server/app-page.runtime.dev.js:35:268296)
    at eF (/Users/knowprajjwal/LearningPlatform/node_modules/next/dist/compiled/next-server/app-page.runtime.dev.js:35:268784)
    at eq (/Users/knowprajjwal/LearningPlatform/node_modules/next/dist/compiled/next-server/app-page.runtime.dev.js:35:274748)
    at ej (/Users/knowprajjwal/LearningPlatform/node_modules/next/dist/compiled/next-server/app-page.runtime.dev.js:35:264992)
    at e_ (/Users/knowprajjwal/LearningPlatform/node_modules/next/dist/compiled/next-server/app-page.runtime.dev.js:35:264034)
    at e (/Users/knowprajjwal/LearningPlatform/node_modules/next/dist/compiled/next-server/app-page.runtime.dev.js:35:268296)
    at eF (/Users/knowprajjwal/LearningPlatform/node_modules/next/dist/compiled/next-server/app-page.runtime.dev.js:35:268784)
    at /Users/knowprajjwal/LearningPlatform/node_modules/next/dist/compiled/next-server/app-page.runtime.dev.js:35:266015
    at Array.toJSON (/Users/knowprajjwal/LearningPlatform/node_modules/next/dist/compiled/next-server/app-page.runtime.dev.js:35:266479)
    at stringify (<anonymous>)
    at eq (/Users/knowprajjwal/LearningPlatform/node_modules/next/dist/compiled/next-server/app-page.runtime.dev.js:35:274847)
    at eJ (/Users/knowprajjwal/LearningPlatform/node_modules/next/dist/compiled/next-server/app-page.runtime.dev.js:35:275365)
    at Timeout._onTimeout (/Users/knowprajjwal/LearningPlatform/node_modules/next/dist/compiled/next-server/app-page.runtime.dev.js:35:265152)
    at listOnTimeout (node:internal/timers:588:17)
    at process.processTimers (node:internal/timers:523:7)
[ 1306148ms] Error: Course not found: brsr
    at getCourse (webpack-internal:///(rsc)/./src/lib/courses.ts:48:15)
    at CourseLayout (webpack-internal:///(rsc)/./src/app/courses/[courseId]/layout.tsx:17:75)
    at e_ (/Users/knowprajjwal/LearningPlatform/node_modules/next/dist/compiled/next-server/app-page.runtime.dev.js:35:264164)
    at e (/Users/knowprajjwal/LearningPlatform/node_modules/next/dist/compiled/next-server/app-page.runtime.dev.js:35:268296)
    at eF (/Users/knowprajjwal/LearningPlatform/node_modules/next/dist/compiled/next-server/app-page.runtime.dev.js:35:268784)
    at eq (/Users/knowprajjwal/LearningPlatform/node_modules/next/dist/compiled/next-server/app-page.runtime.dev.js:35:274748)
    at ej (/Users/knowprajjwal/LearningPlatform/node_modules/next/dist/compiled/next-server/app-page.runtime.dev.js:35:264992)
    at e_ (/Users/knowprajjwal/LearningPlatform/node_modules/next/dist/compiled/next-server/app-page.runtime.dev.js:35:264034)
    at e (/Users/knowprajjwal/LearningPlatform/node_modules/next/dist/compiled/next-server/app-page.runtime.dev.js:35:268296)
    at eF (/Users/knowprajjwal/LearningPlatform/node_modules/next/dist/compiled/next-server/app-page.runtime.dev.js:35:268784)
    at /Users/knowprajjwal/LearningPlatform/node_modules/next/dist/compiled/next-server/app-page.runtime.dev.js:35:266015
    at Array.toJSON (/Users/knowprajjwal/LearningPlatform/node_modules/next/dist/compiled/next-server/app-page.runtime.dev.js:35:266479)
    at stringify (<anonymous>)
    at eq (/Users/knowprajjwal/LearningPlatform/node_modules/next/dist/compiled/next-server/app-page.runtime.dev.js:35:274847)
    at eJ (/Users/knowprajjwal/LearningPlatform/node_modules/next/dist/compiled/next-server/app-page.runtime.dev.js:35:275365)
    at Timeout._onTimeout (/Users/knowprajjwal/LearningPlatform/node_modules/next/dist/compiled/next-server/app-page.runtime.dev.js:35:265152)
    at listOnTimeout (node:internal/timers:588:17)
    at process.processTimers (node:internal/timers:523:7)
[ 1306149ms] Error: Course not found: brsr
    at getCourse (webpack-internal:///(rsc)/./src/lib/courses.ts:48:15)
    at CourseLayout (webpack-internal:///(rsc)/./src/app/courses/[courseId]/layout.tsx:17:75)
    at e_ (/Users/knowprajjwal/LearningPlatform/node_modules/next/dist/compiled/next-server/app-page.runtime.dev.js:35:264164)
    at e (/Users/knowprajjwal/LearningPlatform/node_modules/next/dist/compiled/next-server/app-page.runtime.dev.js:35:268296)
    at eF (/Users/knowprajjwal/LearningPlatform/node_modules/next/dist/compiled/next-server/app-page.runtime.dev.js:35:268784)
    at eq (/Users/knowprajjwal/LearningPlatform/node_modules/next/dist/compiled/next-server/app-page.runtime.dev.js:35:274748)
    at ej (/Users/knowprajjwal/LearningPlatform/node_modules/next/dist/compiled/next-server/app-page.runtime.dev.js:35:264992)
    at e_ (/Users/knowprajjwal/LearningPlatform/node_modules/next/dist/compiled/next-server/app-page.runtime.dev.js:35:264034)
    at e (/Users/knowprajjwal/LearningPlatform/node_modules/next/dist/compiled/next-server/app-page.runtime.dev.js:35:268296)
    at eF (/Users/knowprajjwal/LearningPlatform/node_modules/next/dist/compiled/next-server/app-page.runtime.dev.js:35:268784)
    at /Users/knowprajjwal/LearningPlatform/node_modules/next/dist/compiled/next-server/app-page.runtime.dev.js:35:266015
    at Array.toJSON (/Users/knowprajjwal/LearningPlatform/node_modules/next/dist/compiled/next-server/app-page.runtime.dev.js:35:266479)
    at stringify (<anonymous>)
    at eq (/Users/knowprajjwal/LearningPlatform/node_modules/next/dist/compiled/next-server/app-page.runtime.dev.js:35:274847)
    at eJ (/Users/knowprajjwal/LearningPlatform/node_modules/next/dist/compiled/next-server/app-page.runtime.dev.js:35:275365)
    at Timeout._onTimeout (/Users/knowprajjwal/LearningPlatform/node_modules/next/dist/compiled/next-server/app-page.runtime.dev.js:35:265152)
    at listOnTimeout (node:internal/timers:588:17)
    at process.processTimers (node:internal/timers:523:7)
[ 1306149ms] Error: Course not found: brsr
    at getCourse (webpack-internal:///(rsc)/./src/lib/courses.ts:48:15)
    at CourseLayout (webpack-internal:///(rsc)/./src/app/courses/[courseId]/layout.tsx:17:75)
    at e_ (/Users/knowprajjwal/LearningPlatform/node_modules/next/dist/compiled/next-server/app-page.runtime.dev.js:35:264164)
    at e (/Users/knowprajjwal/LearningPlatform/node_modules/next/dist/compiled/next-server/app-page.runtime.dev.js:35:268296)
    at eF (/Users/knowprajjwal/LearningPlatform/node_modules/next/dist/compiled/next-server/app-page.runtime.dev.js:35:268784)
    at eq (/Users/knowprajjwal/LearningPlatform/node_modules/next/dist/compiled/next-server/app-page.runtime.dev.js:35:274748)
    at ej (/Users/knowprajjwal/LearningPlatform/node_modules/next/dist/compiled/next-server/app-page.runtime.dev.js:35:264992)
    at e_ (/Users/knowprajjwal/LearningPlatform/node_modules/next/dist/compiled/next-server/app-page.runtime.dev.js:35:264034)
    at e (/Users/knowprajjwal/LearningPlatform/node_modules/next/dist/compiled/next-server/app-page.runtime.dev.js:35:268296)
    at eF (/Users/knowprajjwal/LearningPlatform/node_modules/next/dist/compiled/next-server/app-page.runtime.dev.js:35:268784)
    at /Users/knowprajjwal/LearningPlatform/node_modules/next/dist/compiled/next-server/app-page.runtime.dev.js:35:266015
    at Array.toJSON (/Users/knowprajjwal/LearningPlatform/node_modules/next/dist/compiled/next-server/app-page.runtime.dev.js:35:266479)
    at stringify (<anonymous>)
    at eq (/Users/knowprajjwal/LearningPlatform/node_modules/next/dist/compiled/next-server/app-page.runtime.dev.js:35:274847)
    at eJ (/Users/knowprajjwal/LearningPlatform/node_modules/next/dist/compiled/next-server/app-page.runtime.dev.js:35:275365)
    at Timeout._onTimeout (/Users/knowprajjwal/LearningPlatform/node_modules/next/dist/compiled/next-server/app-page.runtime.dev.js:35:265152)
    at listOnTimeout (node:internal/timers:588:17)
    at process.processTimers (node:internal/timers:523:7)
[ 1306149ms] Error: Course not found: brsr
    at getCourse (webpack-internal:///(rsc)/./src/lib/courses.ts:48:15)
    at CourseLayout (webpack-internal:///(rsc)/./src/app/courses/[courseId]/layout.tsx:17:75)
    at e_ (/Users/knowprajjwal/LearningPlatform/node_modules/next/dist/compiled/next-server/app-page.runtime.dev.js:35:264164)
    at e (/Users/knowprajjwal/LearningPlatform/node_modules/next/dist/compiled/next-server/app-page.runtime.dev.js:35:268296)
    at eF (/Users/knowprajjwal/LearningPlatform/node_modules/next/dist/compiled/next-server/app-page.runtime.dev.js:35:268784)
    at eq (/Users/knowprajjwal/LearningPlatform/node_modules/next/dist/compiled/next-server/app-page.runtime.dev.js:35:274748)
    at ej (/Users/knowprajjwal/LearningPlatform/node_modules/next/dist/compiled/next-server/app-page.runtime.dev.js:35:264992)
    at e_ (/Users/knowprajjwal/LearningPlatform/node_modules/next/dist/compiled/next-server/app-page.runtime.dev.js:35:264034)
    at e (/Users/knowprajjwal/LearningPlatform/node_modules/next/dist/compiled/next-server/app-page.runtime.dev.js:35:268296)
    at eF (/Users/knowprajjwal/LearningPlatform/node_modules/next/dist/compiled/next-server/app-page.runtime.dev.js:35:268784)
    at /Users/knowprajjwal/LearningPlatform/node_modules/next/dist/compiled/next-server/app-page.runtime.dev.js:35:266015
    at Array.toJSON (/Users/knowprajjwal/LearningPlatform/node_modules/next/dist/compiled/next-server/app-page.runtime.dev.js:35:266479)
    at stringify (<anonymous>)
    at eq (/Users/knowprajjwal/LearningPlatform/node_modules/next/dist/compiled/next-server/app-page.runtime.dev.js:35:274847)
    at eJ (/Users/knowprajjwal/LearningPlatform/node_modules/next/dist/compiled/next-server/app-page.runtime.dev.js:35:275365)
    at Timeout._onTimeout (/Users/knowprajjwal/LearningPlatform/node_modules/next/dist/compiled/next-server/app-page.runtime.dev.js:35:265152)
    at listOnTimeout (node:internal/timers:588:17)
    at process.processTimers (node:internal/timers:523:7)
[ 1306149ms] Error: Course not found: brsr
    at getCourse (webpack-internal:///(rsc)/./src/lib/courses.ts:48:15)
    at CourseLayout (webpack-internal:///(rsc)/./src/app/courses/[courseId]/layout.tsx:17:75)
    at e_ (/Users/knowprajjwal/LearningPlatform/node_modules/next/dist/compiled/next-server/app-page.runtime.dev.js:35:264164)
    at e (/Users/knowprajjwal/LearningPlatform/node_modules/next/dist/compiled/next-server/app-page.runtime.dev.js:35:268296)
    at eF (/Users/knowprajjwal/LearningPlatform/node_modules/next/dist/compiled/next-server/app-page.runtime.dev.js:35:268784)
    at eq (/Users/knowprajjwal/LearningPlatform/node_modules/next/dist/compiled/next-server/app-page.runtime.dev.js:35:274748)
    at ej (/Users/knowprajjwal/LearningPlatform/node_modules/next/dist/compiled/next-server/app-page.runtime.dev.js:35:264992)
    at e_ (/Users/knowprajjwal/LearningPlatform/node_modules/next/dist/compiled/next-server/app-page.runtime.dev.js:35:264034)
    at e (/Users/knowprajjwal/LearningPlatform/node_modules/next/dist/compiled/next-server/app-page.runtime.dev.js:35:268296)
    at eF (/Users/knowprajjwal/LearningPlatform/node_modules/next/dist/compiled/next-server/app-page.runtime.dev.js:35:268784)
    at /Users/knowprajjwal/LearningPlatform/node_modules/next/dist/compiled/next-server/app-page.runtime.dev.js:35:266015
    at Array.toJSON (/Users/knowprajjwal/LearningPlatform/node_modules/next/dist/compiled/next-server/app-page.runtime.dev.js:35:266479)
    at stringify (<anonymous>)
    at eq (/Users/knowprajjwal/LearningPlatform/node_modules/next/dist/compiled/next-server/app-page.runtime.dev.js:35:274847)
    at eJ (/Users/knowprajjwal/LearningPlatform/node_modules/next/dist/compiled/next-server/app-page.runtime.dev.js:35:275365)
    at Timeout._onTimeout (/Users/knowprajjwal/LearningPlatform/node_modules/next/dist/compiled/next-server/app-page.runtime.dev.js:35:265152)
    at listOnTimeout (node:internal/timers:588:17)
    at process.processTimers (node:internal/timers:523:7)
[ 1306149ms] Error: Course not found: brsr
    at getCourse (webpack-internal:///(rsc)/./src/lib/courses.ts:48:15)
    at CourseLayout (webpack-internal:///(rsc)/./src/app/courses/[courseId]/layout.tsx:17:75)
    at e_ (/Users/knowprajjwal/LearningPlatform/node_modules/next/dist/compiled/next-server/app-page.runtime.dev.js:35:264164)
    at e (/Users/knowprajjwal/LearningPlatform/node_modules/next/dist/compiled/next-server/app-page.runtime.dev.js:35:268296)
    at eF (/Users/knowprajjwal/LearningPlatform/node_modules/next/dist/compiled/next-server/app-page.runtime.dev.js:35:268784)
    at eq (/Users/knowprajjwal/LearningPlatform/node_modules/next/dist/compiled/next-server/app-page.runtime.dev.js:35:274748)
    at ej (/Users/knowprajjwal/LearningPlatform/node_modules/next/dist/compiled/next-server/app-page.runtime.dev.js:35:264992)
    at e_ (/Users/knowprajjwal/LearningPlatform/node_modules/next/dist/compiled/next-server/app-page.runtime.dev.js:35:264034)
    at e (/Users/knowprajjwal/LearningPlatform/node_modules/next/dist/compiled/next-server/app-page.runtime.dev.js:35:268296)
    at eF (/Users/knowprajjwal/LearningPlatform/node_modules/next/dist/compiled/next-server/app-page.runtime.dev.js:35:268784)
    at /Users/knowprajjwal/LearningPlatform/node_modules/next/dist/compiled/next-server/app-page.runtime.dev.js:35:266015
    at Array.toJSON (/Users/knowprajjwal/LearningPlatform/node_modules/next/dist/compiled/next-server/app-page.runtime.dev.js:35:266479)
    at stringify (<anonymous>)
    at eq (/Users/knowprajjwal/LearningPlatform/node_modules/next/dist/compiled/next-server/app-page.runtime.dev.js:35:274847)
    at eJ (/Users/knowprajjwal/LearningPlatform/node_modules/next/dist/compiled/next-server/app-page.runtime.dev.js:35:275365)
    at Timeout._onTimeout (/Users/knowprajjwal/LearningPlatform/node_modules/next/dist/compiled/next-server/app-page.runtime.dev.js:35:265152)
    at listOnTimeout (node:internal/timers:588:17)
    at process.processTimers (node:internal/timers:523:7)
[ 1306149ms] Error: Course not found: brsr
    at getCourse (webpack-internal:///(rsc)/./src/lib/courses.ts:48:15)
    at CourseLayout (webpack-internal:///(rsc)/./src/app/courses/[courseId]/layout.tsx:17:75)
    at e_ (/Users/knowprajjwal/LearningPlatform/node_modules/next/dist/compiled/next-server/app-page.runtime.dev.js:35:264164)
    at e (/Users/knowprajjwal/LearningPlatform/node_modules/next/dist/compiled/next-server/app-page.runtime.dev.js:35:268296)
    at eF (/Users/knowprajjwal/LearningPlatform/node_modules/next/dist/compiled/next-server/app-page.runtime.dev.js:35:268784)
    at eq (/Users/knowprajjwal/LearningPlatform/node_modules/next/dist/compiled/next-server/app-page.runtime.dev.js:35:274748)
    at ej (/Users/knowprajjwal/LearningPlatform/node_modules/next/dist/compiled/next-server/app-page.runtime.dev.js:35:264992)
    at e_ (/Users/knowprajjwal/LearningPlatform/node_modules/next/dist/compiled/next-server/app-page.runtime.dev.js:35:264034)
    at e (/Users/knowprajjwal/LearningPlatform/node_modules/next/dist/compiled/next-server/app-page.runtime.dev.js:35:268296)
    at eF (/Users/knowprajjwal/LearningPlatform/node_modules/next/dist/compiled/next-server/app-page.runtime.dev.js:35:268784)
    at /Users/knowprajjwal/LearningPlatform/node_modules/next/dist/compiled/next-server/app-page.runtime.dev.js:35:266015
    at Array.toJSON (/Users/knowprajjwal/LearningPlatform/node_modules/next/dist/compiled/next-server/app-page.runtime.dev.js:35:266479)
    at stringify (<anonymous>)
    at eq (/Users/knowprajjwal/LearningPlatform/node_modules/next/dist/compiled/next-server/app-page.runtime.dev.js:35:274847)
    at eJ (/Users/knowprajjwal/LearningPlatform/node_modules/next/dist/compiled/next-server/app-page.runtime.dev.js:35:275365)
    at Timeout._onTimeout (/Users/knowprajjwal/LearningPlatform/node_modules/next/dist/compiled/next-server/app-page.runtime.dev.js:35:265152)
    at listOnTimeout (node:internal/timers:588:17)
    at process.processTimers (node:internal/timers:523:7)
[ 1306150ms] [ERROR] The above error occurred in the <NotFoundErrorBoundary> component:

    at InnerLayoutRouter (webpack-internal:///(app-pages-browser)/./node_modules/next/dist/client/components/layout-router.js:243:11)
    at RedirectErrorBoundary (webpack-internal:///(app-pages-browser)/./node_modules/next/dist/client/components/redirect-boundary.js:74:9)
    at RedirectBoundary (webpack-internal:///(app-pages-browser)/./node_modules/next/dist/client/components/redirect-boundary.js:82:11)
    at NotFoundBoundary (webpack-internal:///(app-pages-browser)/./node_modules/next/dist/client/components/not-found-boundary.js:84:11)
    at LoadingBoundary (webpack-internal:///(app-pages-browser)/./node_modules/next/dist/client/components/layout-router.js:349:11)
    at ErrorBoundary (webpack-internal:///(app-pages-browser)/./node_modules/next/dist/client/components/error-boundary.js:160:11)
    at InnerScrollAndFocusHandler (webpack-internal:///(app-pages-browser)/./node_modules/next/dist/client/components/layout-router.js:153:9)
    at ScrollAndFocusHandler (webpack-internal:///(app-pages-browser)/./node_modules/next/dist/client/components/layout-router.js:228:11)
    at RenderFromTemplateContext (webpack-internal:///(app-pages-browser)/./node_modules/next/dist/client/components/render-from-template-context.js:16:44)
    at OuterLayoutRouter (webpack-internal:///(app-pages-browser)/./node_modules/next/dist/client/components/layout-router.js:370:11)
    at InnerLayoutRouter (webpack-internal:///(app-pages-browser)/./node_modules/next/dist/client/components/layout-router.js:243:11)
    at RedirectErrorBoundary (webpack-internal:///(app-pages-browser)/./node_modules/next/dist/client/components/redirect-boundary.js:74:9)
    at RedirectBoundary (webpack-internal:///(app-pages-browser)/./node_modules/next/dist/client/components/redirect-boundary.js:82:11)
    at NotFoundErrorBoundary (webpack-internal:///(app-pages-browser)/./node_modules/next/dist/client/components/not-found-boundary.js:76:9)
    at NotFoundBoundary (webpack-internal:///(app-pages-browser)/./node_modules/next/dist/client/components/not-found-boundary.js:84:11)
    at LoadingBoundary (webpack-internal:///(app-pages-browser)/./node_modules/next/dist/client/components/layout-router.js:349:11)
    at ErrorBoundary (webpack-internal:///(app-pages-browser)/./node_modules/next/dist/client/components/error-boundary.js:160:11)
    at InnerScrollAndFocusHandler (webpack-internal:///(app-pages-browser)/./node_modules/next/dist/client/components/layout-router.js:153:9)
    at ScrollAndFocusHandler (webpack-internal:///(app-pages-browser)/./node_modules/next/dist/client/components/layout-router.js:228:11)
    at RenderFromTemplateContext (webpack-internal:///(app-pages-browser)/./node_modules/next/dist/client/components/render-from-template-context.js:16:44)
    at OuterLayoutRouter (webpack-internal:///(app-pages-browser)/./node_modules/next/dist/client/components/layout-router.js:370:11)
    at __experimental_CheckoutProvider (webpack-internal:///(app-pages-browser)/./node_modules/@clerk/shared/dist/runtime/react/index.mjs:136:44)
    at SWRConfig (webpack-internal:///(app-pages-browser)/./node_modules/swr/dist/_internal/config-context-client-BoS53ST9.mjs:554:13)
    at SWRConfigCompat (webpack-internal:///(app-pages-browser)/./node_modules/@clerk/shared/dist/runtime/react/index.mjs:124:28)
    at OrganizationProvider (webpack-internal:///(app-pages-browser)/./node_modules/@clerk/shared/dist/runtime/react/index.mjs:148:33)
    at ClerkContextProvider (webpack-internal:///(app-pages-browser)/./node_modules/@clerk/clerk-react/dist/index.mjs:1849:11)
    at ClerkProviderBase (webpack-internal:///(app-pages-browser)/./node_modules/@clerk/clerk-react/dist/index.mjs:1941:11)
    at Hoc (webpack-internal:///(app-pages-browser)/./node_modules/@clerk/clerk-react/dist/chunk-THNCS7QR.mjs:84:5)
    at ClerkNextOptionsProvider (webpack-internal:///(app-pages-browser)/./node_modules/@clerk/nextjs/dist/esm/client-boundary/NextOptionsContext.js:17:11)
    at NextClientClerkProvider (webpack-internal:///(app-pages-browser)/./node_modules/@clerk/nextjs/dist/esm/app-router/client/ClerkProvider.js:62:13)
    at ClientClerkProvider (webpack-internal:///(app-pages-browser)/./node_modules/@clerk/nextjs/dist/esm/app-router/client/ClerkProvider.js:135:13)
    at ClerkProvider (Server)
    at body
    at html
    at RootLayout (Server)
    at RedirectErrorBoundary (webpack-internal:///(app-pages-browser)/./node_modules/next/dist/client/components/redirect-boundary.js:74:9)
    at RedirectBoundary (webpack-internal:///(app-pages-browser)/./node_modules/next/dist/client/components/redirect-boundary.js:82:11)
    at NotFoundErrorBoundary (webpack-internal:///(app-pages-browser)/./node_modules/next/dist/client/components/not-found-boundary.js:76:9)
    at NotFoundBoundary (webpack-internal:///(app-pages-browser)/./node_modules/next/dist/client/components/not-found-boundary.js:84:11)
    at DevRootNotFoundBoundary (webpack-internal:///(app-pages-browser)/./node_modules/next/dist/client/components/dev-root-not-found-boundary.js:33:11)
    at ReactDevOverlay (webpack-internal:///(app-pages-browser)/./node_modules/next/dist/client/components/react-dev-overlay/app/ReactDevOverlay.js:87:9)
    at HotReload (webpack-internal:///(app-pages-browser)/./node_modules/next/dist/client/components/react-dev-overlay/app/hot-reloader-client.js:321:11)
    at Router (webpack-internal:///(app-pages-browser)/./node_modules/next/dist/client/components/app-router.js:207:11)
    at ErrorBoundaryHandler (webpack-internal:///(app-pages-browser)/./node_modules/next/dist/client/components/error-boundary.js:113:9)
    at ErrorBoundary (webpack-internal:///(app-pages-browser)/./node_modules/next/dist/client/components/error-boundary.js:160:11)
    at AppRouter (webpack-internal:///(app-pages-browser)/./node_modules/next/dist/client/components/app-router.js:585:13)
    at ServerRoot (webpack-internal:///(app-pages-browser)/./node_modules/next/dist/client/app-index.js:112:27)
    at Root (webpack-internal:///(app-pages-browser)/./node_modules/next/dist/client/app-index.js:117:11)
    at ReactDevOverlay (webpack-internal:///(app-pages-browser)/./node_modules/next/dist/client/components/react-dev-overlay/app/ReactDevOverlay.js:87:9)

React will try to recreate this component tree from scratch using the error boundary you provided, ReactDevOverlay. @ webpack-internal:///(app-pages-browser)/./node_modules/next/dist/client/app-index.js:32
[ 1306636ms] [ERROR] Failed to load resource: the server responded with a status of 400 () @ https://clerk.greentryst.com/v1/environment?__clerk_api_version=2025-11-10&_clerk_js_version=5.125.7:0
[ 1306636ms] [ERROR] Failed to load resource: the server responded with a status of 400 () @ https://clerk.greentryst.com/v1/client?__clerk_api_version=2025-11-10&_clerk_js_version=5.125.7:0
[ 1306637ms] [ERROR] e: Clerk: Production Keys are only allowed for domain "greentryst.com". 
API Error: The Request HTTP Origin header must be equal to or a subdomain of the requesting URL.
    at https://clerk.greentryst.com/npm/@clerk/clerk-js@5/dist/clerk.browser.js:2:7182
    at u._baseFetch (https://clerk.greentryst.com/npm/@clerk/clerk-js@5/dist/clerk.browser.js:3:38)
    at async d.execute (https://clerk.greentryst.com/npm/@clerk/clerk-js@5/dist/clerk.browser.js:2:5226)
    at async s._baseGet (https://clerk.greentryst.com/npm/@clerk/clerk-js@5/dist/clerk.browser.js:3:567)
    at async Promise.all (index 1)
    at async #U (https://clerk.greentryst.com/npm/@clerk/clerk-js@5/dist/clerk.browser.js:5:73541)
    at async e5.load (https://clerk.greentryst.com/npm/@clerk/clerk-js@5/dist/clerk.browser.js:5:34322)
    at async _IsomorphicClerk.loadClerkJS (webpack-internal:///(app-pages-browser)/./node_modules/@clerk/clerk-react/dist/index.mjs:1746:9) @ webpack-internal:///(app-pages-browser)/./node_modules/next/dist/client/app-index.js:32
[ 1309638ms] [WARNING] The resource http://localhost:5001/_next/static/css/app/layout.css?v=1775994826868 was preloaded using link preload but not used within a few seconds from the window's load event. Please make sure it has an appropriate `as` value and it is preloaded intentionally. @ http://localhost:5001/courses/brsr:0
[ 1315657ms] [LOG] [Fast Refresh] rebuilding @ webpack-internal:///(app-pages-browser)/./node_modules/next/dist/client/components/react-dev-overlay/app/hot-reloader-client.js:186
[ 1316076ms] [WARNING] [Fast Refresh] performing full reload because your application had an unrecoverable error @ webpack-internal:///(app-pages-browser)/./node_modules/next/dist/client/components/react-dev-overlay/app/hot-reloader-client.js:114
[ 1316508ms] [ERROR] Failed to load resource: the server responded with a status of 500 (Internal Server Error) @ http://localhost:5001/courses/brsr:0
[ 1316642ms] [INFO] %cDownload the React DevTools for a better development experience: https://reactjs.org/link/react-devtools font-weight:bold @ webpack-internal:///(app-pages-browser)/./node_modules/next/dist/compiled/react-dom/cjs/react-dom.development.js:38559
[ 1316711ms] Error: Course not found: brsr
    at getCourse (webpack-internal:///(rsc)/./src/lib/courses.ts:48:15)
    at CourseLayout (webpack-internal:///(rsc)/./src/app/courses/[courseId]/layout.tsx:17:75)
    at e_ (/Users/knowprajjwal/LearningPlatform/node_modules/next/dist/compiled/next-server/app-page.runtime.dev.js:35:264164)
    at e (/Users/knowprajjwal/LearningPlatform/node_modules/next/dist/compiled/next-server/app-page.runtime.dev.js:35:268296)
    at eF (/Users/knowprajjwal/LearningPlatform/node_modules/next/dist/compiled/next-server/app-page.runtime.dev.js:35:268784)
    at eq (/Users/knowprajjwal/LearningPlatform/node_modules/next/dist/compiled/next-server/app-page.runtime.dev.js:35:274748)
    at ej (/Users/knowprajjwal/LearningPlatform/node_modules/next/dist/compiled/next-server/app-page.runtime.dev.js:35:264992)
    at e_ (/Users/knowprajjwal/LearningPlatform/node_modules/next/dist/compiled/next-server/app-page.runtime.dev.js:35:264034)
    at e (/Users/knowprajjwal/LearningPlatform/node_modules/next/dist/compiled/next-server/app-page.runtime.dev.js:35:268296)
    at eF (/Users/knowprajjwal/LearningPlatform/node_modules/next/dist/compiled/next-server/app-page.runtime.dev.js:35:268784)
    at /Users/knowprajjwal/LearningPlatform/node_modules/next/dist/compiled/next-server/app-page.runtime.dev.js:35:266015
    at Array.toJSON (/Users/knowprajjwal/LearningPlatform/node_modules/next/dist/compiled/next-server/app-page.runtime.dev.js:35:266479)
    at stringify (<anonymous>)
    at eq (/Users/knowprajjwal/LearningPlatform/node_modules/next/dist/compiled/next-server/app-page.runtime.dev.js:35:274847)
    at eJ (/Users/knowprajjwal/LearningPlatform/node_modules/next/dist/compiled/next-server/app-page.runtime.dev.js:35:275365)
    at Timeout._onTimeout (/Users/knowprajjwal/LearningPlatform/node_modules/next/dist/compiled/next-server/app-page.runtime.dev.js:35:265152)
    at listOnTimeout (node:internal/timers:588:17)
    at process.processTimers (node:internal/timers:523:7)
[ 1316713ms] Error: Course not found: brsr
    at getCourse (webpack-internal:///(rsc)/./src/lib/courses.ts:48:15)
    at CourseLayout (webpack-internal:///(rsc)/./src/app/courses/[courseId]/layout.tsx:17:75)
    at e_ (/Users/knowprajjwal/LearningPlatform/node_modules/next/dist/compiled/next-server/app-page.runtime.dev.js:35:264164)
    at e (/Users/knowprajjwal/LearningPlatform/node_modules/next/dist/compiled/next-server/app-page.runtime.dev.js:35:268296)
    at eF (/Users/knowprajjwal/LearningPlatform/node_modules/next/dist/compiled/next-server/app-page.runtime.dev.js:35:268784)
    at eq (/Users/knowprajjwal/LearningPlatform/node_modules/next/dist/compiled/next-server/app-page.runtime.dev.js:35:274748)
    at ej (/Users/knowprajjwal/LearningPlatform/node_modules/next/dist/compiled/next-server/app-page.runtime.dev.js:35:264992)
    at e_ (/Users/knowprajjwal/LearningPlatform/node_modules/next/dist/compiled/next-server/app-page.runtime.dev.js:35:264034)
    at e (/Users/knowprajjwal/LearningPlatform/node_modules/next/dist/compiled/next-server/app-page.runtime.dev.js:35:268296)
    at eF (/Users/knowprajjwal/LearningPlatform/node_modules/next/dist/compiled/next-server/app-page.runtime.dev.js:35:268784)
    at /Users/knowprajjwal/LearningPlatform/node_modules/next/dist/compiled/next-server/app-page.runtime.dev.js:35:266015
    at Array.toJSON (/Users/knowprajjwal/LearningPlatform/node_modules/next/dist/compiled/next-server/app-page.runtime.dev.js:35:266479)
    at stringify (<anonymous>)
    at eq (/Users/knowprajjwal/LearningPlatform/node_modules/next/dist/compiled/next-server/app-page.runtime.dev.js:35:274847)
    at eJ (/Users/knowprajjwal/LearningPlatform/node_modules/next/dist/compiled/next-server/app-page.runtime.dev.js:35:275365)
    at Timeout._onTimeout (/Users/knowprajjwal/LearningPlatform/node_modules/next/dist/compiled/next-server/app-page.runtime.dev.js:35:265152)
    at listOnTimeout (node:internal/timers:588:17)
    at process.processTimers (node:internal/timers:523:7)
[ 1316713ms] Error: Course not found: brsr
    at getCourse (webpack-internal:///(rsc)/./src/lib/courses.ts:48:15)
    at CourseLayout (webpack-internal:///(rsc)/./src/app/courses/[courseId]/layout.tsx:17:75)
    at e_ (/Users/knowprajjwal/LearningPlatform/node_modules/next/dist/compiled/next-server/app-page.runtime.dev.js:35:264164)
    at e (/Users/knowprajjwal/LearningPlatform/node_modules/next/dist/compiled/next-server/app-page.runtime.dev.js:35:268296)
    at eF (/Users/knowprajjwal/LearningPlatform/node_modules/next/dist/compiled/next-server/app-page.runtime.dev.js:35:268784)
    at eq (/Users/knowprajjwal/LearningPlatform/node_modules/next/dist/compiled/next-server/app-page.runtime.dev.js:35:274748)
    at ej (/Users/knowprajjwal/LearningPlatform/node_modules/next/dist/compiled/next-server/app-page.runtime.dev.js:35:264992)
    at e_ (/Users/knowprajjwal/LearningPlatform/node_modules/next/dist/compiled/next-server/app-page.runtime.dev.js:35:264034)
    at e (/Users/knowprajjwal/LearningPlatform/node_modules/next/dist/compiled/next-server/app-page.runtime.dev.js:35:268296)
    at eF (/Users/knowprajjwal/LearningPlatform/node_modules/next/dist/compiled/next-server/app-page.runtime.dev.js:35:268784)
    at /Users/knowprajjwal/LearningPlatform/node_modules/next/dist/compiled/next-server/app-page.runtime.dev.js:35:266015
    at Array.toJSON (/Users/knowprajjwal/LearningPlatform/node_modules/next/dist/compiled/next-server/app-page.runtime.dev.js:35:266479)
    at stringify (<anonymous>)
    at eq (/Users/knowprajjwal/LearningPlatform/node_modules/next/dist/compiled/next-server/app-page.runtime.dev.js:35:274847)
    at eJ (/Users/knowprajjwal/LearningPlatform/node_modules/next/dist/compiled/next-server/app-page.runtime.dev.js:35:275365)
    at Timeout._onTimeout (/Users/knowprajjwal/LearningPlatform/node_modules/next/dist/compiled/next-server/app-page.runtime.dev.js:35:265152)
    at listOnTimeout (node:internal/timers:588:17)
    at process.processTimers (node:internal/timers:523:7)
[ 1316713ms] Error: Course not found: brsr
    at getCourse (webpack-internal:///(rsc)/./src/lib/courses.ts:48:15)
    at CourseLayout (webpack-internal:///(rsc)/./src/app/courses/[courseId]/layout.tsx:17:75)
    at e_ (/Users/knowprajjwal/LearningPlatform/node_modules/next/dist/compiled/next-server/app-page.runtime.dev.js:35:264164)
    at e (/Users/knowprajjwal/LearningPlatform/node_modules/next/dist/compiled/next-server/app-page.runtime.dev.js:35:268296)
    at eF (/Users/knowprajjwal/LearningPlatform/node_modules/next/dist/compiled/next-server/app-page.runtime.dev.js:35:268784)
    at eq (/Users/knowprajjwal/LearningPlatform/node_modules/next/dist/compiled/next-server/app-page.runtime.dev.js:35:274748)
    at ej (/Users/knowprajjwal/LearningPlatform/node_modules/next/dist/compiled/next-server/app-page.runtime.dev.js:35:264992)
    at e_ (/Users/knowprajjwal/LearningPlatform/node_modules/next/dist/compiled/next-server/app-page.runtime.dev.js:35:264034)
    at e (/Users/knowprajjwal/LearningPlatform/node_modules/next/dist/compiled/next-server/app-page.runtime.dev.js:35:268296)
    at eF (/Users/knowprajjwal/LearningPlatform/node_modules/next/dist/compiled/next-server/app-page.runtime.dev.js:35:268784)
    at /Users/knowprajjwal/LearningPlatform/node_modules/next/dist/compiled/next-server/app-page.runtime.dev.js:35:266015
    at Array.toJSON (/Users/knowprajjwal/LearningPlatform/node_modules/next/dist/compiled/next-server/app-page.runtime.dev.js:35:266479)
    at stringify (<anonymous>)
    at eq (/Users/knowprajjwal/LearningPlatform/node_modules/next/dist/compiled/next-server/app-page.runtime.dev.js:35:274847)
    at eJ (/Users/knowprajjwal/LearningPlatform/node_modules/next/dist/compiled/next-server/app-page.runtime.dev.js:35:275365)
    at Timeout._onTimeout (/Users/knowprajjwal/LearningPlatform/node_modules/next/dist/compiled/next-server/app-page.runtime.dev.js:35:265152)
    at listOnTimeout (node:internal/timers:588:17)
    at process.processTimers (node:internal/timers:523:7)
[ 1316713ms] Error: Course not found: brsr
    at getCourse (webpack-internal:///(rsc)/./src/lib/courses.ts:48:15)
    at CourseLayout (webpack-internal:///(rsc)/./src/app/courses/[courseId]/layout.tsx:17:75)
    at e_ (/Users/knowprajjwal/LearningPlatform/node_modules/next/dist/compiled/next-server/app-page.runtime.dev.js:35:264164)
    at e (/Users/knowprajjwal/LearningPlatform/node_modules/next/dist/compiled/next-server/app-page.runtime.dev.js:35:268296)
    at eF (/Users/knowprajjwal/LearningPlatform/node_modules/next/dist/compiled/next-server/app-page.runtime.dev.js:35:268784)
    at eq (/Users/knowprajjwal/LearningPlatform/node_modules/next/dist/compiled/next-server/app-page.runtime.dev.js:35:274748)
    at ej (/Users/knowprajjwal/LearningPlatform/node_modules/next/dist/compiled/next-server/app-page.runtime.dev.js:35:264992)
    at e_ (/Users/knowprajjwal/LearningPlatform/node_modules/next/dist/compiled/next-server/app-page.runtime.dev.js:35:264034)
    at e (/Users/knowprajjwal/LearningPlatform/node_modules/next/dist/compiled/next-server/app-page.runtime.dev.js:35:268296)
    at eF (/Users/knowprajjwal/LearningPlatform/node_modules/next/dist/compiled/next-server/app-page.runtime.dev.js:35:268784)
    at /Users/knowprajjwal/LearningPlatform/node_modules/next/dist/compiled/next-server/app-page.runtime.dev.js:35:266015
    at Array.toJSON (/Users/knowprajjwal/LearningPlatform/node_modules/next/dist/compiled/next-server/app-page.runtime.dev.js:35:266479)
    at stringify (<anonymous>)
    at eq (/Users/knowprajjwal/LearningPlatform/node_modules/next/dist/compiled/next-server/app-page.runtime.dev.js:35:274847)
    at eJ (/Users/knowprajjwal/LearningPlatform/node_modules/next/dist/compiled/next-server/app-page.runtime.dev.js:35:275365)
    at Timeout._onTimeout (/Users/knowprajjwal/LearningPlatform/node_modules/next/dist/compiled/next-server/app-page.runtime.dev.js:35:265152)
    at listOnTimeout (node:internal/timers:588:17)
    at process.processTimers (node:internal/timers:523:7)
[ 1316713ms] Error: Course not found: brsr
    at getCourse (webpack-internal:///(rsc)/./src/lib/courses.ts:48:15)
    at CourseLayout (webpack-internal:///(rsc)/./src/app/courses/[courseId]/layout.tsx:17:75)
    at e_ (/Users/knowprajjwal/LearningPlatform/node_modules/next/dist/compiled/next-server/app-page.runtime.dev.js:35:264164)
    at e (/Users/knowprajjwal/LearningPlatform/node_modules/next/dist/compiled/next-server/app-page.runtime.dev.js:35:268296)
    at eF (/Users/knowprajjwal/LearningPlatform/node_modules/next/dist/compiled/next-server/app-page.runtime.dev.js:35:268784)
    at eq (/Users/knowprajjwal/LearningPlatform/node_modules/next/dist/compiled/next-server/app-page.runtime.dev.js:35:274748)
    at ej (/Users/knowprajjwal/LearningPlatform/node_modules/next/dist/compiled/next-server/app-page.runtime.dev.js:35:264992)
    at e_ (/Users/knowprajjwal/LearningPlatform/node_modules/next/dist/compiled/next-server/app-page.runtime.dev.js:35:264034)
    at e (/Users/knowprajjwal/LearningPlatform/node_modules/next/dist/compiled/next-server/app-page.runtime.dev.js:35:268296)
    at eF (/Users/knowprajjwal/LearningPlatform/node_modules/next/dist/compiled/next-server/app-page.runtime.dev.js:35:268784)
    at /Users/knowprajjwal/LearningPlatform/node_modules/next/dist/compiled/next-server/app-page.runtime.dev.js:35:266015
    at Array.toJSON (/Users/knowprajjwal/LearningPlatform/node_modules/next/dist/compiled/next-server/app-page.runtime.dev.js:35:266479)
    at stringify (<anonymous>)
    at eq (/Users/knowprajjwal/LearningPlatform/node_modules/next/dist/compiled/next-server/app-page.runtime.dev.js:35:274847)
    at eJ (/Users/knowprajjwal/LearningPlatform/node_modules/next/dist/compiled/next-server/app-page.runtime.dev.js:35:275365)
    at Timeout._onTimeout (/Users/knowprajjwal/LearningPlatform/node_modules/next/dist/compiled/next-server/app-page.runtime.dev.js:35:265152)
    at listOnTimeout (node:internal/timers:588:17)
    at process.processTimers (node:internal/timers:523:7)
[ 1316715ms] Error: Course not found: brsr
    at getCourse (webpack-internal:///(rsc)/./src/lib/courses.ts:48:15)
    at CourseLayout (webpack-internal:///(rsc)/./src/app/courses/[courseId]/layout.tsx:17:75)
    at e_ (/Users/knowprajjwal/LearningPlatform/node_modules/next/dist/compiled/next-server/app-page.runtime.dev.js:35:264164)
    at e (/Users/knowprajjwal/LearningPlatform/node_modules/next/dist/compiled/next-server/app-page.runtime.dev.js:35:268296)
    at eF (/Users/knowprajjwal/LearningPlatform/node_modules/next/dist/compiled/next-server/app-page.runtime.dev.js:35:268784)
    at eq (/Users/knowprajjwal/LearningPlatform/node_modules/next/dist/compiled/next-server/app-page.runtime.dev.js:35:274748)
    at ej (/Users/knowprajjwal/LearningPlatform/node_modules/next/dist/compiled/next-server/app-page.runtime.dev.js:35:264992)
    at e_ (/Users/knowprajjwal/LearningPlatform/node_modules/next/dist/compiled/next-server/app-page.runtime.dev.js:35:264034)
    at e (/Users/knowprajjwal/LearningPlatform/node_modules/next/dist/compiled/next-server/app-page.runtime.dev.js:35:268296)
    at eF (/Users/knowprajjwal/LearningPlatform/node_modules/next/dist/compiled/next-server/app-page.runtime.dev.js:35:268784)
    at /Users/knowprajjwal/LearningPlatform/node_modules/next/dist/compiled/next-server/app-page.runtime.dev.js:35:266015
    at Array.toJSON (/Users/knowprajjwal/LearningPlatform/node_modules/next/dist/compiled/next-server/app-page.runtime.dev.js:35:266479)
    at stringify (<anonymous>)
    at eq (/Users/knowprajjwal/LearningPlatform/node_modules/next/dist/compiled/next-server/app-page.runtime.dev.js:35:274847)
    at eJ (/Users/knowprajjwal/LearningPlatform/node_modules/next/dist/compiled/next-server/app-page.runtime.dev.js:35:275365)
    at Timeout._onTimeout (/Users/knowprajjwal/LearningPlatform/node_modules/next/dist/compiled/next-server/app-page.runtime.dev.js:35:265152)
    at listOnTimeout (node:internal/timers:588:17)
    at process.processTimers (node:internal/timers:523:7)
[ 1316715ms] Error: Course not found: brsr
    at getCourse (webpack-internal:///(rsc)/./src/lib/courses.ts:48:15)
    at CourseLayout (webpack-internal:///(rsc)/./src/app/courses/[courseId]/layout.tsx:17:75)
    at e_ (/Users/knowprajjwal/LearningPlatform/node_modules/next/dist/compiled/next-server/app-page.runtime.dev.js:35:264164)
    at e (/Users/knowprajjwal/LearningPlatform/node_modules/next/dist/compiled/next-server/app-page.runtime.dev.js:35:268296)
    at eF (/Users/knowprajjwal/LearningPlatform/node_modules/next/dist/compiled/next-server/app-page.runtime.dev.js:35:268784)
    at eq (/Users/knowprajjwal/LearningPlatform/node_modules/next/dist/compiled/next-server/app-page.runtime.dev.js:35:274748)
    at ej (/Users/knowprajjwal/LearningPlatform/node_modules/next/dist/compiled/next-server/app-page.runtime.dev.js:35:264992)
    at e_ (/Users/knowprajjwal/LearningPlatform/node_modules/next/dist/compiled/next-server/app-page.runtime.dev.js:35:264034)
    at e (/Users/knowprajjwal/LearningPlatform/node_modules/next/dist/compiled/next-server/app-page.runtime.dev.js:35:268296)
    at eF (/Users/knowprajjwal/LearningPlatform/node_modules/next/dist/compiled/next-server/app-page.runtime.dev.js:35:268784)
    at /Users/knowprajjwal/LearningPlatform/node_modules/next/dist/compiled/next-server/app-page.runtime.dev.js:35:266015
    at Array.toJSON (/Users/knowprajjwal/LearningPlatform/node_modules/next/dist/compiled/next-server/app-page.runtime.dev.js:35:266479)
    at stringify (<anonymous>)
    at eq (/Users/knowprajjwal/LearningPlatform/node_modules/next/dist/compiled/next-server/app-page.runtime.dev.js:35:274847)
    at eJ (/Users/knowprajjwal/LearningPlatform/node_modules/next/dist/compiled/next-server/app-page.runtime.dev.js:35:275365)
    at Timeout._onTimeout (/Users/knowprajjwal/LearningPlatform/node_modules/next/dist/compiled/next-server/app-page.runtime.dev.js:35:265152)
    at listOnTimeout (node:internal/timers:588:17)
    at process.processTimers (node:internal/timers:523:7)
[ 1316715ms] Error: Course not found: brsr
    at getCourse (webpack-internal:///(rsc)/./src/lib/courses.ts:48:15)
    at CourseLayout (webpack-internal:///(rsc)/./src/app/courses/[courseId]/layout.tsx:17:75)
    at e_ (/Users/knowprajjwal/LearningPlatform/node_modules/next/dist/compiled/next-server/app-page.runtime.dev.js:35:264164)
    at e (/Users/knowprajjwal/LearningPlatform/node_modules/next/dist/compiled/next-server/app-page.runtime.dev.js:35:268296)
    at eF (/Users/knowprajjwal/LearningPlatform/node_modules/next/dist/compiled/next-server/app-page.runtime.dev.js:35:268784)
    at eq (/Users/knowprajjwal/LearningPlatform/node_modules/next/dist/compiled/next-server/app-page.runtime.dev.js:35:274748)
    at ej (/Users/knowprajjwal/LearningPlatform/node_modules/next/dist/compiled/next-server/app-page.runtime.dev.js:35:264992)
    at e_ (/Users/knowprajjwal/LearningPlatform/node_modules/next/dist/compiled/next-server/app-page.runtime.dev.js:35:264034)
    at e (/Users/knowprajjwal/LearningPlatform/node_modules/next/dist/compiled/next-server/app-page.runtime.dev.js:35:268296)
    at eF (/Users/knowprajjwal/LearningPlatform/node_modules/next/dist/compiled/next-server/app-page.runtime.dev.js:35:268784)
    at /Users/knowprajjwal/LearningPlatform/node_modules/next/dist/compiled/next-server/app-page.runtime.dev.js:35:266015
    at Array.toJSON (/Users/knowprajjwal/LearningPlatform/node_modules/next/dist/compiled/next-server/app-page.runtime.dev.js:35:266479)
    at stringify (<anonymous>)
    at eq (/Users/knowprajjwal/LearningPlatform/node_modules/next/dist/compiled/next-server/app-page.runtime.dev.js:35:274847)
    at eJ (/Users/knowprajjwal/LearningPlatform/node_modules/next/dist/compiled/next-server/app-page.runtime.dev.js:35:275365)
    at Timeout._onTimeout (/Users/knowprajjwal/LearningPlatform/node_modules/next/dist/compiled/next-server/app-page.runtime.dev.js:35:265152)
    at listOnTimeout (node:internal/timers:588:17)
    at process.processTimers (node:internal/timers:523:7)
[ 1316715ms] Error: Course not found: brsr
    at getCourse (webpack-internal:///(rsc)/./src/lib/courses.ts:48:15)
    at CourseLayout (webpack-internal:///(rsc)/./src/app/courses/[courseId]/layout.tsx:17:75)
    at e_ (/Users/knowprajjwal/LearningPlatform/node_modules/next/dist/compiled/next-server/app-page.runtime.dev.js:35:264164)
    at e (/Users/knowprajjwal/LearningPlatform/node_modules/next/dist/compiled/next-server/app-page.runtime.dev.js:35:268296)
    at eF (/Users/knowprajjwal/LearningPlatform/node_modules/next/dist/compiled/next-server/app-page.runtime.dev.js:35:268784)
    at eq (/Users/knowprajjwal/LearningPlatform/node_modules/next/dist/compiled/next-server/app-page.runtime.dev.js:35:274748)
    at ej (/Users/knowprajjwal/LearningPlatform/node_modules/next/dist/compiled/next-server/app-page.runtime.dev.js:35:264992)
    at e_ (/Users/knowprajjwal/LearningPlatform/node_modules/next/dist/compiled/next-server/app-page.runtime.dev.js:35:264034)
    at e (/Users/knowprajjwal/LearningPlatform/node_modules/next/dist/compiled/next-server/app-page.runtime.dev.js:35:268296)
    at eF (/Users/knowprajjwal/LearningPlatform/node_modules/next/dist/compiled/next-server/app-page.runtime.dev.js:35:268784)
    at /Users/knowprajjwal/LearningPlatform/node_modules/next/dist/compiled/next-server/app-page.runtime.dev.js:35:266015
    at Array.toJSON (/Users/knowprajjwal/LearningPlatform/node_modules/next/dist/compiled/next-server/app-page.runtime.dev.js:35:266479)
    at stringify (<anonymous>)
    at eq (/Users/knowprajjwal/LearningPlatform/node_modules/next/dist/compiled/next-server/app-page.runtime.dev.js:35:274847)
    at eJ (/Users/knowprajjwal/LearningPlatform/node_modules/next/dist/compiled/next-server/app-page.runtime.dev.js:35:275365)
    at Timeout._onTimeout (/Users/knowprajjwal/LearningPlatform/node_modules/next/dist/compiled/next-server/app-page.runtime.dev.js:35:265152)
    at listOnTimeout (node:internal/timers:588:17)
    at process.processTimers (node:internal/timers:523:7)
[ 1316716ms] Error: Course not found: brsr
    at getCourse (webpack-internal:///(rsc)/./src/lib/courses.ts:48:15)
    at CourseLayout (webpack-internal:///(rsc)/./src/app/courses/[courseId]/layout.tsx:17:75)
    at e_ (/Users/knowprajjwal/LearningPlatform/node_modules/next/dist/compiled/next-server/app-page.runtime.dev.js:35:264164)
    at e (/Users/knowprajjwal/LearningPlatform/node_modules/next/dist/compiled/next-server/app-page.runtime.dev.js:35:268296)
    at eF (/Users/knowprajjwal/LearningPlatform/node_modules/next/dist/compiled/next-server/app-page.runtime.dev.js:35:268784)
    at eq (/Users/knowprajjwal/LearningPlatform/node_modules/next/dist/compiled/next-server/app-page.runtime.dev.js:35:274748)
    at ej (/Users/knowprajjwal/LearningPlatform/node_modules/next/dist/compiled/next-server/app-page.runtime.dev.js:35:264992)
    at e_ (/Users/knowprajjwal/LearningPlatform/node_modules/next/dist/compiled/next-server/app-page.runtime.dev.js:35:264034)
    at e (/Users/knowprajjwal/LearningPlatform/node_modules/next/dist/compiled/next-server/app-page.runtime.dev.js:35:268296)
    at eF (/Users/knowprajjwal/LearningPlatform/node_modules/next/dist/compiled/next-server/app-page.runtime.dev.js:35:268784)
    at /Users/knowprajjwal/LearningPlatform/node_modules/next/dist/compiled/next-server/app-page.runtime.dev.js:35:266015
    at Array.toJSON (/Users/knowprajjwal/LearningPlatform/node_modules/next/dist/compiled/next-server/app-page.runtime.dev.js:35:266479)
    at stringify (<anonymous>)
    at eq (/Users/knowprajjwal/LearningPlatform/node_modules/next/dist/compiled/next-server/app-page.runtime.dev.js:35:274847)
    at eJ (/Users/knowprajjwal/LearningPlatform/node_modules/next/dist/compiled/next-server/app-page.runtime.dev.js:35:275365)
    at Timeout._onTimeout (/Users/knowprajjwal/LearningPlatform/node_modules/next/dist/compiled/next-server/app-page.runtime.dev.js:35:265152)
    at listOnTimeout (node:internal/timers:588:17)
    at process.processTimers (node:internal/timers:523:7)
[ 1316717ms] Error: Course not found: brsr
    at getCourse (webpack-internal:///(rsc)/./src/lib/courses.ts:48:15)
    at CourseLayout (webpack-internal:///(rsc)/./src/app/courses/[courseId]/layout.tsx:17:75)
    at e_ (/Users/knowprajjwal/LearningPlatform/node_modules/next/dist/compiled/next-server/app-page.runtime.dev.js:35:264164)
    at e (/Users/knowprajjwal/LearningPlatform/node_modules/next/dist/compiled/next-server/app-page.runtime.dev.js:35:268296)
    at eF (/Users/knowprajjwal/LearningPlatform/node_modules/next/dist/compiled/next-server/app-page.runtime.dev.js:35:268784)
    at eq (/Users/knowprajjwal/LearningPlatform/node_modules/next/dist/compiled/next-server/app-page.runtime.dev.js:35:274748)
    at ej (/Users/knowprajjwal/LearningPlatform/node_modules/next/dist/compiled/next-server/app-page.runtime.dev.js:35:264992)
    at e_ (/Users/knowprajjwal/LearningPlatform/node_modules/next/dist/compiled/next-server/app-page.runtime.dev.js:35:264034)
    at e (/Users/knowprajjwal/LearningPlatform/node_modules/next/dist/compiled/next-server/app-page.runtime.dev.js:35:268296)
    at eF (/Users/knowprajjwal/LearningPlatform/node_modules/next/dist/compiled/next-server/app-page.runtime.dev.js:35:268784)
    at /Users/knowprajjwal/LearningPlatform/node_modules/next/dist/compiled/next-server/app-page.runtime.dev.js:35:266015
    at Array.toJSON (/Users/knowprajjwal/LearningPlatform/node_modules/next/dist/compiled/next-server/app-page.runtime.dev.js:35:266479)
    at stringify (<anonymous>)
    at eq (/Users/knowprajjwal/LearningPlatform/node_modules/next/dist/compiled/next-server/app-page.runtime.dev.js:35:274847)
    at eJ (/Users/knowprajjwal/LearningPlatform/node_modules/next/dist/compiled/next-server/app-page.runtime.dev.js:35:275365)
    at Timeout._onTimeout (/Users/knowprajjwal/LearningPlatform/node_modules/next/dist/compiled/next-server/app-page.runtime.dev.js:35:265152)
    at listOnTimeout (node:internal/timers:588:17)
    at process.processTimers (node:internal/timers:523:7)
[ 1316716ms] [ERROR] The above error occurred in the <NotFoundErrorBoundary> component:

    at InnerLayoutRouter (webpack-internal:///(app-pages-browser)/./node_modules/next/dist/client/components/layout-router.js:243:11)
    at RedirectErrorBoundary (webpack-internal:///(app-pages-browser)/./node_modules/next/dist/client/components/redirect-boundary.js:74:9)
    at RedirectBoundary (webpack-internal:///(app-pages-browser)/./node_modules/next/dist/client/components/redirect-boundary.js:82:11)
    at NotFoundBoundary (webpack-internal:///(app-pages-browser)/./node_modules/next/dist/client/components/not-found-boundary.js:84:11)
    at LoadingBoundary (webpack-internal:///(app-pages-browser)/./node_modules/next/dist/client/components/layout-router.js:349:11)
    at ErrorBoundary (webpack-internal:///(app-pages-browser)/./node_modules/next/dist/client/components/error-boundary.js:160:11)
    at InnerScrollAndFocusHandler (webpack-internal:///(app-pages-browser)/./node_modules/next/dist/client/components/layout-router.js:153:9)
    at ScrollAndFocusHandler (webpack-internal:///(app-pages-browser)/./node_modules/next/dist/client/components/layout-router.js:228:11)
    at RenderFromTemplateContext (webpack-internal:///(app-pages-browser)/./node_modules/next/dist/client/components/render-from-template-context.js:16:44)
    at OuterLayoutRouter (webpack-internal:///(app-pages-browser)/./node_modules/next/dist/client/components/layout-router.js:370:11)
    at InnerLayoutRouter (webpack-internal:///(app-pages-browser)/./node_modules/next/dist/client/components/layout-router.js:243:11)
    at RedirectErrorBoundary (webpack-internal:///(app-pages-browser)/./node_modules/next/dist/client/components/redirect-boundary.js:74:9)
    at RedirectBoundary (webpack-internal:///(app-pages-browser)/./node_modules/next/dist/client/components/redirect-boundary.js:82:11)
    at NotFoundErrorBoundary (webpack-internal:///(app-pages-browser)/./node_modules/next/dist/client/components/not-found-boundary.js:76:9)
    at NotFoundBoundary (webpack-internal:///(app-pages-browser)/./node_modules/next/dist/client/components/not-found-boundary.js:84:11)
    at LoadingBoundary (webpack-internal:///(app-pages-browser)/./node_modules/next/dist/client/components/layout-router.js:349:11)
    at ErrorBoundary (webpack-internal:///(app-pages-browser)/./node_modules/next/dist/client/components/error-boundary.js:160:11)
    at InnerScrollAndFocusHandler (webpack-internal:///(app-pages-browser)/./node_modules/next/dist/client/components/layout-router.js:153:9)
    at ScrollAndFocusHandler (webpack-internal:///(app-pages-browser)/./node_modules/next/dist/client/components/layout-router.js:228:11)
    at RenderFromTemplateContext (webpack-internal:///(app-pages-browser)/./node_modules/next/dist/client/components/render-from-template-context.js:16:44)
    at OuterLayoutRouter (webpack-internal:///(app-pages-browser)/./node_modules/next/dist/client/components/layout-router.js:370:11)
    at __experimental_CheckoutProvider (webpack-internal:///(app-pages-browser)/./node_modules/@clerk/shared/dist/runtime/react/index.mjs:136:44)
    at SWRConfig (webpack-internal:///(app-pages-browser)/./node_modules/swr/dist/_internal/config-context-client-BoS53ST9.mjs:554:13)
    at SWRConfigCompat (webpack-internal:///(app-pages-browser)/./node_modules/@clerk/shared/dist/runtime/react/index.mjs:124:28)
    at OrganizationProvider (webpack-internal:///(app-pages-browser)/./node_modules/@clerk/shared/dist/runtime/react/index.mjs:148:33)
    at ClerkContextProvider (webpack-internal:///(app-pages-browser)/./node_modules/@clerk/clerk-react/dist/index.mjs:1849:11)
    at ClerkProviderBase (webpack-internal:///(app-pages-browser)/./node_modules/@clerk/clerk-react/dist/index.mjs:1941:11)
    at Hoc (webpack-internal:///(app-pages-browser)/./node_modules/@clerk/clerk-react/dist/chunk-THNCS7QR.mjs:84:5)
    at ClerkNextOptionsProvider (webpack-internal:///(app-pages-browser)/./node_modules/@clerk/nextjs/dist/esm/client-boundary/NextOptionsContext.js:17:11)
    at NextClientClerkProvider (webpack-internal:///(app-pages-browser)/./node_modules/@clerk/nextjs/dist/esm/app-router/client/ClerkProvider.js:62:13)
    at ClientClerkProvider (webpack-internal:///(app-pages-browser)/./node_modules/@clerk/nextjs/dist/esm/app-router/client/ClerkProvider.js:135:13)
    at ClerkProvider (Server)
    at body
    at html
    at RootLayout (Server)
    at RedirectErrorBoundary (webpack-internal:///(app-pages-browser)/./node_modules/next/dist/client/components/redirect-boundary.js:74:9)
    at RedirectBoundary (webpack-internal:///(app-pages-browser)/./node_modules/next/dist/client/components/redirect-boundary.js:82:11)
    at NotFoundErrorBoundary (webpack-internal:///(app-pages-browser)/./node_modules/next/dist/client/components/not-found-boundary.js:76:9)
    at NotFoundBoundary (webpack-internal:///(app-pages-browser)/./node_modules/next/dist/client/components/not-found-boundary.js:84:11)
    at DevRootNotFoundBoundary (webpack-internal:///(app-pages-browser)/./node_modules/next/dist/client/components/dev-root-not-found-boundary.js:33:11)
    at ReactDevOverlay (webpack-internal:///(app-pages-browser)/./node_modules/next/dist/client/components/react-dev-overlay/app/ReactDevOverlay.js:87:9)
    at HotReload (webpack-internal:///(app-pages-browser)/./node_modules/next/dist/client/components/react-dev-overlay/app/hot-reloader-client.js:321:11)
    at Router (webpack-internal:///(app-pages-browser)/./node_modules/next/dist/client/components/app-router.js:207:11)
    at ErrorBoundaryHandler (webpack-internal:///(app-pages-browser)/./node_modules/next/dist/client/components/error-boundary.js:113:9)
    at ErrorBoundary (webpack-internal:///(app-pages-browser)/./node_modules/next/dist/client/components/error-boundary.js:160:11)
    at AppRouter (webpack-internal:///(app-pages-browser)/./node_modules/next/dist/client/components/app-router.js:585:13)
    at ServerRoot (webpack-internal:///(app-pages-browser)/./node_modules/next/dist/client/app-index.js:112:27)
    at Root (webpack-internal:///(app-pages-browser)/./node_modules/next/dist/client/app-index.js:117:11)
    at ReactDevOverlay (webpack-internal:///(app-pages-browser)/./node_modules/next/dist/client/components/react-dev-overlay/app/ReactDevOverlay.js:87:9)

React will try to recreate this component tree from scratch using the error boundary you provided, ReactDevOverlay. @ webpack-internal:///(app-pages-browser)/./node_modules/next/dist/client/app-index.js:32
[ 1317183ms] [ERROR] Failed to load resource: the server responded with a status of 400 () @ https://clerk.greentryst.com/v1/client?__clerk_api_version=2025-11-10&_clerk_js_version=5.125.7:0
[ 1317184ms] [ERROR] Failed to load resource: the server responded with a status of 400 () @ https://clerk.greentryst.com/v1/environment?__clerk_api_version=2025-11-10&_clerk_js_version=5.125.7:0
[ 1317184ms] [ERROR] e: Clerk: Production Keys are only allowed for domain "greentryst.com". 
API Error: The Request HTTP Origin header must be equal to or a subdomain of the requesting URL.
    at https://clerk.greentryst.com/npm/@clerk/clerk-js@5/dist/clerk.browser.js:2:7182
    at u._baseFetch (https://clerk.greentryst.com/npm/@clerk/clerk-js@5/dist/clerk.browser.js:3:38)
    at async d.execute (https://clerk.greentryst.com/npm/@clerk/clerk-js@5/dist/clerk.browser.js:2:5226)
    at async s._baseGet (https://clerk.greentryst.com/npm/@clerk/clerk-js@5/dist/clerk.browser.js:3:567)
    at async Promise.all (index 1)
    at async #U (https://clerk.greentryst.com/npm/@clerk/clerk-js@5/dist/clerk.browser.js:5:73541)
    at async e5.load (https://clerk.greentryst.com/npm/@clerk/clerk-js@5/dist/clerk.browser.js:5:34322)
    at async _IsomorphicClerk.loadClerkJS (webpack-internal:///(app-pages-browser)/./node_modules/@clerk/clerk-react/dist/index.mjs:1746:9) @ webpack-internal:///(app-pages-browser)/./node_modules/next/dist/client/app-index.js:32
[ 1320186ms] [WARNING] The resource http://localhost:5001/_next/static/css/app/layout.css?v=1775994837448 was preloaded using link preload but not used within a few seconds from the window's load event. Please make sure it has an appropriate `as` value and it is preloaded intentionally. @ http://localhost:5001/courses/brsr:0
[ 1330530ms] [LOG] [Fast Refresh] rebuilding @ webpack-internal:///(app-pages-browser)/./node_modules/next/dist/client/components/react-dev-overlay/app/hot-reloader-client.js:186
[ 1330921ms] [WARNING] [Fast Refresh] performing full reload because your application had an unrecoverable error @ webpack-internal:///(app-pages-browser)/./node_modules/next/dist/client/components/react-dev-overlay/app/hot-reloader-client.js:114
[ 1331365ms] [ERROR] Failed to load resource: the server responded with a status of 500 (Internal Server Error) @ http://localhost:5001/courses/brsr:0
[ 1331511ms] [INFO] %cDownload the React DevTools for a better development experience: https://reactjs.org/link/react-devtools font-weight:bold @ webpack-internal:///(app-pages-browser)/./node_modules/next/dist/compiled/react-dom/cjs/react-dom.development.js:38559
[ 1331577ms] Error: Course not found: brsr
    at getCourse (webpack-internal:///(rsc)/./src/lib/courses.ts:48:15)
    at CourseLayout (webpack-internal:///(rsc)/./src/app/courses/[courseId]/layout.tsx:17:75)
    at e_ (/Users/knowprajjwal/LearningPlatform/node_modules/next/dist/compiled/next-server/app-page.runtime.dev.js:35:264164)
    at e (/Users/knowprajjwal/LearningPlatform/node_modules/next/dist/compiled/next-server/app-page.runtime.dev.js:35:268296)
    at eF (/Users/knowprajjwal/LearningPlatform/node_modules/next/dist/compiled/next-server/app-page.runtime.dev.js:35:268784)
    at eq (/Users/knowprajjwal/LearningPlatform/node_modules/next/dist/compiled/next-server/app-page.runtime.dev.js:35:274748)
    at ej (/Users/knowprajjwal/LearningPlatform/node_modules/next/dist/compiled/next-server/app-page.runtime.dev.js:35:264992)
    at e_ (/Users/knowprajjwal/LearningPlatform/node_modules/next/dist/compiled/next-server/app-page.runtime.dev.js:35:264034)
    at e (/Users/knowprajjwal/LearningPlatform/node_modules/next/dist/compiled/next-server/app-page.runtime.dev.js:35:268296)
    at eF (/Users/knowprajjwal/LearningPlatform/node_modules/next/dist/compiled/next-server/app-page.runtime.dev.js:35:268784)
    at /Users/knowprajjwal/LearningPlatform/node_modules/next/dist/compiled/next-server/app-page.runtime.dev.js:35:266015
    at Array.toJSON (/Users/knowprajjwal/LearningPlatform/node_modules/next/dist/compiled/next-server/app-page.runtime.dev.js:35:266479)
    at stringify (<anonymous>)
    at eq (/Users/knowprajjwal/LearningPlatform/node_modules/next/dist/compiled/next-server/app-page.runtime.dev.js:35:274847)
    at eJ (/Users/knowprajjwal/LearningPlatform/node_modules/next/dist/compiled/next-server/app-page.runtime.dev.js:35:275365)
    at Timeout._onTimeout (/Users/knowprajjwal/LearningPlatform/node_modules/next/dist/compiled/next-server/app-page.runtime.dev.js:35:265152)
    at listOnTimeout (node:internal/timers:588:17)
    at process.processTimers (node:internal/timers:523:7)
[ 1331580ms] Error: Course not found: brsr
    at getCourse (webpack-internal:///(rsc)/./src/lib/courses.ts:48:15)
    at CourseLayout (webpack-internal:///(rsc)/./src/app/courses/[courseId]/layout.tsx:17:75)
    at e_ (/Users/knowprajjwal/LearningPlatform/node_modules/next/dist/compiled/next-server/app-page.runtime.dev.js:35:264164)
    at e (/Users/knowprajjwal/LearningPlatform/node_modules/next/dist/compiled/next-server/app-page.runtime.dev.js:35:268296)
    at eF (/Users/knowprajjwal/LearningPlatform/node_modules/next/dist/compiled/next-server/app-page.runtime.dev.js:35:268784)
    at eq (/Users/knowprajjwal/LearningPlatform/node_modules/next/dist/compiled/next-server/app-page.runtime.dev.js:35:274748)
    at ej (/Users/knowprajjwal/LearningPlatform/node_modules/next/dist/compiled/next-server/app-page.runtime.dev.js:35:264992)
    at e_ (/Users/knowprajjwal/LearningPlatform/node_modules/next/dist/compiled/next-server/app-page.runtime.dev.js:35:264034)
    at e (/Users/knowprajjwal/LearningPlatform/node_modules/next/dist/compiled/next-server/app-page.runtime.dev.js:35:268296)
    at eF (/Users/knowprajjwal/LearningPlatform/node_modules/next/dist/compiled/next-server/app-page.runtime.dev.js:35:268784)
    at /Users/knowprajjwal/LearningPlatform/node_modules/next/dist/compiled/next-server/app-page.runtime.dev.js:35:266015
    at Array.toJSON (/Users/knowprajjwal/LearningPlatform/node_modules/next/dist/compiled/next-server/app-page.runtime.dev.js:35:266479)
    at stringify (<anonymous>)
    at eq (/Users/knowprajjwal/LearningPlatform/node_modules/next/dist/compiled/next-server/app-page.runtime.dev.js:35:274847)
    at eJ (/Users/knowprajjwal/LearningPlatform/node_modules/next/dist/compiled/next-server/app-page.runtime.dev.js:35:275365)
    at Timeout._onTimeout (/Users/knowprajjwal/LearningPlatform/node_modules/next/dist/compiled/next-server/app-page.runtime.dev.js:35:265152)
    at listOnTimeout (node:internal/timers:588:17)
    at process.processTimers (node:internal/timers:523:7)
[ 1331580ms] Error: Course not found: brsr
    at getCourse (webpack-internal:///(rsc)/./src/lib/courses.ts:48:15)
    at CourseLayout (webpack-internal:///(rsc)/./src/app/courses/[courseId]/layout.tsx:17:75)
    at e_ (/Users/knowprajjwal/LearningPlatform/node_modules/next/dist/compiled/next-server/app-page.runtime.dev.js:35:264164)
    at e (/Users/knowprajjwal/LearningPlatform/node_modules/next/dist/compiled/next-server/app-page.runtime.dev.js:35:268296)
    at eF (/Users/knowprajjwal/LearningPlatform/node_modules/next/dist/compiled/next-server/app-page.runtime.dev.js:35:268784)
    at eq (/Users/knowprajjwal/LearningPlatform/node_modules/next/dist/compiled/next-server/app-page.runtime.dev.js:35:274748)
    at ej (/Users/knowprajjwal/LearningPlatform/node_modules/next/dist/compiled/next-server/app-page.runtime.dev.js:35:264992)
    at e_ (/Users/knowprajjwal/LearningPlatform/node_modules/next/dist/compiled/next-server/app-page.runtime.dev.js:35:264034)
    at e (/Users/knowprajjwal/LearningPlatform/node_modules/next/dist/compiled/next-server/app-page.runtime.dev.js:35:268296)
    at eF (/Users/knowprajjwal/LearningPlatform/node_modules/next/dist/compiled/next-server/app-page.runtime.dev.js:35:268784)
    at /Users/knowprajjwal/LearningPlatform/node_modules/next/dist/compiled/next-server/app-page.runtime.dev.js:35:266015
    at Array.toJSON (/Users/knowprajjwal/LearningPlatform/node_modules/next/dist/compiled/next-server/app-page.runtime.dev.js:35:266479)
    at stringify (<anonymous>)
    at eq (/Users/knowprajjwal/LearningPlatform/node_modules/next/dist/compiled/next-server/app-page.runtime.dev.js:35:274847)
    at eJ (/Users/knowprajjwal/LearningPlatform/node_modules/next/dist/compiled/next-server/app-page.runtime.dev.js:35:275365)
    at Timeout._onTimeout (/Users/knowprajjwal/LearningPlatform/node_modules/next/dist/compiled/next-server/app-page.runtime.dev.js:35:265152)
    at listOnTimeout (node:internal/timers:588:17)
    at process.processTimers (node:internal/timers:523:7)
[ 1331580ms] Error: Course not found: brsr
    at getCourse (webpack-internal:///(rsc)/./src/lib/courses.ts:48:15)
    at CourseLayout (webpack-internal:///(rsc)/./src/app/courses/[courseId]/layout.tsx:17:75)
    at e_ (/Users/knowprajjwal/LearningPlatform/node_modules/next/dist/compiled/next-server/app-page.runtime.dev.js:35:264164)
    at e (/Users/knowprajjwal/LearningPlatform/node_modules/next/dist/compiled/next-server/app-page.runtime.dev.js:35:268296)
    at eF (/Users/knowprajjwal/LearningPlatform/node_modules/next/dist/compiled/next-server/app-page.runtime.dev.js:35:268784)
    at eq (/Users/knowprajjwal/LearningPlatform/node_modules/next/dist/compiled/next-server/app-page.runtime.dev.js:35:274748)
    at ej (/Users/knowprajjwal/LearningPlatform/node_modules/next/dist/compiled/next-server/app-page.runtime.dev.js:35:264992)
    at e_ (/Users/knowprajjwal/LearningPlatform/node_modules/next/dist/compiled/next-server/app-page.runtime.dev.js:35:264034)
    at e (/Users/knowprajjwal/LearningPlatform/node_modules/next/dist/compiled/next-server/app-page.runtime.dev.js:35:268296)
    at eF (/Users/knowprajjwal/LearningPlatform/node_modules/next/dist/compiled/next-server/app-page.runtime.dev.js:35:268784)
    at /Users/knowprajjwal/LearningPlatform/node_modules/next/dist/compiled/next-server/app-page.runtime.dev.js:35:266015
    at Array.toJSON (/Users/knowprajjwal/LearningPlatform/node_modules/next/dist/compiled/next-server/app-page.runtime.dev.js:35:266479)
    at stringify (<anonymous>)
    at eq (/Users/knowprajjwal/LearningPlatform/node_modules/next/dist/compiled/next-server/app-page.runtime.dev.js:35:274847)
    at eJ (/Users/knowprajjwal/LearningPlatform/node_modules/next/dist/compiled/next-server/app-page.runtime.dev.js:35:275365)
    at Timeout._onTimeout (/Users/knowprajjwal/LearningPlatform/node_modules/next/dist/compiled/next-server/app-page.runtime.dev.js:35:265152)
    at listOnTimeout (node:internal/timers:588:17)
    at process.processTimers (node:internal/timers:523:7)
[ 1331580ms] Error: Course not found: brsr
    at getCourse (webpack-internal:///(rsc)/./src/lib/courses.ts:48:15)
    at CourseLayout (webpack-internal:///(rsc)/./src/app/courses/[courseId]/layout.tsx:17:75)
    at e_ (/Users/knowprajjwal/LearningPlatform/node_modules/next/dist/compiled/next-server/app-page.runtime.dev.js:35:264164)
    at e (/Users/knowprajjwal/LearningPlatform/node_modules/next/dist/compiled/next-server/app-page.runtime.dev.js:35:268296)
    at eF (/Users/knowprajjwal/LearningPlatform/node_modules/next/dist/compiled/next-server/app-page.runtime.dev.js:35:268784)
    at eq (/Users/knowprajjwal/LearningPlatform/node_modules/next/dist/compiled/next-server/app-page.runtime.dev.js:35:274748)
    at ej (/Users/knowprajjwal/LearningPlatform/node_modules/next/dist/compiled/next-server/app-page.runtime.dev.js:35:264992)
    at e_ (/Users/knowprajjwal/LearningPlatform/node_modules/next/dist/compiled/next-server/app-page.runtime.dev.js:35:264034)
    at e (/Users/knowprajjwal/LearningPlatform/node_modules/next/dist/compiled/next-server/app-page.runtime.dev.js:35:268296)
    at eF (/Users/knowprajjwal/LearningPlatform/node_modules/next/dist/compiled/next-server/app-page.runtime.dev.js:35:268784)
    at /Users/knowprajjwal/LearningPlatform/node_modules/next/dist/compiled/next-server/app-page.runtime.dev.js:35:266015
    at Array.toJSON (/Users/knowprajjwal/LearningPlatform/node_modules/next/dist/compiled/next-server/app-page.runtime.dev.js:35:266479)
    at stringify (<anonymous>)
    at eq (/Users/knowprajjwal/LearningPlatform/node_modules/next/dist/compiled/next-server/app-page.runtime.dev.js:35:274847)
    at eJ (/Users/knowprajjwal/LearningPlatform/node_modules/next/dist/compiled/next-server/app-page.runtime.dev.js:35:275365)
    at Timeout._onTimeout (/Users/knowprajjwal/LearningPlatform/node_modules/next/dist/compiled/next-server/app-page.runtime.dev.js:35:265152)
    at listOnTimeout (node:internal/timers:588:17)
    at process.processTimers (node:internal/timers:523:7)
[ 1331580ms] Error: Course not found: brsr
    at getCourse (webpack-internal:///(rsc)/./src/lib/courses.ts:48:15)
    at CourseLayout (webpack-internal:///(rsc)/./src/app/courses/[courseId]/layout.tsx:17:75)
    at e_ (/Users/knowprajjwal/LearningPlatform/node_modules/next/dist/compiled/next-server/app-page.runtime.dev.js:35:264164)
    at e (/Users/knowprajjwal/LearningPlatform/node_modules/next/dist/compiled/next-server/app-page.runtime.dev.js:35:268296)
    at eF (/Users/knowprajjwal/LearningPlatform/node_modules/next/dist/compiled/next-server/app-page.runtime.dev.js:35:268784)
    at eq (/Users/knowprajjwal/LearningPlatform/node_modules/next/dist/compiled/next-server/app-page.runtime.dev.js:35:274748)
    at ej (/Users/knowprajjwal/LearningPlatform/node_modules/next/dist/compiled/next-server/app-page.runtime.dev.js:35:264992)
    at e_ (/Users/knowprajjwal/LearningPlatform/node_modules/next/dist/compiled/next-server/app-page.runtime.dev.js:35:264034)
    at e (/Users/knowprajjwal/LearningPlatform/node_modules/next/dist/compiled/next-server/app-page.runtime.dev.js:35:268296)
    at eF (/Users/knowprajjwal/LearningPlatform/node_modules/next/dist/compiled/next-server/app-page.runtime.dev.js:35:268784)
    at /Users/knowprajjwal/LearningPlatform/node_modules/next/dist/compiled/next-server/app-page.runtime.dev.js:35:266015
    at Array.toJSON (/Users/knowprajjwal/LearningPlatform/node_modules/next/dist/compiled/next-server/app-page.runtime.dev.js:35:266479)
    at stringify (<anonymous>)
    at eq (/Users/knowprajjwal/LearningPlatform/node_modules/next/dist/compiled/next-server/app-page.runtime.dev.js:35:274847)
    at eJ (/Users/knowprajjwal/LearningPlatform/node_modules/next/dist/compiled/next-server/app-page.runtime.dev.js:35:275365)
    at Timeout._onTimeout (/Users/knowprajjwal/LearningPlatform/node_modules/next/dist/compiled/next-server/app-page.runtime.dev.js:35:265152)
    at listOnTimeout (node:internal/timers:588:17)
    at process.processTimers (node:internal/timers:523:7)
[ 1331582ms] Error: Course not found: brsr
    at getCourse (webpack-internal:///(rsc)/./src/lib/courses.ts:48:15)
    at CourseLayout (webpack-internal:///(rsc)/./src/app/courses/[courseId]/layout.tsx:17:75)
    at e_ (/Users/knowprajjwal/LearningPlatform/node_modules/next/dist/compiled/next-server/app-page.runtime.dev.js:35:264164)
    at e (/Users/knowprajjwal/LearningPlatform/node_modules/next/dist/compiled/next-server/app-page.runtime.dev.js:35:268296)
    at eF (/Users/knowprajjwal/LearningPlatform/node_modules/next/dist/compiled/next-server/app-page.runtime.dev.js:35:268784)
    at eq (/Users/knowprajjwal/LearningPlatform/node_modules/next/dist/compiled/next-server/app-page.runtime.dev.js:35:274748)
    at ej (/Users/knowprajjwal/LearningPlatform/node_modules/next/dist/compiled/next-server/app-page.runtime.dev.js:35:264992)
    at e_ (/Users/knowprajjwal/LearningPlatform/node_modules/next/dist/compiled/next-server/app-page.runtime.dev.js:35:264034)
    at e (/Users/knowprajjwal/LearningPlatform/node_modules/next/dist/compiled/next-server/app-page.runtime.dev.js:35:268296)
    at eF (/Users/knowprajjwal/LearningPlatform/node_modules/next/dist/compiled/next-server/app-page.runtime.dev.js:35:268784)
    at /Users/knowprajjwal/LearningPlatform/node_modules/next/dist/compiled/next-server/app-page.runtime.dev.js:35:266015
    at Array.toJSON (/Users/knowprajjwal/LearningPlatform/node_modules/next/dist/compiled/next-server/app-page.runtime.dev.js:35:266479)
    at stringify (<anonymous>)
    at eq (/Users/knowprajjwal/LearningPlatform/node_modules/next/dist/compiled/next-server/app-page.runtime.dev.js:35:274847)
    at eJ (/Users/knowprajjwal/LearningPlatform/node_modules/next/dist/compiled/next-server/app-page.runtime.dev.js:35:275365)
    at Timeout._onTimeout (/Users/knowprajjwal/LearningPlatform/node_modules/next/dist/compiled/next-server/app-page.runtime.dev.js:35:265152)
    at listOnTimeout (node:internal/timers:588:17)
    at process.processTimers (node:internal/timers:523:7)
[ 1331582ms] Error: Course not found: brsr
    at getCourse (webpack-internal:///(rsc)/./src/lib/courses.ts:48:15)
    at CourseLayout (webpack-internal:///(rsc)/./src/app/courses/[courseId]/layout.tsx:17:75)
    at e_ (/Users/knowprajjwal/LearningPlatform/node_modules/next/dist/compiled/next-server/app-page.runtime.dev.js:35:264164)
    at e (/Users/knowprajjwal/LearningPlatform/node_modules/next/dist/compiled/next-server/app-page.runtime.dev.js:35:268296)
    at eF (/Users/knowprajjwal/LearningPlatform/node_modules/next/dist/compiled/next-server/app-page.runtime.dev.js:35:268784)
    at eq (/Users/knowprajjwal/LearningPlatform/node_modules/next/dist/compiled/next-server/app-page.runtime.dev.js:35:274748)
    at ej (/Users/knowprajjwal/LearningPlatform/node_modules/next/dist/compiled/next-server/app-page.runtime.dev.js:35:264992)
    at e_ (/Users/knowprajjwal/LearningPlatform/node_modules/next/dist/compiled/next-server/app-page.runtime.dev.js:35:264034)
    at e (/Users/knowprajjwal/LearningPlatform/node_modules/next/dist/compiled/next-server/app-page.runtime.dev.js:35:268296)
    at eF (/Users/knowprajjwal/LearningPlatform/node_modules/next/dist/compiled/next-server/app-page.runtime.dev.js:35:268784)
    at /Users/knowprajjwal/LearningPlatform/node_modules/next/dist/compiled/next-server/app-page.runtime.dev.js:35:266015
    at Array.toJSON (/Users/knowprajjwal/LearningPlatform/node_modules/next/dist/compiled/next-server/app-page.runtime.dev.js:35:266479)
    at stringify (<anonymous>)
    at eq (/Users/knowprajjwal/LearningPlatform/node_modules/next/dist/compiled/next-server/app-page.runtime.dev.js:35:274847)
    at eJ (/Users/knowprajjwal/LearningPlatform/node_modules/next/dist/compiled/next-server/app-page.runtime.dev.js:35:275365)
    at Timeout._onTimeout (/Users/knowprajjwal/LearningPlatform/node_modules/next/dist/compiled/next-server/app-page.runtime.dev.js:35:265152)
    at listOnTimeout (node:internal/timers:588:17)
    at process.processTimers (node:internal/timers:523:7)
[ 1331583ms] Error: Course not found: brsr
    at getCourse (webpack-internal:///(rsc)/./src/lib/courses.ts:48:15)
    at CourseLayout (webpack-internal:///(rsc)/./src/app/courses/[courseId]/layout.tsx:17:75)
    at e_ (/Users/knowprajjwal/LearningPlatform/node_modules/next/dist/compiled/next-server/app-page.runtime.dev.js:35:264164)
    at e (/Users/knowprajjwal/LearningPlatform/node_modules/next/dist/compiled/next-server/app-page.runtime.dev.js:35:268296)
    at eF (/Users/knowprajjwal/LearningPlatform/node_modules/next/dist/compiled/next-server/app-page.runtime.dev.js:35:268784)
    at eq (/Users/knowprajjwal/LearningPlatform/node_modules/next/dist/compiled/next-server/app-page.runtime.dev.js:35:274748)
    at ej (/Users/knowprajjwal/LearningPlatform/node_modules/next/dist/compiled/next-server/app-page.runtime.dev.js:35:264992)
    at e_ (/Users/knowprajjwal/LearningPlatform/node_modules/next/dist/compiled/next-server/app-page.runtime.dev.js:35:264034)
    at e (/Users/knowprajjwal/LearningPlatform/node_modules/next/dist/compiled/next-server/app-page.runtime.dev.js:35:268296)
    at eF (/Users/knowprajjwal/LearningPlatform/node_modules/next/dist/compiled/next-server/app-page.runtime.dev.js:35:268784)
    at /Users/knowprajjwal/LearningPlatform/node_modules/next/dist/compiled/next-server/app-page.runtime.dev.js:35:266015
    at Array.toJSON (/Users/knowprajjwal/LearningPlatform/node_modules/next/dist/compiled/next-server/app-page.runtime.dev.js:35:266479)
    at stringify (<anonymous>)
    at eq (/Users/knowprajjwal/LearningPlatform/node_modules/next/dist/compiled/next-server/app-page.runtime.dev.js:35:274847)
    at eJ (/Users/knowprajjwal/LearningPlatform/node_modules/next/dist/compiled/next-server/app-page.runtime.dev.js:35:275365)
    at Timeout._onTimeout (/Users/knowprajjwal/LearningPlatform/node_modules/next/dist/compiled/next-server/app-page.runtime.dev.js:35:265152)
    at listOnTimeout (node:internal/timers:588:17)
    at process.processTimers (node:internal/timers:523:7)
[ 1331583ms] Error: Course not found: brsr
    at getCourse (webpack-internal:///(rsc)/./src/lib/courses.ts:48:15)
    at CourseLayout (webpack-internal:///(rsc)/./src/app/courses/[courseId]/layout.tsx:17:75)
    at e_ (/Users/knowprajjwal/LearningPlatform/node_modules/next/dist/compiled/next-server/app-page.runtime.dev.js:35:264164)
    at e (/Users/knowprajjwal/LearningPlatform/node_modules/next/dist/compiled/next-server/app-page.runtime.dev.js:35:268296)
    at eF (/Users/knowprajjwal/LearningPlatform/node_modules/next/dist/compiled/next-server/app-page.runtime.dev.js:35:268784)
    at eq (/Users/knowprajjwal/LearningPlatform/node_modules/next/dist/compiled/next-server/app-page.runtime.dev.js:35:274748)
    at ej (/Users/knowprajjwal/LearningPlatform/node_modules/next/dist/compiled/next-server/app-page.runtime.dev.js:35:264992)
    at e_ (/Users/knowprajjwal/LearningPlatform/node_modules/next/dist/compiled/next-server/app-page.runtime.dev.js:35:264034)
    at e (/Users/knowprajjwal/LearningPlatform/node_modules/next/dist/compiled/next-server/app-page.runtime.dev.js:35:268296)
    at eF (/Users/knowprajjwal/LearningPlatform/node_modules/next/dist/compiled/next-server/app-page.runtime.dev.js:35:268784)
    at /Users/knowprajjwal/LearningPlatform/node_modules/next/dist/compiled/next-server/app-page.runtime.dev.js:35:266015
    at Array.toJSON (/Users/knowprajjwal/LearningPlatform/node_modules/next/dist/compiled/next-server/app-page.runtime.dev.js:35:266479)
    at stringify (<anonymous>)
    at eq (/Users/knowprajjwal/LearningPlatform/node_modules/next/dist/compiled/next-server/app-page.runtime.dev.js:35:274847)
    at eJ (/Users/knowprajjwal/LearningPlatform/node_modules/next/dist/compiled/next-server/app-page.runtime.dev.js:35:275365)
    at Timeout._onTimeout (/Users/knowprajjwal/LearningPlatform/node_modules/next/dist/compiled/next-server/app-page.runtime.dev.js:35:265152)
    at listOnTimeout (node:internal/timers:588:17)
    at process.processTimers (node:internal/timers:523:7)
[ 1331583ms] Error: Course not found: brsr
    at getCourse (webpack-internal:///(rsc)/./src/lib/courses.ts:48:15)
    at CourseLayout (webpack-internal:///(rsc)/./src/app/courses/[courseId]/layout.tsx:17:75)
    at e_ (/Users/knowprajjwal/LearningPlatform/node_modules/next/dist/compiled/next-server/app-page.runtime.dev.js:35:264164)
    at e (/Users/knowprajjwal/LearningPlatform/node_modules/next/dist/compiled/next-server/app-page.runtime.dev.js:35:268296)
    at eF (/Users/knowprajjwal/LearningPlatform/node_modules/next/dist/compiled/next-server/app-page.runtime.dev.js:35:268784)
    at eq (/Users/knowprajjwal/LearningPlatform/node_modules/next/dist/compiled/next-server/app-page.runtime.dev.js:35:274748)
    at ej (/Users/knowprajjwal/LearningPlatform/node_modules/next/dist/compiled/next-server/app-page.runtime.dev.js:35:264992)
    at e_ (/Users/knowprajjwal/LearningPlatform/node_modules/next/dist/compiled/next-server/app-page.runtime.dev.js:35:264034)
    at e (/Users/knowprajjwal/LearningPlatform/node_modules/next/dist/compiled/next-server/app-page.runtime.dev.js:35:268296)
    at eF (/Users/knowprajjwal/LearningPlatform/node_modules/next/dist/compiled/next-server/app-page.runtime.dev.js:35:268784)
    at /Users/knowprajjwal/LearningPlatform/node_modules/next/dist/compiled/next-server/app-page.runtime.dev.js:35:266015
    at Array.toJSON (/Users/knowprajjwal/LearningPlatform/node_modules/next/dist/compiled/next-server/app-page.runtime.dev.js:35:266479)
    at stringify (<anonymous>)
    at eq (/Users/knowprajjwal/LearningPlatform/node_modules/next/dist/compiled/next-server/app-page.runtime.dev.js:35:274847)
    at eJ (/Users/knowprajjwal/LearningPlatform/node_modules/next/dist/compiled/next-server/app-page.runtime.dev.js:35:275365)
    at Timeout._onTimeout (/Users/knowprajjwal/LearningPlatform/node_modules/next/dist/compiled/next-server/app-page.runtime.dev.js:35:265152)
    at listOnTimeout (node:internal/timers:588:17)
    at process.processTimers (node:internal/timers:523:7)
[ 1331583ms] Error: Course not found: brsr
    at getCourse (webpack-internal:///(rsc)/./src/lib/courses.ts:48:15)
    at CourseLayout (webpack-internal:///(rsc)/./src/app/courses/[courseId]/layout.tsx:17:75)
    at e_ (/Users/knowprajjwal/LearningPlatform/node_modules/next/dist/compiled/next-server/app-page.runtime.dev.js:35:264164)
    at e (/Users/knowprajjwal/LearningPlatform/node_modules/next/dist/compiled/next-server/app-page.runtime.dev.js:35:268296)
    at eF (/Users/knowprajjwal/LearningPlatform/node_modules/next/dist/compiled/next-server/app-page.runtime.dev.js:35:268784)
    at eq (/Users/knowprajjwal/LearningPlatform/node_modules/next/dist/compiled/next-server/app-page.runtime.dev.js:35:274748)
    at ej (/Users/knowprajjwal/LearningPlatform/node_modules/next/dist/compiled/next-server/app-page.runtime.dev.js:35:264992)
    at e_ (/Users/knowprajjwal/LearningPlatform/node_modules/next/dist/compiled/next-server/app-page.runtime.dev.js:35:264034)
    at e (/Users/knowprajjwal/LearningPlatform/node_modules/next/dist/compiled/next-server/app-page.runtime.dev.js:35:268296)
    at eF (/Users/knowprajjwal/LearningPlatform/node_modules/next/dist/compiled/next-server/app-page.runtime.dev.js:35:268784)
    at /Users/knowprajjwal/LearningPlatform/node_modules/next/dist/compiled/next-server/app-page.runtime.dev.js:35:266015
    at Array.toJSON (/Users/knowprajjwal/LearningPlatform/node_modules/next/dist/compiled/next-server/app-page.runtime.dev.js:35:266479)
    at stringify (<anonymous>)
    at eq (/Users/knowprajjwal/LearningPlatform/node_modules/next/dist/compiled/next-server/app-page.runtime.dev.js:35:274847)
    at eJ (/Users/knowprajjwal/LearningPlatform/node_modules/next/dist/compiled/next-server/app-page.runtime.dev.js:35:275365)
    at Timeout._onTimeout (/Users/knowprajjwal/LearningPlatform/node_modules/next/dist/compiled/next-server/app-page.runtime.dev.js:35:265152)
    at listOnTimeout (node:internal/timers:588:17)
    at process.processTimers (node:internal/timers:523:7)
[ 1331583ms] [ERROR] The above error occurred in the <NotFoundErrorBoundary> component:

    at InnerLayoutRouter (webpack-internal:///(app-pages-browser)/./node_modules/next/dist/client/components/layout-router.js:243:11)
    at RedirectErrorBoundary (webpack-internal:///(app-pages-browser)/./node_modules/next/dist/client/components/redirect-boundary.js:74:9)
    at RedirectBoundary (webpack-internal:///(app-pages-browser)/./node_modules/next/dist/client/components/redirect-boundary.js:82:11)
    at NotFoundBoundary (webpack-internal:///(app-pages-browser)/./node_modules/next/dist/client/components/not-found-boundary.js:84:11)
    at LoadingBoundary (webpack-internal:///(app-pages-browser)/./node_modules/next/dist/client/components/layout-router.js:349:11)
    at ErrorBoundary (webpack-internal:///(app-pages-browser)/./node_modules/next/dist/client/components/error-boundary.js:160:11)
    at InnerScrollAndFocusHandler (webpack-internal:///(app-pages-browser)/./node_modules/next/dist/client/components/layout-router.js:153:9)
    at ScrollAndFocusHandler (webpack-internal:///(app-pages-browser)/./node_modules/next/dist/client/components/layout-router.js:228:11)
    at RenderFromTemplateContext (webpack-internal:///(app-pages-browser)/./node_modules/next/dist/client/components/render-from-template-context.js:16:44)
    at OuterLayoutRouter (webpack-internal:///(app-pages-browser)/./node_modules/next/dist/client/components/layout-router.js:370:11)
    at InnerLayoutRouter (webpack-internal:///(app-pages-browser)/./node_modules/next/dist/client/components/layout-router.js:243:11)
    at RedirectErrorBoundary (webpack-internal:///(app-pages-browser)/./node_modules/next/dist/client/components/redirect-boundary.js:74:9)
    at RedirectBoundary (webpack-internal:///(app-pages-browser)/./node_modules/next/dist/client/components/redirect-boundary.js:82:11)
    at NotFoundErrorBoundary (webpack-internal:///(app-pages-browser)/./node_modules/next/dist/client/components/not-found-boundary.js:76:9)
    at NotFoundBoundary (webpack-internal:///(app-pages-browser)/./node_modules/next/dist/client/components/not-found-boundary.js:84:11)
    at LoadingBoundary (webpack-internal:///(app-pages-browser)/./node_modules/next/dist/client/components/layout-router.js:349:11)
    at ErrorBoundary (webpack-internal:///(app-pages-browser)/./node_modules/next/dist/client/components/error-boundary.js:160:11)
    at InnerScrollAndFocusHandler (webpack-internal:///(app-pages-browser)/./node_modules/next/dist/client/components/layout-router.js:153:9)
    at ScrollAndFocusHandler (webpack-internal:///(app-pages-browser)/./node_modules/next/dist/client/components/layout-router.js:228:11)
    at RenderFromTemplateContext (webpack-internal:///(app-pages-browser)/./node_modules/next/dist/client/components/render-from-template-context.js:16:44)
    at OuterLayoutRouter (webpack-internal:///(app-pages-browser)/./node_modules/next/dist/client/components/layout-router.js:370:11)
    at __experimental_CheckoutProvider (webpack-internal:///(app-pages-browser)/./node_modules/@clerk/shared/dist/runtime/react/index.mjs:136:44)
    at SWRConfig (webpack-internal:///(app-pages-browser)/./node_modules/swr/dist/_internal/config-context-client-BoS53ST9.mjs:554:13)
    at SWRConfigCompat (webpack-internal:///(app-pages-browser)/./node_modules/@clerk/shared/dist/runtime/react/index.mjs:124:28)
    at OrganizationProvider (webpack-internal:///(app-pages-browser)/./node_modules/@clerk/shared/dist/runtime/react/index.mjs:148:33)
    at ClerkContextProvider (webpack-internal:///(app-pages-browser)/./node_modules/@clerk/clerk-react/dist/index.mjs:1849:11)
    at ClerkProviderBase (webpack-internal:///(app-pages-browser)/./node_modules/@clerk/clerk-react/dist/index.mjs:1941:11)
    at Hoc (webpack-internal:///(app-pages-browser)/./node_modules/@clerk/clerk-react/dist/chunk-THNCS7QR.mjs:84:5)
    at ClerkNextOptionsProvider (webpack-internal:///(app-pages-browser)/./node_modules/@clerk/nextjs/dist/esm/client-boundary/NextOptionsContext.js:17:11)
    at NextClientClerkProvider (webpack-internal:///(app-pages-browser)/./node_modules/@clerk/nextjs/dist/esm/app-router/client/ClerkProvider.js:62:13)
    at ClientClerkProvider (webpack-internal:///(app-pages-browser)/./node_modules/@clerk/nextjs/dist/esm/app-router/client/ClerkProvider.js:135:13)
    at ClerkProvider (Server)
    at body
    at html
    at RootLayout (Server)
    at RedirectErrorBoundary (webpack-internal:///(app-pages-browser)/./node_modules/next/dist/client/components/redirect-boundary.js:74:9)
    at RedirectBoundary (webpack-internal:///(app-pages-browser)/./node_modules/next/dist/client/components/redirect-boundary.js:82:11)
    at NotFoundErrorBoundary (webpack-internal:///(app-pages-browser)/./node_modules/next/dist/client/components/not-found-boundary.js:76:9)
    at NotFoundBoundary (webpack-internal:///(app-pages-browser)/./node_modules/next/dist/client/components/not-found-boundary.js:84:11)
    at DevRootNotFoundBoundary (webpack-internal:///(app-pages-browser)/./node_modules/next/dist/client/components/dev-root-not-found-boundary.js:33:11)
    at ReactDevOverlay (webpack-internal:///(app-pages-browser)/./node_modules/next/dist/client/components/react-dev-overlay/app/ReactDevOverlay.js:87:9)
    at HotReload (webpack-internal:///(app-pages-browser)/./node_modules/next/dist/client/components/react-dev-overlay/app/hot-reloader-client.js:321:11)
    at Router (webpack-internal:///(app-pages-browser)/./node_modules/next/dist/client/components/app-router.js:207:11)
    at ErrorBoundaryHandler (webpack-internal:///(app-pages-browser)/./node_modules/next/dist/client/components/error-boundary.js:113:9)
    at ErrorBoundary (webpack-internal:///(app-pages-browser)/./node_modules/next/dist/client/components/error-boundary.js:160:11)
    at AppRouter (webpack-internal:///(app-pages-browser)/./node_modules/next/dist/client/components/app-router.js:585:13)
    at ServerRoot (webpack-internal:///(app-pages-browser)/./node_modules/next/dist/client/app-index.js:112:27)
    at Root (webpack-internal:///(app-pages-browser)/./node_modules/next/dist/client/app-index.js:117:11)
    at ReactDevOverlay (webpack-internal:///(app-pages-browser)/./node_modules/next/dist/client/components/react-dev-overlay/app/ReactDevOverlay.js:87:9)

React will try to recreate this component tree from scratch using the error boundary you provided, ReactDevOverlay. @ webpack-internal:///(app-pages-browser)/./node_modules/next/dist/client/app-index.js:32
[ 1332012ms] [ERROR] Failed to load resource: the server responded with a status of 400 () @ https://clerk.greentryst.com/v1/client?__clerk_api_version=2025-11-10&_clerk_js_version=5.125.7:0
[ 1332030ms] [ERROR] Failed to load resource: the server responded with a status of 400 () @ https://clerk.greentryst.com/v1/environment?__clerk_api_version=2025-11-10&_clerk_js_version=5.125.7:0
[ 1332031ms] [ERROR] e: Clerk: Production Keys are only allowed for domain "greentryst.com". 
API Error: The Request HTTP Origin header must be equal to or a subdomain of the requesting URL.
    at https://clerk.greentryst.com/npm/@clerk/clerk-js@5/dist/clerk.browser.js:2:7182
    at u._baseFetch (https://clerk.greentryst.com/npm/@clerk/clerk-js@5/dist/clerk.browser.js:3:38)
    at async d.execute (https://clerk.greentryst.com/npm/@clerk/clerk-js@5/dist/clerk.browser.js:2:5226)
    at async s._baseGet (https://clerk.greentryst.com/npm/@clerk/clerk-js@5/dist/clerk.browser.js:3:567)
    at async Promise.all (index 1)
    at async #U (https://clerk.greentryst.com/npm/@clerk/clerk-js@5/dist/clerk.browser.js:5:73541)
    at async e5.load (https://clerk.greentryst.com/npm/@clerk/clerk-js@5/dist/clerk.browser.js:5:34322)
    at async _IsomorphicClerk.loadClerkJS (webpack-internal:///(app-pages-browser)/./node_modules/@clerk/clerk-react/dist/index.mjs:1746:9) @ webpack-internal:///(app-pages-browser)/./node_modules/next/dist/client/app-index.js:32
[ 1335032ms] [WARNING] The resource http://localhost:5001/_next/static/css/app/layout.css?v=1775994852302 was preloaded using link preload but not used within a few seconds from the window's load event. Please make sure it has an appropriate `as` value and it is preloaded intentionally. @ http://localhost:5001/courses/brsr:0
[ 1413921ms] [LOG] [Fast Refresh] rebuilding @ webpack-internal:///(app-pages-browser)/./node_modules/next/dist/client/components/react-dev-overlay/app/hot-reloader-client.js:186
[ 1414477ms] [WARNING] [Fast Refresh] performing full reload because your application had an unrecoverable error @ webpack-internal:///(app-pages-browser)/./node_modules/next/dist/client/components/react-dev-overlay/app/hot-reloader-client.js:114
[ 1415076ms] [ERROR] Failed to load resource: the server responded with a status of 500 (Internal Server Error) @ http://localhost:5001/courses/brsr:0
[ 1415200ms] [INFO] %cDownload the React DevTools for a better development experience: https://reactjs.org/link/react-devtools font-weight:bold @ webpack-internal:///(app-pages-browser)/./node_modules/next/dist/compiled/react-dom/cjs/react-dom.development.js:38559
[ 1415263ms] Error: Course not found: brsr
    at getCourse (webpack-internal:///(rsc)/./src/lib/courses.ts:48:15)
    at CourseLayout (webpack-internal:///(rsc)/./src/app/courses/[courseId]/layout.tsx:17:75)
    at e_ (/Users/knowprajjwal/LearningPlatform/node_modules/next/dist/compiled/next-server/app-page.runtime.dev.js:35:264164)
    at e (/Users/knowprajjwal/LearningPlatform/node_modules/next/dist/compiled/next-server/app-page.runtime.dev.js:35:268296)
    at eF (/Users/knowprajjwal/LearningPlatform/node_modules/next/dist/compiled/next-server/app-page.runtime.dev.js:35:268784)
    at eq (/Users/knowprajjwal/LearningPlatform/node_modules/next/dist/compiled/next-server/app-page.runtime.dev.js:35:274748)
    at ej (/Users/knowprajjwal/LearningPlatform/node_modules/next/dist/compiled/next-server/app-page.runtime.dev.js:35:264992)
    at e_ (/Users/knowprajjwal/LearningPlatform/node_modules/next/dist/compiled/next-server/app-page.runtime.dev.js:35:264034)
    at e (/Users/knowprajjwal/LearningPlatform/node_modules/next/dist/compiled/next-server/app-page.runtime.dev.js:35:268296)
    at eF (/Users/knowprajjwal/LearningPlatform/node_modules/next/dist/compiled/next-server/app-page.runtime.dev.js:35:268784)
    at /Users/knowprajjwal/LearningPlatform/node_modules/next/dist/compiled/next-server/app-page.runtime.dev.js:35:266015
    at Array.toJSON (/Users/knowprajjwal/LearningPlatform/node_modules/next/dist/compiled/next-server/app-page.runtime.dev.js:35:266479)
    at stringify (<anonymous>)
    at eq (/Users/knowprajjwal/LearningPlatform/node_modules/next/dist/compiled/next-server/app-page.runtime.dev.js:35:274847)
    at eJ (/Users/knowprajjwal/LearningPlatform/node_modules/next/dist/compiled/next-server/app-page.runtime.dev.js:35:275365)
    at Timeout._onTimeout (/Users/knowprajjwal/LearningPlatform/node_modules/next/dist/compiled/next-server/app-page.runtime.dev.js:35:265152)
    at listOnTimeout (node:internal/timers:588:17)
    at process.processTimers (node:internal/timers:523:7)
[ 1415265ms] Error: Course not found: brsr
    at getCourse (webpack-internal:///(rsc)/./src/lib/courses.ts:48:15)
    at CourseLayout (webpack-internal:///(rsc)/./src/app/courses/[courseId]/layout.tsx:17:75)
    at e_ (/Users/knowprajjwal/LearningPlatform/node_modules/next/dist/compiled/next-server/app-page.runtime.dev.js:35:264164)
    at e (/Users/knowprajjwal/LearningPlatform/node_modules/next/dist/compiled/next-server/app-page.runtime.dev.js:35:268296)
    at eF (/Users/knowprajjwal/LearningPlatform/node_modules/next/dist/compiled/next-server/app-page.runtime.dev.js:35:268784)
    at eq (/Users/knowprajjwal/LearningPlatform/node_modules/next/dist/compiled/next-server/app-page.runtime.dev.js:35:274748)
    at ej (/Users/knowprajjwal/LearningPlatform/node_modules/next/dist/compiled/next-server/app-page.runtime.dev.js:35:264992)
    at e_ (/Users/knowprajjwal/LearningPlatform/node_modules/next/dist/compiled/next-server/app-page.runtime.dev.js:35:264034)
    at e (/Users/knowprajjwal/LearningPlatform/node_modules/next/dist/compiled/next-server/app-page.runtime.dev.js:35:268296)
    at eF (/Users/knowprajjwal/LearningPlatform/node_modules/next/dist/compiled/next-server/app-page.runtime.dev.js:35:268784)
    at /Users/knowprajjwal/LearningPlatform/node_modules/next/dist/compiled/next-server/app-page.runtime.dev.js:35:266015
    at Array.toJSON (/Users/knowprajjwal/LearningPlatform/node_modules/next/dist/compiled/next-server/app-page.runtime.dev.js:35:266479)
    at stringify (<anonymous>)
    at eq (/Users/knowprajjwal/LearningPlatform/node_modules/next/dist/compiled/next-server/app-page.runtime.dev.js:35:274847)
    at eJ (/Users/knowprajjwal/LearningPlatform/node_modules/next/dist/compiled/next-server/app-page.runtime.dev.js:35:275365)
    at Timeout._onTimeout (/Users/knowprajjwal/LearningPlatform/node_modules/next/dist/compiled/next-server/app-page.runtime.dev.js:35:265152)
    at listOnTimeout (node:internal/timers:588:17)
    at process.processTimers (node:internal/timers:523:7)
[ 1415265ms] Error: Course not found: brsr
    at getCourse (webpack-internal:///(rsc)/./src/lib/courses.ts:48:15)
    at CourseLayout (webpack-internal:///(rsc)/./src/app/courses/[courseId]/layout.tsx:17:75)
    at e_ (/Users/knowprajjwal/LearningPlatform/node_modules/next/dist/compiled/next-server/app-page.runtime.dev.js:35:264164)
    at e (/Users/knowprajjwal/LearningPlatform/node_modules/next/dist/compiled/next-server/app-page.runtime.dev.js:35:268296)
    at eF (/Users/knowprajjwal/LearningPlatform/node_modules/next/dist/compiled/next-server/app-page.runtime.dev.js:35:268784)
    at eq (/Users/knowprajjwal/LearningPlatform/node_modules/next/dist/compiled/next-server/app-page.runtime.dev.js:35:274748)
    at ej (/Users/knowprajjwal/LearningPlatform/node_modules/next/dist/compiled/next-server/app-page.runtime.dev.js:35:264992)
    at e_ (/Users/knowprajjwal/LearningPlatform/node_modules/next/dist/compiled/next-server/app-page.runtime.dev.js:35:264034)
    at e (/Users/knowprajjwal/LearningPlatform/node_modules/next/dist/compiled/next-server/app-page.runtime.dev.js:35:268296)
    at eF (/Users/knowprajjwal/LearningPlatform/node_modules/next/dist/compiled/next-server/app-page.runtime.dev.js:35:268784)
    at /Users/knowprajjwal/LearningPlatform/node_modules/next/dist/compiled/next-server/app-page.runtime.dev.js:35:266015
    at Array.toJSON (/Users/knowprajjwal/LearningPlatform/node_modules/next/dist/compiled/next-server/app-page.runtime.dev.js:35:266479)
    at stringify (<anonymous>)
    at eq (/Users/knowprajjwal/LearningPlatform/node_modules/next/dist/compiled/next-server/app-page.runtime.dev.js:35:274847)
    at eJ (/Users/knowprajjwal/LearningPlatform/node_modules/next/dist/compiled/next-server/app-page.runtime.dev.js:35:275365)
    at Timeout._onTimeout (/Users/knowprajjwal/LearningPlatform/node_modules/next/dist/compiled/next-server/app-page.runtime.dev.js:35:265152)
    at listOnTimeout (node:internal/timers:588:17)
    at process.processTimers (node:internal/timers:523:7)
[ 1415266ms] Error: Course not found: brsr
    at getCourse (webpack-internal:///(rsc)/./src/lib/courses.ts:48:15)
    at CourseLayout (webpack-internal:///(rsc)/./src/app/courses/[courseId]/layout.tsx:17:75)
    at e_ (/Users/knowprajjwal/LearningPlatform/node_modules/next/dist/compiled/next-server/app-page.runtime.dev.js:35:264164)
    at e (/Users/knowprajjwal/LearningPlatform/node_modules/next/dist/compiled/next-server/app-page.runtime.dev.js:35:268296)
    at eF (/Users/knowprajjwal/LearningPlatform/node_modules/next/dist/compiled/next-server/app-page.runtime.dev.js:35:268784)
    at eq (/Users/knowprajjwal/LearningPlatform/node_modules/next/dist/compiled/next-server/app-page.runtime.dev.js:35:274748)
    at ej (/Users/knowprajjwal/LearningPlatform/node_modules/next/dist/compiled/next-server/app-page.runtime.dev.js:35:264992)
    at e_ (/Users/knowprajjwal/LearningPlatform/node_modules/next/dist/compiled/next-server/app-page.runtime.dev.js:35:264034)
    at e (/Users/knowprajjwal/LearningPlatform/node_modules/next/dist/compiled/next-server/app-page.runtime.dev.js:35:268296)
    at eF (/Users/knowprajjwal/LearningPlatform/node_modules/next/dist/compiled/next-server/app-page.runtime.dev.js:35:268784)
    at /Users/knowprajjwal/LearningPlatform/node_modules/next/dist/compiled/next-server/app-page.runtime.dev.js:35:266015
    at Array.toJSON (/Users/knowprajjwal/LearningPlatform/node_modules/next/dist/compiled/next-server/app-page.runtime.dev.js:35:266479)
    at stringify (<anonymous>)
    at eq (/Users/knowprajjwal/LearningPlatform/node_modules/next/dist/compiled/next-server/app-page.runtime.dev.js:35:274847)
    at eJ (/Users/knowprajjwal/LearningPlatform/node_modules/next/dist/compiled/next-server/app-page.runtime.dev.js:35:275365)
    at Timeout._onTimeout (/Users/knowprajjwal/LearningPlatform/node_modules/next/dist/compiled/next-server/app-page.runtime.dev.js:35:265152)
    at listOnTimeout (node:internal/timers:588:17)
    at process.processTimers (node:internal/timers:523:7)
[ 1415266ms] Error: Course not found: brsr
    at getCourse (webpack-internal:///(rsc)/./src/lib/courses.ts:48:15)
    at CourseLayout (webpack-internal:///(rsc)/./src/app/courses/[courseId]/layout.tsx:17:75)
    at e_ (/Users/knowprajjwal/LearningPlatform/node_modules/next/dist/compiled/next-server/app-page.runtime.dev.js:35:264164)
    at e (/Users/knowprajjwal/LearningPlatform/node_modules/next/dist/compiled/next-server/app-page.runtime.dev.js:35:268296)
    at eF (/Users/knowprajjwal/LearningPlatform/node_modules/next/dist/compiled/next-server/app-page.runtime.dev.js:35:268784)
    at eq (/Users/knowprajjwal/LearningPlatform/node_modules/next/dist/compiled/next-server/app-page.runtime.dev.js:35:274748)
    at ej (/Users/knowprajjwal/LearningPlatform/node_modules/next/dist/compiled/next-server/app-page.runtime.dev.js:35:264992)
    at e_ (/Users/knowprajjwal/LearningPlatform/node_modules/next/dist/compiled/next-server/app-page.runtime.dev.js:35:264034)
    at e (/Users/knowprajjwal/LearningPlatform/node_modules/next/dist/compiled/next-server/app-page.runtime.dev.js:35:268296)
    at eF (/Users/knowprajjwal/LearningPlatform/node_modules/next/dist/compiled/next-server/app-page.runtime.dev.js:35:268784)
    at /Users/knowprajjwal/LearningPlatform/node_modules/next/dist/compiled/next-server/app-page.runtime.dev.js:35:266015
    at Array.toJSON (/Users/knowprajjwal/LearningPlatform/node_modules/next/dist/compiled/next-server/app-page.runtime.dev.js:35:266479)
    at stringify (<anonymous>)
    at eq (/Users/knowprajjwal/LearningPlatform/node_modules/next/dist/compiled/next-server/app-page.runtime.dev.js:35:274847)
    at eJ (/Users/knowprajjwal/LearningPlatform/node_modules/next/dist/compiled/next-server/app-page.runtime.dev.js:35:275365)
    at Timeout._onTimeout (/Users/knowprajjwal/LearningPlatform/node_modules/next/dist/compiled/next-server/app-page.runtime.dev.js:35:265152)
    at listOnTimeout (node:internal/timers:588:17)
    at process.processTimers (node:internal/timers:523:7)
[ 1415266ms] Error: Course not found: brsr
    at getCourse (webpack-internal:///(rsc)/./src/lib/courses.ts:48:15)
    at CourseLayout (webpack-internal:///(rsc)/./src/app/courses/[courseId]/layout.tsx:17:75)
    at e_ (/Users/knowprajjwal/LearningPlatform/node_modules/next/dist/compiled/next-server/app-page.runtime.dev.js:35:264164)
    at e (/Users/knowprajjwal/LearningPlatform/node_modules/next/dist/compiled/next-server/app-page.runtime.dev.js:35:268296)
    at eF (/Users/knowprajjwal/LearningPlatform/node_modules/next/dist/compiled/next-server/app-page.runtime.dev.js:35:268784)
    at eq (/Users/knowprajjwal/LearningPlatform/node_modules/next/dist/compiled/next-server/app-page.runtime.dev.js:35:274748)
    at ej (/Users/knowprajjwal/LearningPlatform/node_modules/next/dist/compiled/next-server/app-page.runtime.dev.js:35:264992)
    at e_ (/Users/knowprajjwal/LearningPlatform/node_modules/next/dist/compiled/next-server/app-page.runtime.dev.js:35:264034)
    at e (/Users/knowprajjwal/LearningPlatform/node_modules/next/dist/compiled/next-server/app-page.runtime.dev.js:35:268296)
    at eF (/Users/knowprajjwal/LearningPlatform/node_modules/next/dist/compiled/next-server/app-page.runtime.dev.js:35:268784)
    at /Users/knowprajjwal/LearningPlatform/node_modules/next/dist/compiled/next-server/app-page.runtime.dev.js:35:266015
    at Array.toJSON (/Users/knowprajjwal/LearningPlatform/node_modules/next/dist/compiled/next-server/app-page.runtime.dev.js:35:266479)
    at stringify (<anonymous>)
    at eq (/Users/knowprajjwal/LearningPlatform/node_modules/next/dist/compiled/next-server/app-page.runtime.dev.js:35:274847)
    at eJ (/Users/knowprajjwal/LearningPlatform/node_modules/next/dist/compiled/next-server/app-page.runtime.dev.js:35:275365)
    at Timeout._onTimeout (/Users/knowprajjwal/LearningPlatform/node_modules/next/dist/compiled/next-server/app-page.runtime.dev.js:35:265152)
    at listOnTimeout (node:internal/timers:588:17)
    at process.processTimers (node:internal/timers:523:7)
[ 1415268ms] Error: Course not found: brsr
    at getCourse (webpack-internal:///(rsc)/./src/lib/courses.ts:48:15)
    at CourseLayout (webpack-internal:///(rsc)/./src/app/courses/[courseId]/layout.tsx:17:75)
    at e_ (/Users/knowprajjwal/LearningPlatform/node_modules/next/dist/compiled/next-server/app-page.runtime.dev.js:35:264164)
    at e (/Users/knowprajjwal/LearningPlatform/node_modules/next/dist/compiled/next-server/app-page.runtime.dev.js:35:268296)
    at eF (/Users/knowprajjwal/LearningPlatform/node_modules/next/dist/compiled/next-server/app-page.runtime.dev.js:35:268784)
    at eq (/Users/knowprajjwal/LearningPlatform/node_modules/next/dist/compiled/next-server/app-page.runtime.dev.js:35:274748)
    at ej (/Users/knowprajjwal/LearningPlatform/node_modules/next/dist/compiled/next-server/app-page.runtime.dev.js:35:264992)
    at e_ (/Users/knowprajjwal/LearningPlatform/node_modules/next/dist/compiled/next-server/app-page.runtime.dev.js:35:264034)
    at e (/Users/knowprajjwal/LearningPlatform/node_modules/next/dist/compiled/next-server/app-page.runtime.dev.js:35:268296)
    at eF (/Users/knowprajjwal/LearningPlatform/node_modules/next/dist/compiled/next-server/app-page.runtime.dev.js:35:268784)
    at /Users/knowprajjwal/LearningPlatform/node_modules/next/dist/compiled/next-server/app-page.runtime.dev.js:35:266015
    at Array.toJSON (/Users/knowprajjwal/LearningPlatform/node_modules/next/dist/compiled/next-server/app-page.runtime.dev.js:35:266479)
    at stringify (<anonymous>)
    at eq (/Users/knowprajjwal/LearningPlatform/node_modules/next/dist/compiled/next-server/app-page.runtime.dev.js:35:274847)
    at eJ (/Users/knowprajjwal/LearningPlatform/node_modules/next/dist/compiled/next-server/app-page.runtime.dev.js:35:275365)
    at Timeout._onTimeout (/Users/knowprajjwal/LearningPlatform/node_modules/next/dist/compiled/next-server/app-page.runtime.dev.js:35:265152)
    at listOnTimeout (node:internal/timers:588:17)
    at process.processTimers (node:internal/timers:523:7)
[ 1415268ms] Error: Course not found: brsr
    at getCourse (webpack-internal:///(rsc)/./src/lib/courses.ts:48:15)
    at CourseLayout (webpack-internal:///(rsc)/./src/app/courses/[courseId]/layout.tsx:17:75)
    at e_ (/Users/knowprajjwal/LearningPlatform/node_modules/next/dist/compiled/next-server/app-page.runtime.dev.js:35:264164)
    at e (/Users/knowprajjwal/LearningPlatform/node_modules/next/dist/compiled/next-server/app-page.runtime.dev.js:35:268296)
    at eF (/Users/knowprajjwal/LearningPlatform/node_modules/next/dist/compiled/next-server/app-page.runtime.dev.js:35:268784)
    at eq (/Users/knowprajjwal/LearningPlatform/node_modules/next/dist/compiled/next-server/app-page.runtime.dev.js:35:274748)
    at ej (/Users/knowprajjwal/LearningPlatform/node_modules/next/dist/compiled/next-server/app-page.runtime.dev.js:35:264992)
    at e_ (/Users/knowprajjwal/LearningPlatform/node_modules/next/dist/compiled/next-server/app-page.runtime.dev.js:35:264034)
    at e (/Users/knowprajjwal/LearningPlatform/node_modules/next/dist/compiled/next-server/app-page.runtime.dev.js:35:268296)
    at eF (/Users/knowprajjwal/LearningPlatform/node_modules/next/dist/compiled/next-server/app-page.runtime.dev.js:35:268784)
    at /Users/knowprajjwal/LearningPlatform/node_modules/next/dist/compiled/next-server/app-page.runtime.dev.js:35:266015
    at Array.toJSON (/Users/knowprajjwal/LearningPlatform/node_modules/next/dist/compiled/next-server/app-page.runtime.dev.js:35:266479)
    at stringify (<anonymous>)
    at eq (/Users/knowprajjwal/LearningPlatform/node_modules/next/dist/compiled/next-server/app-page.runtime.dev.js:35:274847)
    at eJ (/Users/knowprajjwal/LearningPlatform/node_modules/next/dist/compiled/next-server/app-page.runtime.dev.js:35:275365)
    at Timeout._onTimeout (/Users/knowprajjwal/LearningPlatform/node_modules/next/dist/compiled/next-server/app-page.runtime.dev.js:35:265152)
    at listOnTimeout (node:internal/timers:588:17)
    at process.processTimers (node:internal/timers:523:7)
[ 1415268ms] Error: Course not found: brsr
    at getCourse (webpack-internal:///(rsc)/./src/lib/courses.ts:48:15)
    at CourseLayout (webpack-internal:///(rsc)/./src/app/courses/[courseId]/layout.tsx:17:75)
    at e_ (/Users/knowprajjwal/LearningPlatform/node_modules/next/dist/compiled/next-server/app-page.runtime.dev.js:35:264164)
    at e (/Users/knowprajjwal/LearningPlatform/node_modules/next/dist/compiled/next-server/app-page.runtime.dev.js:35:268296)
    at eF (/Users/knowprajjwal/LearningPlatform/node_modules/next/dist/compiled/next-server/app-page.runtime.dev.js:35:268784)
    at eq (/Users/knowprajjwal/LearningPlatform/node_modules/next/dist/compiled/next-server/app-page.runtime.dev.js:35:274748)
    at ej (/Users/knowprajjwal/LearningPlatform/node_modules/next/dist/compiled/next-server/app-page.runtime.dev.js:35:264992)
    at e_ (/Users/knowprajjwal/LearningPlatform/node_modules/next/dist/compiled/next-server/app-page.runtime.dev.js:35:264034)
    at e (/Users/knowprajjwal/LearningPlatform/node_modules/next/dist/compiled/next-server/app-page.runtime.dev.js:35:268296)
    at eF (/Users/knowprajjwal/LearningPlatform/node_modules/next/dist/compiled/next-server/app-page.runtime.dev.js:35:268784)
    at /Users/knowprajjwal/LearningPlatform/node_modules/next/dist/compiled/next-server/app-page.runtime.dev.js:35:266015
    at Array.toJSON (/Users/knowprajjwal/LearningPlatform/node_modules/next/dist/compiled/next-server/app-page.runtime.dev.js:35:266479)
    at stringify (<anonymous>)
    at eq (/Users/knowprajjwal/LearningPlatform/node_modules/next/dist/compiled/next-server/app-page.runtime.dev.js:35:274847)
    at eJ (/Users/knowprajjwal/LearningPlatform/node_modules/next/dist/compiled/next-server/app-page.runtime.dev.js:35:275365)
    at Timeout._onTimeout (/Users/knowprajjwal/LearningPlatform/node_modules/next/dist/compiled/next-server/app-page.runtime.dev.js:35:265152)
    at listOnTimeout (node:internal/timers:588:17)
    at process.processTimers (node:internal/timers:523:7)
[ 1415268ms] Error: Course not found: brsr
    at getCourse (webpack-internal:///(rsc)/./src/lib/courses.ts:48:15)
    at CourseLayout (webpack-internal:///(rsc)/./src/app/courses/[courseId]/layout.tsx:17:75)
    at e_ (/Users/knowprajjwal/LearningPlatform/node_modules/next/dist/compiled/next-server/app-page.runtime.dev.js:35:264164)
    at e (/Users/knowprajjwal/LearningPlatform/node_modules/next/dist/compiled/next-server/app-page.runtime.dev.js:35:268296)
    at eF (/Users/knowprajjwal/LearningPlatform/node_modules/next/dist/compiled/next-server/app-page.runtime.dev.js:35:268784)
    at eq (/Users/knowprajjwal/LearningPlatform/node_modules/next/dist/compiled/next-server/app-page.runtime.dev.js:35:274748)
    at ej (/Users/knowprajjwal/LearningPlatform/node_modules/next/dist/compiled/next-server/app-page.runtime.dev.js:35:264992)
    at e_ (/Users/knowprajjwal/LearningPlatform/node_modules/next/dist/compiled/next-server/app-page.runtime.dev.js:35:264034)
    at e (/Users/knowprajjwal/LearningPlatform/node_modules/next/dist/compiled/next-server/app-page.runtime.dev.js:35:268296)
    at eF (/Users/knowprajjwal/LearningPlatform/node_modules/next/dist/compiled/next-server/app-page.runtime.dev.js:35:268784)
    at /Users/knowprajjwal/LearningPlatform/node_modules/next/dist/compiled/next-server/app-page.runtime.dev.js:35:266015
    at Array.toJSON (/Users/knowprajjwal/LearningPlatform/node_modules/next/dist/compiled/next-server/app-page.runtime.dev.js:35:266479)
    at stringify (<anonymous>)
    at eq (/Users/knowprajjwal/LearningPlatform/node_modules/next/dist/compiled/next-server/app-page.runtime.dev.js:35:274847)
    at eJ (/Users/knowprajjwal/LearningPlatform/node_modules/next/dist/compiled/next-server/app-page.runtime.dev.js:35:275365)
    at Timeout._onTimeout (/Users/knowprajjwal/LearningPlatform/node_modules/next/dist/compiled/next-server/app-page.runtime.dev.js:35:265152)
    at listOnTimeout (node:internal/timers:588:17)
    at process.processTimers (node:internal/timers:523:7)
[ 1415268ms] Error: Course not found: brsr
    at getCourse (webpack-internal:///(rsc)/./src/lib/courses.ts:48:15)
    at CourseLayout (webpack-internal:///(rsc)/./src/app/courses/[courseId]/layout.tsx:17:75)
    at e_ (/Users/knowprajjwal/LearningPlatform/node_modules/next/dist/compiled/next-server/app-page.runtime.dev.js:35:264164)
    at e (/Users/knowprajjwal/LearningPlatform/node_modules/next/dist/compiled/next-server/app-page.runtime.dev.js:35:268296)
    at eF (/Users/knowprajjwal/LearningPlatform/node_modules/next/dist/compiled/next-server/app-page.runtime.dev.js:35:268784)
    at eq (/Users/knowprajjwal/LearningPlatform/node_modules/next/dist/compiled/next-server/app-page.runtime.dev.js:35:274748)
    at ej (/Users/knowprajjwal/LearningPlatform/node_modules/next/dist/compiled/next-server/app-page.runtime.dev.js:35:264992)
    at e_ (/Users/knowprajjwal/LearningPlatform/node_modules/next/dist/compiled/next-server/app-page.runtime.dev.js:35:264034)
    at e (/Users/knowprajjwal/LearningPlatform/node_modules/next/dist/compiled/next-server/app-page.runtime.dev.js:35:268296)
    at eF (/Users/knowprajjwal/LearningPlatform/node_modules/next/dist/compiled/next-server/app-page.runtime.dev.js:35:268784)
    at /Users/knowprajjwal/LearningPlatform/node_modules/next/dist/compiled/next-server/app-page.runtime.dev.js:35:266015
    at Array.toJSON (/Users/knowprajjwal/LearningPlatform/node_modules/next/dist/compiled/next-server/app-page.runtime.dev.js:35:266479)
    at stringify (<anonymous>)
    at eq (/Users/knowprajjwal/LearningPlatform/node_modules/next/dist/compiled/next-server/app-page.runtime.dev.js:35:274847)
    at eJ (/Users/knowprajjwal/LearningPlatform/node_modules/next/dist/compiled/next-server/app-page.runtime.dev.js:35:275365)
    at Timeout._onTimeout (/Users/knowprajjwal/LearningPlatform/node_modules/next/dist/compiled/next-server/app-page.runtime.dev.js:35:265152)
    at listOnTimeout (node:internal/timers:588:17)
    at process.processTimers (node:internal/timers:523:7)
[ 1415268ms] Error: Course not found: brsr
    at getCourse (webpack-internal:///(rsc)/./src/lib/courses.ts:48:15)
    at CourseLayout (webpack-internal:///(rsc)/./src/app/courses/[courseId]/layout.tsx:17:75)
    at e_ (/Users/knowprajjwal/LearningPlatform/node_modules/next/dist/compiled/next-server/app-page.runtime.dev.js:35:264164)
    at e (/Users/knowprajjwal/LearningPlatform/node_modules/next/dist/compiled/next-server/app-page.runtime.dev.js:35:268296)
    at eF (/Users/knowprajjwal/LearningPlatform/node_modules/next/dist/compiled/next-server/app-page.runtime.dev.js:35:268784)
    at eq (/Users/knowprajjwal/LearningPlatform/node_modules/next/dist/compiled/next-server/app-page.runtime.dev.js:35:274748)
    at ej (/Users/knowprajjwal/LearningPlatform/node_modules/next/dist/compiled/next-server/app-page.runtime.dev.js:35:264992)
    at e_ (/Users/knowprajjwal/LearningPlatform/node_modules/next/dist/compiled/next-server/app-page.runtime.dev.js:35:264034)
    at e (/Users/knowprajjwal/LearningPlatform/node_modules/next/dist/compiled/next-server/app-page.runtime.dev.js:35:268296)
    at eF (/Users/knowprajjwal/LearningPlatform/node_modules/next/dist/compiled/next-server/app-page.runtime.dev.js:35:268784)
    at /Users/knowprajjwal/LearningPlatform/node_modules/next/dist/compiled/next-server/app-page.runtime.dev.js:35:266015
    at Array.toJSON (/Users/knowprajjwal/LearningPlatform/node_modules/next/dist/compiled/next-server/app-page.runtime.dev.js:35:266479)
    at stringify (<anonymous>)
    at eq (/Users/knowprajjwal/LearningPlatform/node_modules/next/dist/compiled/next-server/app-page.runtime.dev.js:35:274847)
    at eJ (/Users/knowprajjwal/LearningPlatform/node_modules/next/dist/compiled/next-server/app-page.runtime.dev.js:35:275365)
    at Timeout._onTimeout (/Users/knowprajjwal/LearningPlatform/node_modules/next/dist/compiled/next-server/app-page.runtime.dev.js:35:265152)
    at listOnTimeout (node:internal/timers:588:17)
    at process.processTimers (node:internal/timers:523:7)
[ 1415269ms] [ERROR] The above error occurred in the <NotFoundErrorBoundary> component:

    at InnerLayoutRouter (webpack-internal:///(app-pages-browser)/./node_modules/next/dist/client/components/layout-router.js:243:11)
    at RedirectErrorBoundary (webpack-internal:///(app-pages-browser)/./node_modules/next/dist/client/components/redirect-boundary.js:74:9)
    at RedirectBoundary (webpack-internal:///(app-pages-browser)/./node_modules/next/dist/client/components/redirect-boundary.js:82:11)
    at NotFoundBoundary (webpack-internal:///(app-pages-browser)/./node_modules/next/dist/client/components/not-found-boundary.js:84:11)
    at LoadingBoundary (webpack-internal:///(app-pages-browser)/./node_modules/next/dist/client/components/layout-router.js:349:11)
    at ErrorBoundary (webpack-internal:///(app-pages-browser)/./node_modules/next/dist/client/components/error-boundary.js:160:11)
    at InnerScrollAndFocusHandler (webpack-internal:///(app-pages-browser)/./node_modules/next/dist/client/components/layout-router.js:153:9)
    at ScrollAndFocusHandler (webpack-internal:///(app-pages-browser)/./node_modules/next/dist/client/components/layout-router.js:228:11)
    at RenderFromTemplateContext (webpack-internal:///(app-pages-browser)/./node_modules/next/dist/client/components/render-from-template-context.js:16:44)
    at OuterLayoutRouter (webpack-internal:///(app-pages-browser)/./node_modules/next/dist/client/components/layout-router.js:370:11)
    at InnerLayoutRouter (webpack-internal:///(app-pages-browser)/./node_modules/next/dist/client/components/layout-router.js:243:11)
    at RedirectErrorBoundary (webpack-internal:///(app-pages-browser)/./node_modules/next/dist/client/components/redirect-boundary.js:74:9)
    at RedirectBoundary (webpack-internal:///(app-pages-browser)/./node_modules/next/dist/client/components/redirect-boundary.js:82:11)
    at NotFoundErrorBoundary (webpack-internal:///(app-pages-browser)/./node_modules/next/dist/client/components/not-found-boundary.js:76:9)
    at NotFoundBoundary (webpack-internal:///(app-pages-browser)/./node_modules/next/dist/client/components/not-found-boundary.js:84:11)
    at LoadingBoundary (webpack-internal:///(app-pages-browser)/./node_modules/next/dist/client/components/layout-router.js:349:11)
    at ErrorBoundary (webpack-internal:///(app-pages-browser)/./node_modules/next/dist/client/components/error-boundary.js:160:11)
    at InnerScrollAndFocusHandler (webpack-internal:///(app-pages-browser)/./node_modules/next/dist/client/components/layout-router.js:153:9)
    at ScrollAndFocusHandler (webpack-internal:///(app-pages-browser)/./node_modules/next/dist/client/components/layout-router.js:228:11)
    at RenderFromTemplateContext (webpack-internal:///(app-pages-browser)/./node_modules/next/dist/client/components/render-from-template-context.js:16:44)
    at OuterLayoutRouter (webpack-internal:///(app-pages-browser)/./node_modules/next/dist/client/components/layout-router.js:370:11)
    at __experimental_CheckoutProvider (webpack-internal:///(app-pages-browser)/./node_modules/@clerk/shared/dist/runtime/react/index.mjs:136:44)
    at SWRConfig (webpack-internal:///(app-pages-browser)/./node_modules/swr/dist/_internal/config-context-client-BoS53ST9.mjs:554:13)
    at SWRConfigCompat (webpack-internal:///(app-pages-browser)/./node_modules/@clerk/shared/dist/runtime/react/index.mjs:124:28)
    at OrganizationProvider (webpack-internal:///(app-pages-browser)/./node_modules/@clerk/shared/dist/runtime/react/index.mjs:148:33)
    at ClerkContextProvider (webpack-internal:///(app-pages-browser)/./node_modules/@clerk/clerk-react/dist/index.mjs:1849:11)
    at ClerkProviderBase (webpack-internal:///(app-pages-browser)/./node_modules/@clerk/clerk-react/dist/index.mjs:1941:11)
    at Hoc (webpack-internal:///(app-pages-browser)/./node_modules/@clerk/clerk-react/dist/chunk-THNCS7QR.mjs:84:5)
    at ClerkNextOptionsProvider (webpack-internal:///(app-pages-browser)/./node_modules/@clerk/nextjs/dist/esm/client-boundary/NextOptionsContext.js:17:11)
    at NextClientClerkProvider (webpack-internal:///(app-pages-browser)/./node_modules/@clerk/nextjs/dist/esm/app-router/client/ClerkProvider.js:62:13)
    at ClientClerkProvider (webpack-internal:///(app-pages-browser)/./node_modules/@clerk/nextjs/dist/esm/app-router/client/ClerkProvider.js:135:13)
    at ClerkProvider (Server)
    at body
    at html
    at RootLayout (Server)
    at RedirectErrorBoundary (webpack-internal:///(app-pages-browser)/./node_modules/next/dist/client/components/redirect-boundary.js:74:9)
    at RedirectBoundary (webpack-internal:///(app-pages-browser)/./node_modules/next/dist/client/components/redirect-boundary.js:82:11)
    at NotFoundErrorBoundary (webpack-internal:///(app-pages-browser)/./node_modules/next/dist/client/components/not-found-boundary.js:76:9)
    at NotFoundBoundary (webpack-internal:///(app-pages-browser)/./node_modules/next/dist/client/components/not-found-boundary.js:84:11)
    at DevRootNotFoundBoundary (webpack-internal:///(app-pages-browser)/./node_modules/next/dist/client/components/dev-root-not-found-boundary.js:33:11)
    at ReactDevOverlay (webpack-internal:///(app-pages-browser)/./node_modules/next/dist/client/components/react-dev-overlay/app/ReactDevOverlay.js:87:9)
    at HotReload (webpack-internal:///(app-pages-browser)/./node_modules/next/dist/client/components/react-dev-overlay/app/hot-reloader-client.js:321:11)
    at Router (webpack-internal:///(app-pages-browser)/./node_modules/next/dist/client/components/app-router.js:207:11)
    at ErrorBoundaryHandler (webpack-internal:///(app-pages-browser)/./node_modules/next/dist/client/components/error-boundary.js:113:9)
    at ErrorBoundary (webpack-internal:///(app-pages-browser)/./node_modules/next/dist/client/components/error-boundary.js:160:11)
    at AppRouter (webpack-internal:///(app-pages-browser)/./node_modules/next/dist/client/components/app-router.js:585:13)
    at ServerRoot (webpack-internal:///(app-pages-browser)/./node_modules/next/dist/client/app-index.js:112:27)
    at Root (webpack-internal:///(app-pages-browser)/./node_modules/next/dist/client/app-index.js:117:11)
    at ReactDevOverlay (webpack-internal:///(app-pages-browser)/./node_modules/next/dist/client/components/react-dev-overlay/app/ReactDevOverlay.js:87:9)

React will try to recreate this component tree from scratch using the error boundary you provided, ReactDevOverlay. @ webpack-internal:///(app-pages-browser)/./node_modules/next/dist/client/app-index.js:32
[ 1415796ms] [ERROR] Failed to load resource: the server responded with a status of 400 () @ https://clerk.greentryst.com/v1/environment?__clerk_api_version=2025-11-10&_clerk_js_version=5.125.7:0
[ 1415798ms] [ERROR] Failed to load resource: the server responded with a status of 400 () @ https://clerk.greentryst.com/v1/client?__clerk_api_version=2025-11-10&_clerk_js_version=5.125.7:0
[ 1415799ms] [ERROR] e: Clerk: Production Keys are only allowed for domain "greentryst.com". 
API Error: The Request HTTP Origin header must be equal to or a subdomain of the requesting URL.
    at https://clerk.greentryst.com/npm/@clerk/clerk-js@5/dist/clerk.browser.js:2:7182
    at u._baseFetch (https://clerk.greentryst.com/npm/@clerk/clerk-js@5/dist/clerk.browser.js:3:38)
    at async d.execute (https://clerk.greentryst.com/npm/@clerk/clerk-js@5/dist/clerk.browser.js:2:5226)
    at async s._baseGet (https://clerk.greentryst.com/npm/@clerk/clerk-js@5/dist/clerk.browser.js:3:567)
    at async Promise.all (index 1)
    at async #U (https://clerk.greentryst.com/npm/@clerk/clerk-js@5/dist/clerk.browser.js:5:73541)
    at async e5.load (https://clerk.greentryst.com/npm/@clerk/clerk-js@5/dist/clerk.browser.js:5:34322)
    at async _IsomorphicClerk.loadClerkJS (webpack-internal:///(app-pages-browser)/./node_modules/@clerk/clerk-react/dist/index.mjs:1746:9) @ webpack-internal:///(app-pages-browser)/./node_modules/next/dist/client/app-index.js:32
[ 1418800ms] [WARNING] The resource http://localhost:5001/_next/static/css/app/layout.css?v=1775994936014 was preloaded using link preload but not used within a few seconds from the window's load event. Please make sure it has an appropriate `as` value and it is preloaded intentionally. @ http://localhost:5001/courses/brsr:0
[ 1637514ms] [INFO] %cDownload the React DevTools for a better development experience: https://reactjs.org/link/react-devtools font-weight:bold @ webpack-internal:///(app-pages-browser)/./node_modules/next/dist/compiled/react-dom/cjs/react-dom.development.js:38559
[ 1637946ms] [ERROR] Failed to load resource: the server responded with a status of 400 () @ https://clerk.greentryst.com/v1/client?__clerk_api_version=2025-11-10&_clerk_js_version=5.125.7:0
[ 1637966ms] [ERROR] Failed to load resource: the server responded with a status of 400 () @ https://clerk.greentryst.com/v1/environment?__clerk_api_version=2025-11-10&_clerk_js_version=5.125.7:0
[ 1637967ms] [ERROR] e: Clerk: Production Keys are only allowed for domain "greentryst.com". 
API Error: The Request HTTP Origin header must be equal to or a subdomain of the requesting URL.
    at https://clerk.greentryst.com/npm/@clerk/clerk-js@5/dist/clerk.browser.js:2:7182
    at u._baseFetch (https://clerk.greentryst.com/npm/@clerk/clerk-js@5/dist/clerk.browser.js:3:38)
    at async d.execute (https://clerk.greentryst.com/npm/@clerk/clerk-js@5/dist/clerk.browser.js:2:5226)
    at async s._baseGet (https://clerk.greentryst.com/npm/@clerk/clerk-js@5/dist/clerk.browser.js:3:567)
    at async Promise.all (index 1)
    at async #U (https://clerk.greentryst.com/npm/@clerk/clerk-js@5/dist/clerk.browser.js:5:73541)
    at async e5.load (https://clerk.greentryst.com/npm/@clerk/clerk-js@5/dist/clerk.browser.js:5:34322)
    at async _IsomorphicClerk.loadClerkJS (webpack-internal:///(app-pages-browser)/./node_modules/@clerk/clerk-react/dist/index.mjs:1746:9) @ webpack-internal:///(app-pages-browser)/./node_modules/next/dist/client/app-index.js:32
[ 1638294ms] [ERROR] Failed to load resource: the server responded with a status of 400 () @ https://clerk.greentryst.com/v1/client?__clerk_api_version=2025-11-10&_clerk_js_version=5.125.7:0
[ 1638318ms] [ERROR] Failed to load resource: the server responded with a status of 400 () @ https://clerk.greentryst.com/v1/environment?__clerk_api_version=2025-11-10&_clerk_js_version=5.125.7:0
[ 1638319ms] [ERROR] e: Clerk: Production Keys are only allowed for domain "greentryst.com". 
API Error: The Request HTTP Origin header must be equal to or a subdomain of the requesting URL.
    at https://clerk.greentryst.com/npm/@clerk/clerk-js@5/dist/clerk.browser.js:2:7182
    at u._baseFetch (https://clerk.greentryst.com/npm/@clerk/clerk-js@5/dist/clerk.browser.js:3:38)
    at async d.execute (https://clerk.greentryst.com/npm/@clerk/clerk-js@5/dist/clerk.browser.js:2:5226)
    at async s._baseGet (https://clerk.greentryst.com/npm/@clerk/clerk-js@5/dist/clerk.browser.js:3:567)
    at async Promise.all (index 1)
    at async #U (https://clerk.greentryst.com/npm/@clerk/clerk-js@5/dist/clerk.browser.js:5:73541)
    at async e5.load (https://clerk.greentryst.com/npm/@clerk/clerk-js@5/dist/clerk.browser.js:5:34322)
    at async _IsomorphicClerk.loadClerkJS (webpack-internal:///(app-pages-browser)/./node_modules/@clerk/clerk-react/dist/index.mjs:1746:9) @ webpack-internal:///(app-pages-browser)/./node_modules/next/dist/client/app-index.js:32
[ 1711663ms] [LOG] [Fast Refresh] rebuilding @ webpack-internal:///(app-pages-browser)/./node_modules/next/dist/client/components/react-dev-overlay/app/hot-reloader-client.js:186
[ 1712388ms] [LOG] [Fast Refresh] done in 726ms @ webpack-internal:///(app-pages-browser)/./node_modules/next/dist/client/components/react-dev-overlay/app/hot-reloader-client.js:43
[ 1723284ms] [LOG] [Fast Refresh] rebuilding @ webpack-internal:///(app-pages-browser)/./node_modules/next/dist/client/components/react-dev-overlay/app/hot-reloader-client.js:186
[ 1723659ms] [LOG] [Fast Refresh] done in 376ms @ webpack-internal:///(app-pages-browser)/./node_modules/next/dist/client/components/react-dev-overlay/app/hot-reloader-client.js:43
[ 1934195ms] [LOG] [Fast Refresh] rebuilding @ webpack-internal:///(app-pages-browser)/./node_modules/next/dist/client/components/react-dev-overlay/app/hot-reloader-client.js:186
[ 1935041ms] [LOG] [Fast Refresh] done in 849ms @ webpack-internal:///(app-pages-browser)/./node_modules/next/dist/client/components/react-dev-overlay/app/hot-reloader-client.js:43
[ 1947049ms] [LOG] [Fast Refresh] rebuilding @ webpack-internal:///(app-pages-browser)/./node_modules/next/dist/client/components/react-dev-overlay/app/hot-reloader-client.js:186
[ 1947497ms] [LOG] [Fast Refresh] done in 448ms @ webpack-internal:///(app-pages-browser)/./node_modules/next/dist/client/components/react-dev-overlay/app/hot-reloader-client.js:43
[ 1957860ms] [LOG] [Fast Refresh] rebuilding @ webpack-internal:///(app-pages-browser)/./node_modules/next/dist/client/components/react-dev-overlay/app/hot-reloader-client.js:186
[ 1958375ms] [LOG] [Fast Refresh] done in 514ms @ webpack-internal:///(app-pages-browser)/./node_modules/next/dist/client/components/react-dev-overlay/app/hot-reloader-client.js:43
[ 1982838ms] [LOG] [Fast Refresh] rebuilding @ webpack-internal:///(app-pages-browser)/./node_modules/next/dist/client/components/react-dev-overlay/app/hot-reloader-client.js:186
[ 1983476ms] [LOG] [Fast Refresh] done in 639ms @ webpack-internal:///(app-pages-browser)/./node_modules/next/dist/client/components/react-dev-overlay/app/hot-reloader-client.js:43
[ 2520381ms] [LOG] [Fast Refresh] rebuilding @ webpack-internal:///(app-pages-browser)/./node_modules/next/dist/client/components/react-dev-overlay/app/hot-reloader-client.js:186
[ 2520848ms] [LOG] [Fast Refresh] done in 467ms @ webpack-internal:///(app-pages-browser)/./node_modules/next/dist/client/components/react-dev-overlay/app/hot-reloader-client.js:43
[ 2541202ms] [LOG] [Fast Refresh] rebuilding @ webpack-internal:///(app-pages-browser)/./node_modules/next/dist/client/components/react-dev-overlay/app/hot-reloader-client.js:186
[ 2541649ms] [LOG] [Fast Refresh] rebuilding @ webpack-internal:///(app-pages-browser)/./node_modules/next/dist/client/components/react-dev-overlay/app/hot-reloader-client.js:186
[ 2541708ms] [LOG] [Fast Refresh] done in 59ms @ webpack-internal:///(app-pages-browser)/./node_modules/next/dist/client/components/react-dev-overlay/app/hot-reloader-client.js:43
[ 2543090ms] [LOG] [Fast Refresh] done in 1440ms @ webpack-internal:///(app-pages-browser)/./node_modules/next/dist/client/components/react-dev-overlay/app/hot-reloader-client.js:43
[ 2559155ms] [LOG] [Fast Refresh] rebuilding @ webpack-internal:///(app-pages-browser)/./node_modules/next/dist/client/components/react-dev-overlay/app/hot-reloader-client.js:186
[ 2559523ms] [LOG] [Fast Refresh] rebuilding @ webpack-internal:///(app-pages-browser)/./node_modules/next/dist/client/components/react-dev-overlay/app/hot-reloader-client.js:186
[ 2559560ms] [LOG] [Fast Refresh] done in 38ms @ webpack-internal:///(app-pages-browser)/./node_modules/next/dist/client/components/react-dev-overlay/app/hot-reloader-client.js:43
[ 2559855ms] [LOG] [Fast Refresh] done in 333ms @ webpack-internal:///(app-pages-browser)/./node_modules/next/dist/client/components/react-dev-overlay/app/hot-reloader-client.js:43
[ 2570754ms] [LOG] [Fast Refresh] rebuilding @ webpack-internal:///(app-pages-browser)/./node_modules/next/dist/client/components/react-dev-overlay/app/hot-reloader-client.js:186
[ 2571391ms] [LOG] [Fast Refresh] done in 636ms @ webpack-internal:///(app-pages-browser)/./node_modules/next/dist/client/components/react-dev-overlay/app/hot-reloader-client.js:43
[ 2582001ms] [LOG] [Fast Refresh] rebuilding @ webpack-internal:///(app-pages-browser)/./node_modules/next/dist/client/components/react-dev-overlay/app/hot-reloader-client.js:186
[ 2582542ms] [LOG] [Fast Refresh] done in 541ms @ webpack-internal:///(app-pages-browser)/./node_modules/next/dist/client/components/react-dev-overlay/app/hot-reloader-client.js:43
[ 2611616ms] [LOG] [Fast Refresh] rebuilding @ webpack-internal:///(app-pages-browser)/./node_modules/next/dist/client/components/react-dev-overlay/app/hot-reloader-client.js:186
[ 2611926ms] [LOG] [Fast Refresh] rebuilding @ webpack-internal:///(app-pages-browser)/./node_modules/next/dist/client/components/react-dev-overlay/app/hot-reloader-client.js:186
[ 2611944ms] [LOG] [Fast Refresh] done in 17ms @ webpack-internal:///(app-pages-browser)/./node_modules/next/dist/client/components/react-dev-overlay/app/hot-reloader-client.js:43
[ 2612299ms] [LOG] [Fast Refresh] done in 372ms @ webpack-internal:///(app-pages-browser)/./node_modules/next/dist/client/components/react-dev-overlay/app/hot-reloader-client.js:43
[ 2639195ms] [LOG] [Fast Refresh] rebuilding @ webpack-internal:///(app-pages-browser)/./node_modules/next/dist/client/components/react-dev-overlay/app/hot-reloader-client.js:186
[ 2639589ms] [LOG] [Fast Refresh] rebuilding @ webpack-internal:///(app-pages-browser)/./node_modules/next/dist/client/components/react-dev-overlay/app/hot-reloader-client.js:186
[ 2639613ms] [LOG] [Fast Refresh] done in 24ms @ webpack-internal:///(app-pages-browser)/./node_modules/next/dist/client/components/react-dev-overlay/app/hot-reloader-client.js:43
[ 2640107ms] [LOG] [Fast Refresh] done in 518ms @ webpack-internal:///(app-pages-browser)/./node_modules/next/dist/client/components/react-dev-overlay/app/hot-reloader-client.js:43
[ 2661267ms] [LOG] [Fast Refresh] rebuilding @ webpack-internal:///(app-pages-browser)/./node_modules/next/dist/client/components/react-dev-overlay/app/hot-reloader-client.js:186
[ 2661585ms] [LOG] [Fast Refresh] rebuilding @ webpack-internal:///(app-pages-browser)/./node_modules/next/dist/client/components/react-dev-overlay/app/hot-reloader-client.js:186
[ 2661608ms] [LOG] [Fast Refresh] done in 22ms @ webpack-internal:///(app-pages-browser)/./node_modules/next/dist/client/components/react-dev-overlay/app/hot-reloader-client.js:43
[ 2662002ms] [LOG] [Fast Refresh] done in 417ms @ webpack-internal:///(app-pages-browser)/./node_modules/next/dist/client/components/react-dev-overlay/app/hot-reloader-client.js:43
[ 2677790ms] [LOG] [Fast Refresh] rebuilding @ webpack-internal:///(app-pages-browser)/./node_modules/next/dist/client/components/react-dev-overlay/app/hot-reloader-client.js:186
[ 2678152ms] [LOG] [Fast Refresh] rebuilding @ webpack-internal:///(app-pages-browser)/./node_modules/next/dist/client/components/react-dev-overlay/app/hot-reloader-client.js:186
[ 2678175ms] [LOG] [Fast Refresh] done in 24ms @ webpack-internal:///(app-pages-browser)/./node_modules/next/dist/client/components/react-dev-overlay/app/hot-reloader-client.js:43
[ 2678462ms] [LOG] [Fast Refresh] done in 311ms @ webpack-internal:///(app-pages-browser)/./node_modules/next/dist/client/components/react-dev-overlay/app/hot-reloader-client.js:43
[ 2681439ms] [LOG] [Fast Refresh] rebuilding @ webpack-internal:///(app-pages-browser)/./node_modules/next/dist/client/components/react-dev-overlay/app/hot-reloader-client.js:186
[ 2681695ms] [LOG] [Fast Refresh] done in 256ms @ webpack-internal:///(app-pages-browser)/./node_modules/next/dist/client/components/react-dev-overlay/app/hot-reloader-client.js:43
[ 2705419ms] [LOG] [Fast Refresh] rebuilding @ webpack-internal:///(app-pages-browser)/./node_modules/next/dist/client/components/react-dev-overlay/app/hot-reloader-client.js:186
[ 2705979ms] [LOG] [Fast Refresh] done in 561ms @ webpack-internal:///(app-pages-browser)/./node_modules/next/dist/client/components/react-dev-overlay/app/hot-reloader-client.js:43
[ 2724703ms] [LOG] [Fast Refresh] rebuilding @ webpack-internal:///(app-pages-browser)/./node_modules/next/dist/client/components/react-dev-overlay/app/hot-reloader-client.js:186
[ 2725322ms] [LOG] [Fast Refresh] done in 620ms @ webpack-internal:///(app-pages-browser)/./node_modules/next/dist/client/components/react-dev-overlay/app/hot-reloader-client.js:43
[ 2732214ms] [LOG] [Fast Refresh] rebuilding @ webpack-internal:///(app-pages-browser)/./node_modules/next/dist/client/components/react-dev-overlay/app/hot-reloader-client.js:186
[ 2732628ms] [LOG] [Fast Refresh] rebuilding @ webpack-internal:///(app-pages-browser)/./node_modules/next/dist/client/components/react-dev-overlay/app/hot-reloader-client.js:186
[ 2732658ms] [LOG] [Fast Refresh] done in 30ms @ webpack-internal:///(app-pages-browser)/./node_modules/next/dist/client/components/react-dev-overlay/app/hot-reloader-client.js:43
[ 2733111ms] [LOG] [Fast Refresh] done in 483ms @ webpack-internal:///(app-pages-browser)/./node_modules/next/dist/client/components/react-dev-overlay/app/hot-reloader-client.js:43
[ 2752580ms] [LOG] [Fast Refresh] rebuilding @ webpack-internal:///(app-pages-browser)/./node_modules/next/dist/client/components/react-dev-overlay/app/hot-reloader-client.js:186
[ 2753328ms] [LOG] [Fast Refresh] done in 748ms @ webpack-internal:///(app-pages-browser)/./node_modules/next/dist/client/components/react-dev-overlay/app/hot-reloader-client.js:43
[ 2766640ms] [LOG] [Fast Refresh] rebuilding @ webpack-internal:///(app-pages-browser)/./node_modules/next/dist/client/components/react-dev-overlay/app/hot-reloader-client.js:186
[ 2767164ms] [LOG] [Fast Refresh] done in 524ms @ webpack-internal:///(app-pages-browser)/./node_modules/next/dist/client/components/react-dev-overlay/app/hot-reloader-client.js:43
[ 2868573ms] [LOG] [Fast Refresh] rebuilding @ webpack-internal:///(app-pages-browser)/./node_modules/next/dist/client/components/react-dev-overlay/app/hot-reloader-client.js:186
[ 2869526ms] [LOG] [Fast Refresh] done in 956ms @ webpack-internal:///(app-pages-browser)/./node_modules/next/dist/client/components/react-dev-overlay/app/hot-reloader-client.js:43
[ 2900000ms] [LOG] [Fast Refresh] rebuilding @ webpack-internal:///(app-pages-browser)/./node_modules/next/dist/client/components/react-dev-overlay/app/hot-reloader-client.js:186
[ 2900671ms] [LOG] [Fast Refresh] done in 673ms @ webpack-internal:///(app-pages-browser)/./node_modules/next/dist/client/components/react-dev-overlay/app/hot-reloader-client.js:43
[ 2905371ms] [LOG] [Fast Refresh] rebuilding @ webpack-internal:///(app-pages-browser)/./node_modules/next/dist/client/components/react-dev-overlay/app/hot-reloader-client.js:186
[ 2905805ms] [LOG] [Fast Refresh] done in 434ms @ webpack-internal:///(app-pages-browser)/./node_modules/next/dist/client/components/react-dev-overlay/app/hot-reloader-client.js:43
[ 2905824ms] [LOG] [Fast Refresh] rebuilding @ webpack-internal:///(app-pages-browser)/./node_modules/next/dist/client/components/react-dev-overlay/app/hot-reloader-client.js:186
[ 2906140ms] [LOG] [Fast Refresh] rebuilding @ webpack-internal:///(app-pages-browser)/./node_modules/next/dist/client/components/react-dev-overlay/app/hot-reloader-client.js:186
[ 2906155ms] [LOG] [Fast Refresh] done in 15ms @ webpack-internal:///(app-pages-browser)/./node_modules/next/dist/client/components/react-dev-overlay/app/hot-reloader-client.js:43
[ 2907013ms] [LOG] [Fast Refresh] done in 872ms @ webpack-internal:///(app-pages-browser)/./node_modules/next/dist/client/components/react-dev-overlay/app/hot-reloader-client.js:43
[ 2910300ms] [WARNING] The resource http://localhost:5001/_next/static/css/app/layout.css?v=1775996426850 was preloaded using link preload but not used within a few seconds from the window's load event. Please make sure it has an appropriate `as` value and it is preloaded intentionally. @ http://localhost:5001/redesign/dashboard:0
[ 2910300ms] [WARNING] The resource http://localhost:5001/_next/static/css/app/redesign/layout.css?v=1775996426850 was preloaded using link preload but not used within a few seconds from the window's load event. Please make sure it has an appropriate `as` value and it is preloaded intentionally. @ http://localhost:5001/redesign/dashboard:0
[ 2910396ms] [LOG] [Fast Refresh] rebuilding @ webpack-internal:///(app-pages-browser)/./node_modules/next/dist/client/components/react-dev-overlay/app/hot-reloader-client.js:186
[ 2910739ms] [LOG] [Fast Refresh] done in 342ms @ webpack-internal:///(app-pages-browser)/./node_modules/next/dist/client/components/react-dev-overlay/app/hot-reloader-client.js:43
[ 2913804ms] [WARNING] The resource http://localhost:5001/_next/static/css/app/layout.css?v=1775996426850 was preloaded using link preload but not used within a few seconds from the window's load event. Please make sure it has an appropriate `as` value and it is preloaded intentionally. @ http://localhost:5001/redesign/dashboard:0
[ 2913804ms] [WARNING] The resource http://localhost:5001/_next/static/css/app/redesign/layout.css?v=1775996426850 was preloaded using link preload but not used within a few seconds from the window's load event. Please make sure it has an appropriate `as` value and it is preloaded intentionally. @ http://localhost:5001/redesign/dashboard:0
[ 2917364ms] [LOG] [Fast Refresh] rebuilding @ webpack-internal:///(app-pages-browser)/./node_modules/next/dist/client/components/react-dev-overlay/app/hot-reloader-client.js:186
[ 2917707ms] [LOG] [Fast Refresh] done in 344ms @ webpack-internal:///(app-pages-browser)/./node_modules/next/dist/client/components/react-dev-overlay/app/hot-reloader-client.js:43
[ 2920783ms] [WARNING] The resource http://localhost:5001/_next/static/css/app/layout.css?v=1775996426850 was preloaded using link preload but not used within a few seconds from the window's load event. Please make sure it has an appropriate `as` value and it is preloaded intentionally. @ http://localhost:5001/redesign/dashboard:0
[ 2920783ms] [WARNING] The resource http://localhost:5001/_next/static/css/app/redesign/layout.css?v=1775996426850 was preloaded using link preload but not used within a few seconds from the window's load event. Please make sure it has an appropriate `as` value and it is preloaded intentionally. @ http://localhost:5001/redesign/dashboard:0
[ 3053800ms] [LOG] [Fast Refresh] rebuilding @ webpack-internal:///(app-pages-browser)/./node_modules/next/dist/client/components/react-dev-overlay/app/hot-reloader-client.js:186
[ 3054508ms] [LOG] [Fast Refresh] done in 710ms @ webpack-internal:///(app-pages-browser)/./node_modules/next/dist/client/components/react-dev-overlay/app/hot-reloader-client.js:43
[ 3055177ms] [LOG] [Fast Refresh] rebuilding @ webpack-internal:///(app-pages-browser)/./node_modules/next/dist/client/components/react-dev-overlay/app/hot-reloader-client.js:186
[ 3055491ms] [LOG] [Fast Refresh] done in 315ms @ webpack-internal:///(app-pages-browser)/./node_modules/next/dist/client/components/react-dev-overlay/app/hot-reloader-client.js:43
[ 3058545ms] [WARNING] The resource http://localhost:5001/_next/static/css/app/layout.css?v=1775996426850 was preloaded using link preload but not used within a few seconds from the window's load event. Please make sure it has an appropriate `as` value and it is preloaded intentionally. @ http://localhost:5001/redesign/dashboard:0
[ 3058545ms] [WARNING] The resource http://localhost:5001/_next/static/css/app/redesign/layout.css?v=1775996426850 was preloaded using link preload but not used within a few seconds from the window's load event. Please make sure it has an appropriate `as` value and it is preloaded intentionally. @ http://localhost:5001/redesign/dashboard:0
[ 3068307ms] [LOG] [Fast Refresh] rebuilding @ webpack-internal:///(app-pages-browser)/./node_modules/next/dist/client/components/react-dev-overlay/app/hot-reloader-client.js:186
[ 3068959ms] [LOG] [Fast Refresh] rebuilding @ webpack-internal:///(app-pages-browser)/./node_modules/next/dist/client/components/react-dev-overlay/app/hot-reloader-client.js:186
[ 3070532ms] [LOG] [Fast Refresh] rebuilding @ webpack-internal:///(app-pages-browser)/./node_modules/next/dist/client/components/react-dev-overlay/app/hot-reloader-client.js:186
[ 3071081ms] [LOG] [Fast Refresh] rebuilding @ webpack-internal:///(app-pages-browser)/./node_modules/next/dist/client/components/react-dev-overlay/app/hot-reloader-client.js:186
[ 3071921ms] [LOG] [Fast Refresh] done in 840ms @ webpack-internal:///(app-pages-browser)/./node_modules/next/dist/client/components/react-dev-overlay/app/hot-reloader-client.js:43
[ 3072337ms] [LOG] [Fast Refresh] done in 1256ms @ webpack-internal:///(app-pages-browser)/./node_modules/next/dist/client/components/react-dev-overlay/app/hot-reloader-client.js:43
[ 3072518ms] [LOG] [Fast Refresh] done in 1437ms @ webpack-internal:///(app-pages-browser)/./node_modules/next/dist/client/components/react-dev-overlay/app/hot-reloader-client.js:43
[ 3072637ms] [LOG] [Fast Refresh] done in 1557ms @ webpack-internal:///(app-pages-browser)/./node_modules/next/dist/client/components/react-dev-overlay/app/hot-reloader-client.js:43
[ 3075699ms] [WARNING] The resource http://localhost:5001/_next/static/css/app/layout.css?v=1775996426850 was preloaded using link preload but not used within a few seconds from the window's load event. Please make sure it has an appropriate `as` value and it is preloaded intentionally. @ http://localhost:5001/redesign/dashboard:0
[ 3075700ms] [WARNING] The resource http://localhost:5001/_next/static/css/app/redesign/layout.css?v=1775996426850 was preloaded using link preload but not used within a few seconds from the window's load event. Please make sure it has an appropriate `as` value and it is preloaded intentionally. @ http://localhost:5001/redesign/dashboard:0
[ 3141497ms] [LOG] [Fast Refresh] rebuilding @ webpack-internal:///(app-pages-browser)/./node_modules/next/dist/client/components/react-dev-overlay/app/hot-reloader-client.js:186
[ 3143502ms] [LOG] [Fast Refresh] done in 2004ms @ webpack-internal:///(app-pages-browser)/./node_modules/next/dist/client/components/react-dev-overlay/app/hot-reloader-client.js:43
[ 3146925ms] [WARNING] The resource http://localhost:5001/_next/static/css/app/layout.css?v=1775996426850 was preloaded using link preload but not used within a few seconds from the window's load event. Please make sure it has an appropriate `as` value and it is preloaded intentionally. @ http://localhost:5001/redesign/dashboard:0
[ 3146925ms] [WARNING] The resource http://localhost:5001/_next/static/css/app/redesign/layout.css?v=1775996426850 was preloaded using link preload but not used within a few seconds from the window's load event. Please make sure it has an appropriate `as` value and it is preloaded intentionally. @ http://localhost:5001/redesign/dashboard:0
[ 3155292ms] [LOG] [Fast Refresh] rebuilding @ webpack-internal:///(app-pages-browser)/./node_modules/next/dist/client/components/react-dev-overlay/app/hot-reloader-client.js:186
[ 3156136ms] [LOG] [Fast Refresh] done in 843ms @ webpack-internal:///(app-pages-browser)/./node_modules/next/dist/client/components/react-dev-overlay/app/hot-reloader-client.js:43
[ 3158869ms] [LOG] [Fast Refresh] rebuilding @ webpack-internal:///(app-pages-browser)/./node_modules/next/dist/client/components/react-dev-overlay/app/hot-reloader-client.js:186
[ 3159138ms] [WARNING] The resource http://localhost:5001/_next/static/css/app/layout.css?v=1775996426850 was preloaded using link preload but not used within a few seconds from the window's load event. Please make sure it has an appropriate `as` value and it is preloaded intentionally. @ http://localhost:5001/redesign/dashboard:0
[ 3159138ms] [WARNING] The resource http://localhost:5001/_next/static/css/app/redesign/layout.css?v=1775996426850 was preloaded using link preload but not used within a few seconds from the window's load event. Please make sure it has an appropriate `as` value and it is preloaded intentionally. @ http://localhost:5001/redesign/dashboard:0
[ 3160143ms] [LOG] [Fast Refresh] done in 1277ms @ webpack-internal:///(app-pages-browser)/./node_modules/next/dist/client/components/react-dev-overlay/app/hot-reloader-client.js:43
[ 3163336ms] [WARNING] The resource http://localhost:5001/_next/static/css/app/layout.css?v=1775996426850 was preloaded using link preload but not used within a few seconds from the window's load event. Please make sure it has an appropriate `as` value and it is preloaded intentionally. @ http://localhost:5001/redesign/dashboard:0
[ 3163336ms] [WARNING] The resource http://localhost:5001/_next/static/css/app/redesign/layout.css?v=1775996426850 was preloaded using link preload but not used within a few seconds from the window's load event. Please make sure it has an appropriate `as` value and it is preloaded intentionally. @ http://localhost:5001/redesign/dashboard:0
[ 3166758ms] [LOG] [Fast Refresh] rebuilding @ webpack-internal:///(app-pages-browser)/./node_modules/next/dist/client/components/react-dev-overlay/app/hot-reloader-client.js:186
[ 3167290ms] [LOG] [Fast Refresh] done in 532ms @ webpack-internal:///(app-pages-browser)/./node_modules/next/dist/client/components/react-dev-overlay/app/hot-reloader-client.js:43
[ 3168016ms] [LOG] [Fast Refresh] rebuilding @ webpack-internal:///(app-pages-browser)/./node_modules/next/dist/client/components/react-dev-overlay/app/hot-reloader-client.js:186
[ 3170293ms] [WARNING] The resource http://localhost:5001/_next/static/css/app/layout.css?v=1775996426850 was preloaded using link preload but not used within a few seconds from the window's load event. Please make sure it has an appropriate `as` value and it is preloaded intentionally. @ http://localhost:5001/redesign/dashboard:0
[ 3170293ms] [WARNING] The resource http://localhost:5001/_next/static/css/app/redesign/layout.css?v=1775996426850 was preloaded using link preload but not used within a few seconds from the window's load event. Please make sure it has an appropriate `as` value and it is preloaded intentionally. @ http://localhost:5001/redesign/dashboard:0
[ 3183164ms] [LOG] [Fast Refresh] done in 15147ms @ webpack-internal:///(app-pages-browser)/./node_modules/next/dist/client/components/react-dev-overlay/app/hot-reloader-client.js:43
[ 3184105ms] [LOG] [Fast Refresh] rebuilding @ webpack-internal:///(app-pages-browser)/./node_modules/next/dist/client/components/react-dev-overlay/app/hot-reloader-client.js:186
[ 3186167ms] [WARNING] The resource http://localhost:5001/_next/static/css/app/layout.css?v=1775996426850 was preloaded using link preload but not used within a few seconds from the window's load event. Please make sure it has an appropriate `as` value and it is preloaded intentionally. @ http://localhost:5001/redesign/dashboard:0
[ 3186167ms] [WARNING] The resource http://localhost:5001/_next/static/css/app/redesign/layout.css?v=1775996426850 was preloaded using link preload but not used within a few seconds from the window's load event. Please make sure it has an appropriate `as` value and it is preloaded intentionally. @ http://localhost:5001/redesign/dashboard:0
[ 3188473ms] [LOG] [Fast Refresh] done in 4367ms @ webpack-internal:///(app-pages-browser)/./node_modules/next/dist/client/components/react-dev-overlay/app/hot-reloader-client.js:43
[ 3191952ms] [LOG] [Fast Refresh] rebuilding @ webpack-internal:///(app-pages-browser)/./node_modules/next/dist/client/components/react-dev-overlay/app/hot-reloader-client.js:186
[ 3193153ms] [LOG] [Fast Refresh] done in 1200ms @ webpack-internal:///(app-pages-browser)/./node_modules/next/dist/client/components/react-dev-overlay/app/hot-reloader-client.js:43
[ 3196281ms] [WARNING] The resource http://localhost:5001/_next/static/css/app/layout.css?v=1775996426850 was preloaded using link preload but not used within a few seconds from the window's load event. Please make sure it has an appropriate `as` value and it is preloaded intentionally. @ http://localhost:5001/redesign/dashboard:0
[ 3196282ms] [WARNING] The resource http://localhost:5001/_next/static/css/app/redesign/layout.css?v=1775996426850 was preloaded using link preload but not used within a few seconds from the window's load event. Please make sure it has an appropriate `as` value and it is preloaded intentionally. @ http://localhost:5001/redesign/dashboard:0
[ 3285030ms] [LOG] [Fast Refresh] rebuilding @ webpack-internal:///(app-pages-browser)/./node_modules/next/dist/client/components/react-dev-overlay/app/hot-reloader-client.js:186
[ 3286253ms] [LOG] [Fast Refresh] rebuilding @ webpack-internal:///(app-pages-browser)/./node_modules/next/dist/client/components/react-dev-overlay/app/hot-reloader-client.js:186
[ 3287459ms] [LOG] [Fast Refresh] done in 1206ms @ webpack-internal:///(app-pages-browser)/./node_modules/next/dist/client/components/react-dev-overlay/app/hot-reloader-client.js:43
[ 3290511ms] [WARNING] The resource http://localhost:5001/_next/static/css/app/layout.css?v=1775996426850 was preloaded using link preload but not used within a few seconds from the window's load event. Please make sure it has an appropriate `as` value and it is preloaded intentionally. @ http://localhost:5001/redesign/dashboard:0
[ 3290511ms] [WARNING] The resource http://localhost:5001/_next/static/css/app/redesign/layout.css?v=1775996426850 was preloaded using link preload but not used within a few seconds from the window's load event. Please make sure it has an appropriate `as` value and it is preloaded intentionally. @ http://localhost:5001/redesign/dashboard:0
[ 3299458ms] [LOG] [Fast Refresh] rebuilding @ webpack-internal:///(app-pages-browser)/./node_modules/next/dist/client/components/react-dev-overlay/app/hot-reloader-client.js:186
[ 3301249ms] [LOG] [Fast Refresh] done in 1791ms @ webpack-internal:///(app-pages-browser)/./node_modules/next/dist/client/components/react-dev-overlay/app/hot-reloader-client.js:43
[ 3304262ms] [WARNING] The resource http://localhost:5001/_next/static/css/app/layout.css?v=1775996426850 was preloaded using link preload but not used within a few seconds from the window's load event. Please make sure it has an appropriate `as` value and it is preloaded intentionally. @ http://localhost:5001/redesign/dashboard:0
[ 3304263ms] [WARNING] The resource http://localhost:5001/_next/static/css/app/redesign/layout.css?v=1775996426850 was preloaded using link preload but not used within a few seconds from the window's load event. Please make sure it has an appropriate `as` value and it is preloaded intentionally. @ http://localhost:5001/redesign/dashboard:0
[ 3306079ms] [LOG] [Fast Refresh] rebuilding @ webpack-internal:///(app-pages-browser)/./node_modules/next/dist/client/components/react-dev-overlay/app/hot-reloader-client.js:186
[ 3306703ms] [ERROR] ./src/app/redesign/guides/page.tsx:11:1
Module not found: Can't resolve './_components/GuidesClient'
   9 | import { RedesignNav, RedesignFooter } from '@/components/redesign';
  10 | import { getAllGuides, type GuideMeta } from '@/lib/guides';
> 11 | import { GuidesClient } from './_components/GuidesClient';
     | ^
  12 |
  13 | export const metadata: Metadata = {
  14 |   title: 'Guides',

https://nextjs.org/docs/messages/module-not-found @ webpack-internal:///(app-pages-browser)/./node_modules/next/dist/client/app-index.js:32
[ 3308395ms] [ERROR] Failed to load resource: the server responded with a status of 500 (Internal Server Error) @ http://localhost:5001/redesign/dashboard?_rsc=14cg2:0
[ 3308780ms] [ERROR] Failed to load resource: the server responded with a status of 500 (Internal Server Error) @ http://localhost:5001/redesign/dashboard:0
[ 3309893ms] [INFO] %cDownload the React DevTools for a better development experience: https://reactjs.org/link/react-devtools font-weight:bold @ webpack-internal:///./node_modules/react-dom/cjs/react-dom.development.js:29889
[ 3310084ms] Error: Module not found: Can't resolve './_components/GuidesClient'
   9 | import { RedesignNav, RedesignFooter } from '@/components/redesign';
  10 | import { getAllGuides, type GuideMeta } from '@/lib/guides';
> 11 | import { GuidesClient } from './_components/GuidesClient';
     | ^
  12 |
  13 | export const metadata: Metadata = {
  14 |   title: 'Guides',

https://nextjs.org/docs/messages/module-not-found

    at <unknown> (https://nextjs.org/docs/messages/module-not-found)
    at getNotFoundError (file:///Users/knowprajjwal/LearningPlatform/node_modules/next/dist/build/webpack/plugins/wellknown-errors-plugin/parseNotFoundError.js:124:16)
    at async getModuleBuildError (file:///Users/knowprajjwal/LearningPlatform/node_modules/next/dist/build/webpack/plugins/wellknown-errors-plugin/webpackModuleError.js:104:27)
    at async (file:///Users/knowprajjwal/LearningPlatform/node_modules/next/dist/build/webpack/plugins/wellknown-errors-plugin/index.js:29:49)
    at async (file:///Users/knowprajjwal/LearningPlatform/node_modules/next/dist/build/webpack/plugins/wellknown-errors-plugin/index.js:27:21)
[ 3309982ms] [LOG] [HMR] connected @ webpack-internal:///./node_modules/next/dist/client/components/react-dev-overlay/pages/websocket.js:38
[ 3309988ms] [ERROR] ./src/app/redesign/guides/page.tsx:11:1
Module not found: Can't resolve './_components/GuidesClient'
   9 | import { RedesignNav, RedesignFooter } from '@/components/redesign';
  10 | import { getAllGuides, type GuideMeta } from '@/lib/guides';
> 11 | import { GuidesClient } from './_components/GuidesClient';
     | ^
  12 |
  13 | export const metadata: Metadata = {
  14 |   title: 'Guides',

https://nextjs.org/docs/messages/module-not-found @ webpack-internal:///./node_modules/next/dist/client/components/react-dev-overlay/internal/helpers/hydration-error-info.js:62
[ 3310104ms] [ERROR] ./src/app/redesign/guides/page.tsx:11:1
Module not found: Can't resolve './_components/GuidesClient'
   9 | import { RedesignNav, RedesignFooter } from '@/components/redesign';
  10 | import { getAllGuides, type GuideMeta } from '@/lib/guides';
> 11 | import { GuidesClient } from './_components/GuidesClient';
     | ^
  12 |
  13 | export const metadata: Metadata = {
  14 |   title: 'Guides',

https://nextjs.org/docs/messages/module-not-found @ webpack-internal:///./node_modules/next/dist/client/components/react-dev-overlay/internal/helpers/hydration-error-info.js:62
[ 3310154ms] [ERROR] ./src/app/redesign/guides/page.tsx:11:1
Module not found: Can't resolve './_components/GuidesClient'
   9 | import { RedesignNav, RedesignFooter } from '@/components/redesign';
  10 | import { getAllGuides, type GuideMeta } from '@/lib/guides';
> 11 | import { GuidesClient } from './_components/GuidesClient';
     | ^
  12 |
  13 | export const metadata: Metadata = {
  14 |   title: 'Guides',

https://nextjs.org/docs/messages/module-not-found @ webpack-internal:///./node_modules/next/dist/client/components/react-dev-overlay/internal/helpers/hydration-error-info.js:62
[ 3310203ms] [ERROR] ./src/app/redesign/guides/page.tsx:11:1
Module not found: Can't resolve './_components/GuidesClient'
   9 | import { RedesignNav, RedesignFooter } from '@/components/redesign';
  10 | import { getAllGuides, type GuideMeta } from '@/lib/guides';
> 11 | import { GuidesClient } from './_components/GuidesClient';
     | ^
  12 |
  13 | export const metadata: Metadata = {
  14 |   title: 'Guides',

https://nextjs.org/docs/messages/module-not-found @ webpack-internal:///./node_modules/next/dist/client/components/react-dev-overlay/internal/helpers/hydration-error-info.js:62
[ 3311849ms] [ERROR] Failed to load resource: the server responded with a status of 500 (Internal Server Error) @ http://localhost:5001/redesign/dashboard:0
[ 3312723ms] [INFO] %cDownload the React DevTools for a better development experience: https://reactjs.org/link/react-devtools font-weight:bold @ webpack-internal:///./node_modules/react-dom/cjs/react-dom.development.js:29889
[ 3312786ms] Error: Module not found: Can't resolve './_components/GuidesClient'
   9 | import { RedesignNav, RedesignFooter } from '@/components/redesign';
  10 | import { getAllGuides, type GuideMeta } from '@/lib/guides';
> 11 | import { GuidesClient } from './_components/GuidesClient';
     | ^
  12 |
  13 | export const metadata: Metadata = {
  14 |   title: 'Guides',

https://nextjs.org/docs/messages/module-not-found

    at <unknown> (https://nextjs.org/docs/messages/module-not-found)
    at getNotFoundError (file:///Users/knowprajjwal/LearningPlatform/node_modules/next/dist/build/webpack/plugins/wellknown-errors-plugin/parseNotFoundError.js:124:16)
    at async getModuleBuildError (file:///Users/knowprajjwal/LearningPlatform/node_modules/next/dist/build/webpack/plugins/wellknown-errors-plugin/webpackModuleError.js:104:27)
    at async (file:///Users/knowprajjwal/LearningPlatform/node_modules/next/dist/build/webpack/plugins/wellknown-errors-plugin/index.js:29:49)
    at async (file:///Users/knowprajjwal/LearningPlatform/node_modules/next/dist/build/webpack/plugins/wellknown-errors-plugin/index.js:27:21)
[ 3312755ms] [LOG] [HMR] connected @ webpack-internal:///./node_modules/next/dist/client/components/react-dev-overlay/pages/websocket.js:38
[ 3312762ms] [ERROR] ./src/app/redesign/guides/page.tsx:11:1
Module not found: Can't resolve './_components/GuidesClient'
   9 | import { RedesignNav, RedesignFooter } from '@/components/redesign';
  10 | import { getAllGuides, type GuideMeta } from '@/lib/guides';
> 11 | import { GuidesClient } from './_components/GuidesClient';
     | ^
  12 |
  13 | export const metadata: Metadata = {
  14 |   title: 'Guides',

https://nextjs.org/docs/messages/module-not-found @ webpack-internal:///./node_modules/next/dist/client/components/react-dev-overlay/internal/helpers/hydration-error-info.js:62
[ 3312826ms] [ERROR] ./src/app/redesign/guides/page.tsx:11:1
Module not found: Can't resolve './_components/GuidesClient'
   9 | import { RedesignNav, RedesignFooter } from '@/components/redesign';
  10 | import { getAllGuides, type GuideMeta } from '@/lib/guides';
> 11 | import { GuidesClient } from './_components/GuidesClient';
     | ^
  12 |
  13 | export const metadata: Metadata = {
  14 |   title: 'Guides',

https://nextjs.org/docs/messages/module-not-found @ webpack-internal:///./node_modules/next/dist/client/components/react-dev-overlay/internal/helpers/hydration-error-info.js:62
[ 3313001ms] [ERROR] ./src/app/redesign/guides/page.tsx:11:1
Module not found: Can't resolve './_components/GuidesClient'
   9 | import { RedesignNav, RedesignFooter } from '@/components/redesign';
  10 | import { getAllGuides, type GuideMeta } from '@/lib/guides';
> 11 | import { GuidesClient } from './_components/GuidesClient';
     | ^
  12 |
  13 | export const metadata: Metadata = {
  14 |   title: 'Guides',

https://nextjs.org/docs/messages/module-not-found @ webpack-internal:///./node_modules/next/dist/client/components/react-dev-overlay/internal/helpers/hydration-error-info.js:62
[ 3313139ms] [ERROR] ./src/app/redesign/guides/page.tsx:11:1
Module not found: Can't resolve './_components/GuidesClient'
   9 | import { RedesignNav, RedesignFooter } from '@/components/redesign';
  10 | import { getAllGuides, type GuideMeta } from '@/lib/guides';
> 11 | import { GuidesClient } from './_components/GuidesClient';
     | ^
  12 |
  13 | export const metadata: Metadata = {
  14 |   title: 'Guides',

https://nextjs.org/docs/messages/module-not-found @ webpack-internal:///./node_modules/next/dist/client/components/react-dev-overlay/internal/helpers/hydration-error-info.js:62
[ 3313262ms] [ERROR] ./src/app/redesign/guides/page.tsx:11:1
Module not found: Can't resolve './_components/GuidesClient'
   9 | import { RedesignNav, RedesignFooter } from '@/components/redesign';
  10 | import { getAllGuides, type GuideMeta } from '@/lib/guides';
> 11 | import { GuidesClient } from './_components/GuidesClient';
     | ^
  12 |
  13 | export const metadata: Metadata = {
  14 |   title: 'Guides',

https://nextjs.org/docs/messages/module-not-found @ webpack-internal:///./node_modules/next/dist/client/components/react-dev-overlay/internal/helpers/hydration-error-info.js:62
[ 3331049ms] [ERROR] Failed to load resource: the server responded with a status of 500 (Internal Server Error) @ http://localhost:5001/redesign/dashboard:0
[ 3331688ms] [INFO] %cDownload the React DevTools for a better development experience: https://reactjs.org/link/react-devtools font-weight:bold @ webpack-internal:///./node_modules/react-dom/cjs/react-dom.development.js:29889
[ 3331815ms] Error: Module not found: Can't resolve './_components/GuidesClient'
   9 | import { RedesignNav, RedesignFooter } from '@/components/redesign';
  10 | import { getAllGuides, type GuideMeta } from '@/lib/guides';
> 11 | import { GuidesClient } from './_components/GuidesClient';
     | ^
  12 |
  13 | export const metadata: Metadata = {
  14 |   title: 'Guides',

https://nextjs.org/docs/messages/module-not-found

    at <unknown> (https://nextjs.org/docs/messages/module-not-found)
    at getNotFoundError (file:///Users/knowprajjwal/LearningPlatform/node_modules/next/dist/build/webpack/plugins/wellknown-errors-plugin/parseNotFoundError.js:124:16)
    at async getModuleBuildError (file:///Users/knowprajjwal/LearningPlatform/node_modules/next/dist/build/webpack/plugins/wellknown-errors-plugin/webpackModuleError.js:104:27)
    at async (file:///Users/knowprajjwal/LearningPlatform/node_modules/next/dist/build/webpack/plugins/wellknown-errors-plugin/index.js:29:49)
    at async (file:///Users/knowprajjwal/LearningPlatform/node_modules/next/dist/build/webpack/plugins/wellknown-errors-plugin/index.js:27:21)
[ 3331708ms] [LOG] [HMR] connected @ webpack-internal:///./node_modules/next/dist/client/components/react-dev-overlay/pages/websocket.js:38
[ 3331709ms] [ERROR] ./src/app/redesign/guides/page.tsx:11:1
Module not found: Can't resolve './_components/GuidesClient'
   9 | import { RedesignNav, RedesignFooter } from '@/components/redesign';
  10 | import { getAllGuides, type GuideMeta } from '@/lib/guides';
> 11 | import { GuidesClient } from './_components/GuidesClient';
     | ^
  12 |
  13 | export const metadata: Metadata = {
  14 |   title: 'Guides',

https://nextjs.org/docs/messages/module-not-found @ webpack-internal:///./node_modules/next/dist/client/components/react-dev-overlay/internal/helpers/hydration-error-info.js:62
[ 3331891ms] [ERROR] ./src/app/redesign/guides/page.tsx:11:1
Module not found: Can't resolve './_components/GuidesClient'
   9 | import { RedesignNav, RedesignFooter } from '@/components/redesign';
  10 | import { getAllGuides, type GuideMeta } from '@/lib/guides';
> 11 | import { GuidesClient } from './_components/GuidesClient';
     | ^
  12 |
  13 | export const metadata: Metadata = {
  14 |   title: 'Guides',

https://nextjs.org/docs/messages/module-not-found @ webpack-internal:///./node_modules/next/dist/client/components/react-dev-overlay/internal/helpers/hydration-error-info.js:62
[ 3331975ms] [ERROR] ./src/app/redesign/guides/page.tsx:11:1
Module not found: Can't resolve './_components/GuidesClient'
   9 | import { RedesignNav, RedesignFooter } from '@/components/redesign';
  10 | import { getAllGuides, type GuideMeta } from '@/lib/guides';
> 11 | import { GuidesClient } from './_components/GuidesClient';
     | ^
  12 |
  13 | export const metadata: Metadata = {
  14 |   title: 'Guides',

https://nextjs.org/docs/messages/module-not-found @ webpack-internal:///./node_modules/next/dist/client/components/react-dev-overlay/internal/helpers/hydration-error-info.js:62
[ 3332038ms] [ERROR] ./src/app/redesign/guides/page.tsx:11:1
Module not found: Can't resolve './_components/GuidesClient'
   9 | import { RedesignNav, RedesignFooter } from '@/components/redesign';
  10 | import { getAllGuides, type GuideMeta } from '@/lib/guides';
> 11 | import { GuidesClient } from './_components/GuidesClient';
     | ^
  12 |
  13 | export const metadata: Metadata = {
  14 |   title: 'Guides',

https://nextjs.org/docs/messages/module-not-found @ webpack-internal:///./node_modules/next/dist/client/components/react-dev-overlay/internal/helpers/hydration-error-info.js:62
[ 3332079ms] [ERROR] ./src/app/redesign/guides/page.tsx:11:1
Module not found: Can't resolve './_components/GuidesClient'
   9 | import { RedesignNav, RedesignFooter } from '@/components/redesign';
  10 | import { getAllGuides, type GuideMeta } from '@/lib/guides';
> 11 | import { GuidesClient } from './_components/GuidesClient';
     | ^
  12 |
  13 | export const metadata: Metadata = {
  14 |   title: 'Guides',

https://nextjs.org/docs/messages/module-not-found @ webpack-internal:///./node_modules/next/dist/client/components/react-dev-overlay/internal/helpers/hydration-error-info.js:62
[ 3332204ms] [ERROR] ./src/app/redesign/guides/page.tsx:11:1
Module not found: Can't resolve './_components/GuidesClient'
   9 | import { RedesignNav, RedesignFooter } from '@/components/redesign';
  10 | import { getAllGuides, type GuideMeta } from '@/lib/guides';
> 11 | import { GuidesClient } from './_components/GuidesClient';
     | ^
  12 |
  13 | export const metadata: Metadata = {
  14 |   title: 'Guides',

https://nextjs.org/docs/messages/module-not-found @ webpack-internal:///./node_modules/next/dist/client/components/react-dev-overlay/internal/helpers/hydration-error-info.js:62
[ 3336073ms] [LOG] [Fast Refresh] rebuilding @ webpack-internal:///./node_modules/next/dist/client/components/react-dev-overlay/pages/hot-reloader-client.js:221
[ 3337783ms] [LOG] [Fast Refresh] rebuilding @ webpack-internal:///./node_modules/next/dist/client/components/react-dev-overlay/pages/hot-reloader-client.js:221
[ 3338753ms] [WARNING] [Fast Refresh] performing full reload

Fast Refresh will perform a full reload when you edit a file that's imported by modules outside of the React rendering tree.
You might have a file which exports a React component but also exports a value that is imported by a non-React component file.
Consider migrating the non-React component export to a separate file and importing it into both files.

It is also possible the parent component of the component you edited is a class component, which disables Fast Refresh.
Fast Refresh requires at least one parent function component in your React tree. @ webpack-internal:///./node_modules/next/dist/client/components/react-dev-overlay/pages/hot-reloader-client.js:347
[ 3341739ms] [INFO] %cDownload the React DevTools for a better development experience: https://reactjs.org/link/react-devtools font-weight:bold @ webpack-internal:///(app-pages-browser)/./node_modules/next/dist/compiled/react-dom/cjs/react-dom.development.js:38559
[ 3344278ms] [ERROR] Failed to load resource: the server responded with a status of 400 () @ https://clerk.greentryst.com/v1/client?__clerk_api_version=2025-11-10&_clerk_js_version=5.125.7:0
[ 3344321ms] [ERROR] Failed to load resource: the server responded with a status of 400 () @ https://clerk.greentryst.com/v1/environment?__clerk_api_version=2025-11-10&_clerk_js_version=5.125.7:0
[ 3344324ms] [ERROR] e: Clerk: Production Keys are only allowed for domain "greentryst.com". 
API Error: The Request HTTP Origin header must be equal to or a subdomain of the requesting URL.
    at https://clerk.greentryst.com/npm/@clerk/clerk-js@5/dist/clerk.browser.js:2:7182
    at u._baseFetch (https://clerk.greentryst.com/npm/@clerk/clerk-js@5/dist/clerk.browser.js:3:38)
    at async d.execute (https://clerk.greentryst.com/npm/@clerk/clerk-js@5/dist/clerk.browser.js:2:5226)
    at async s._baseGet (https://clerk.greentryst.com/npm/@clerk/clerk-js@5/dist/clerk.browser.js:3:567)
    at async Promise.all (index 1)
    at async #U (https://clerk.greentryst.com/npm/@clerk/clerk-js@5/dist/clerk.browser.js:5:73541)
    at async e5.load (https://clerk.greentryst.com/npm/@clerk/clerk-js@5/dist/clerk.browser.js:5:34322)
    at async _IsomorphicClerk.loadClerkJS (webpack-internal:///(app-pages-browser)/./node_modules/@clerk/clerk-react/dist/index.mjs:1746:9) @ webpack-internal:///(app-pages-browser)/./node_modules/next/dist/client/app-index.js:32
[ 3347236ms] [ERROR] Failed to load resource: the server responded with a status of 400 () @ https://clerk.greentryst.com/v1/client?__clerk_api_version=2025-11-10&_clerk_js_version=5.125.7:0
[ 3347332ms] [ERROR] Failed to load resource: the server responded with a status of 400 () @ https://clerk.greentryst.com/v1/environment?__clerk_api_version=2025-11-10&_clerk_js_version=5.125.7:0
[ 3347334ms] [ERROR] e: Clerk: Production Keys are only allowed for domain "greentryst.com". 
API Error: The Request HTTP Origin header must be equal to or a subdomain of the requesting URL.
    at https://clerk.greentryst.com/npm/@clerk/clerk-js@5/dist/clerk.browser.js:2:7182
    at u._baseFetch (https://clerk.greentryst.com/npm/@clerk/clerk-js@5/dist/clerk.browser.js:3:38)
    at async d.execute (https://clerk.greentryst.com/npm/@clerk/clerk-js@5/dist/clerk.browser.js:2:5226)
    at async s._baseGet (https://clerk.greentryst.com/npm/@clerk/clerk-js@5/dist/clerk.browser.js:3:567)
    at async Promise.all (index 1)
    at async #U (https://clerk.greentryst.com/npm/@clerk/clerk-js@5/dist/clerk.browser.js:5:73541)
    at async e5.load (https://clerk.greentryst.com/npm/@clerk/clerk-js@5/dist/clerk.browser.js:5:34322)
    at async _IsomorphicClerk.loadClerkJS (webpack-internal:///(app-pages-browser)/./node_modules/@clerk/clerk-react/dist/index.mjs:1746:9) @ webpack-internal:///(app-pages-browser)/./node_modules/next/dist/client/app-index.js:32
[ 3366763ms] [LOG] [Fast Refresh] rebuilding @ webpack-internal:///(app-pages-browser)/./node_modules/next/dist/client/components/react-dev-overlay/app/hot-reloader-client.js:186
[ 3367510ms] [LOG] [Fast Refresh] done in 747ms @ webpack-internal:///(app-pages-browser)/./node_modules/next/dist/client/components/react-dev-overlay/app/hot-reloader-client.js:43
[ 3374857ms] [LOG] [Fast Refresh] rebuilding @ webpack-internal:///(app-pages-browser)/./node_modules/next/dist/client/components/react-dev-overlay/app/hot-reloader-client.js:186
[ 3375616ms] [LOG] [Fast Refresh] done in 759ms @ webpack-internal:///(app-pages-browser)/./node_modules/next/dist/client/components/react-dev-overlay/app/hot-reloader-client.js:43
[ 3379920ms] [LOG] [Fast Refresh] rebuilding @ webpack-internal:///(app-pages-browser)/./node_modules/next/dist/client/components/react-dev-overlay/app/hot-reloader-client.js:186
[ 3381051ms] [LOG] [Fast Refresh] done in 1130ms @ webpack-internal:///(app-pages-browser)/./node_modules/next/dist/client/components/react-dev-overlay/app/hot-reloader-client.js:43
[ 3384800ms] [LOG] [Fast Refresh] rebuilding @ webpack-internal:///(app-pages-browser)/./node_modules/next/dist/client/components/react-dev-overlay/app/hot-reloader-client.js:186
[ 3385504ms] [LOG] [Fast Refresh] done in 705ms @ webpack-internal:///(app-pages-browser)/./node_modules/next/dist/client/components/react-dev-overlay/app/hot-reloader-client.js:43
[ 3388586ms] [LOG] [Fast Refresh] rebuilding @ webpack-internal:///(app-pages-browser)/./node_modules/next/dist/client/components/react-dev-overlay/app/hot-reloader-client.js:186
[ 3389354ms] [LOG] [Fast Refresh] done in 768ms @ webpack-internal:///(app-pages-browser)/./node_modules/next/dist/client/components/react-dev-overlay/app/hot-reloader-client.js:43
[ 3393566ms] [LOG] [Fast Refresh] rebuilding @ webpack-internal:///(app-pages-browser)/./node_modules/next/dist/client/components/react-dev-overlay/app/hot-reloader-client.js:186
[ 3395693ms] [LOG] [Fast Refresh] done in 2126ms @ webpack-internal:///(app-pages-browser)/./node_modules/next/dist/client/components/react-dev-overlay/app/hot-reloader-client.js:43
[ 3401075ms] [LOG] [Fast Refresh] rebuilding @ webpack-internal:///(app-pages-browser)/./node_modules/next/dist/client/components/react-dev-overlay/app/hot-reloader-client.js:186
[ 3403730ms] [LOG] [Fast Refresh] done in 2656ms @ webpack-internal:///(app-pages-browser)/./node_modules/next/dist/client/components/react-dev-overlay/app/hot-reloader-client.js:43
[ 3406190ms] [LOG] [Fast Refresh] rebuilding @ webpack-internal:///(app-pages-browser)/./node_modules/next/dist/client/components/react-dev-overlay/app/hot-reloader-client.js:186
[ 3408703ms] [LOG] [Fast Refresh] done in 2514ms @ webpack-internal:///(app-pages-browser)/./node_modules/next/dist/client/components/react-dev-overlay/app/hot-reloader-client.js:43
[ 3412787ms] [LOG] [Fast Refresh] rebuilding @ webpack-internal:///(app-pages-browser)/./node_modules/next/dist/client/components/react-dev-overlay/app/hot-reloader-client.js:186
[ 3413475ms] [LOG] [Fast Refresh] done in 688ms @ webpack-internal:///(app-pages-browser)/./node_modules/next/dist/client/components/react-dev-overlay/app/hot-reloader-client.js:43
[ 3420694ms] [LOG] [Fast Refresh] rebuilding @ webpack-internal:///(app-pages-browser)/./node_modules/next/dist/client/components/react-dev-overlay/app/hot-reloader-client.js:186
[ 3421430ms] [LOG] [Fast Refresh] done in 737ms @ webpack-internal:///(app-pages-browser)/./node_modules/next/dist/client/components/react-dev-overlay/app/hot-reloader-client.js:43
[ 3442133ms] [LOG] [Fast Refresh] rebuilding @ webpack-internal:///(app-pages-browser)/./node_modules/next/dist/client/components/react-dev-overlay/app/hot-reloader-client.js:186
[ 3442838ms] [LOG] [Fast Refresh] done in 705ms @ webpack-internal:///(app-pages-browser)/./node_modules/next/dist/client/components/react-dev-overlay/app/hot-reloader-client.js:43
[ 3453693ms] [LOG] [Fast Refresh] rebuilding @ webpack-internal:///(app-pages-browser)/./node_modules/next/dist/client/components/react-dev-overlay/app/hot-reloader-client.js:186
[ 3455363ms] [LOG] [Fast Refresh] done in 1670ms @ webpack-internal:///(app-pages-browser)/./node_modules/next/dist/client/components/react-dev-overlay/app/hot-reloader-client.js:43
[ 3483634ms] [LOG] [Fast Refresh] rebuilding @ webpack-internal:///(app-pages-browser)/./node_modules/next/dist/client/components/react-dev-overlay/app/hot-reloader-client.js:186
[ 3485350ms] [LOG] [Fast Refresh] done in 1716ms @ webpack-internal:///(app-pages-browser)/./node_modules/next/dist/client/components/react-dev-overlay/app/hot-reloader-client.js:43
[ 3533943ms] [LOG] [Fast Refresh] rebuilding @ webpack-internal:///(app-pages-browser)/./node_modules/next/dist/client/components/react-dev-overlay/app/hot-reloader-client.js:186
[ 3535980ms] [LOG] [Fast Refresh] done in 2037ms @ webpack-internal:///(app-pages-browser)/./node_modules/next/dist/client/components/react-dev-overlay/app/hot-reloader-client.js:43
[ 3581901ms] [LOG] [Fast Refresh] rebuilding @ webpack-internal:///(app-pages-browser)/./node_modules/next/dist/client/components/react-dev-overlay/app/hot-reloader-client.js:186
[ 3584189ms] [LOG] [Fast Refresh] done in 2288ms @ webpack-internal:///(app-pages-browser)/./node_modules/next/dist/client/components/react-dev-overlay/app/hot-reloader-client.js:43
[ 3628870ms] [LOG] [Fast Refresh] rebuilding @ webpack-internal:///(app-pages-browser)/./node_modules/next/dist/client/components/react-dev-overlay/app/hot-reloader-client.js:186
[ 3630744ms] [LOG] [Fast Refresh] done in 1875ms @ webpack-internal:///(app-pages-browser)/./node_modules/next/dist/client/components/react-dev-overlay/app/hot-reloader-client.js:43
[ 3665444ms] [LOG] [Fast Refresh] rebuilding @ webpack-internal:///(app-pages-browser)/./node_modules/next/dist/client/components/react-dev-overlay/app/hot-reloader-client.js:186
[ 3669169ms] [LOG] [Fast Refresh] done in 3725ms @ webpack-internal:///(app-pages-browser)/./node_modules/next/dist/client/components/react-dev-overlay/app/hot-reloader-client.js:43
[ 3674397ms] [LOG] [Fast Refresh] rebuilding @ webpack-internal:///(app-pages-browser)/./node_modules/next/dist/client/components/react-dev-overlay/app/hot-reloader-client.js:186
[ 3678086ms] [LOG] [Fast Refresh] done in 3690ms @ webpack-internal:///(app-pages-browser)/./node_modules/next/dist/client/components/react-dev-overlay/app/hot-reloader-client.js:43
[ 3695188ms] [LOG] [Fast Refresh] rebuilding @ webpack-internal:///(app-pages-browser)/./node_modules/next/dist/client/components/react-dev-overlay/app/hot-reloader-client.js:186
[ 3697801ms] [LOG] [Fast Refresh] done in 2613ms @ webpack-internal:///(app-pages-browser)/./node_modules/next/dist/client/components/react-dev-overlay/app/hot-reloader-client.js:43
[ 3708143ms] [LOG] [Fast Refresh] rebuilding @ webpack-internal:///(app-pages-browser)/./node_modules/next/dist/client/components/react-dev-overlay/app/hot-reloader-client.js:186
[ 3708764ms] [LOG] [Fast Refresh] done in 622ms @ webpack-internal:///(app-pages-browser)/./node_modules/next/dist/client/components/react-dev-overlay/app/hot-reloader-client.js:43
[ 3724259ms] [LOG] [Fast Refresh] rebuilding @ webpack-internal:///(app-pages-browser)/./node_modules/next/dist/client/components/react-dev-overlay/app/hot-reloader-client.js:186
[ 3727476ms] [LOG] [Fast Refresh] done in 3217ms @ webpack-internal:///(app-pages-browser)/./node_modules/next/dist/client/components/react-dev-overlay/app/hot-reloader-client.js:43
[ 3729570ms] [LOG] [Fast Refresh] rebuilding @ webpack-internal:///(app-pages-browser)/./node_modules/next/dist/client/components/react-dev-overlay/app/hot-reloader-client.js:186
[ 3730495ms] [LOG] [Fast Refresh] done in 924ms @ webpack-internal:///(app-pages-browser)/./node_modules/next/dist/client/components/react-dev-overlay/app/hot-reloader-client.js:43
[ 3730616ms] [LOG] [Fast Refresh] rebuilding @ webpack-internal:///(app-pages-browser)/./node_modules/next/dist/client/components/react-dev-overlay/app/hot-reloader-client.js:186
[ 3730856ms] [ERROR] ./src/app/redesign/guides/[guideId]/page.tsx
Error: 
  x Expression expected
     ,-[/Users/knowprajjwal/LearningPlatform/src/app/redesign/guides/[guideId]/page.tsx:99:1]
  99 |     .filter((c): c is NonNullable<typeof c> => c !== null);
 100 | 
 101 |   return (
 102 |     <>
     :      ^
 103 |       <RedesignNav />
 104 | 
 105 |       {/* Animated Hero Header */}
     `----

  x Expected ',', got '{'
     ,-[/Users/knowprajjwal/LearningPlatform/src/app/redesign/guides/[guideId]/page.tsx:102:1]
 102 |     <>
 103 |       <RedesignNav />
 104 | 
 105 |       {/* Animated Hero Header */}
     :       ^
 106 |       <AnimatedHero
 107 |         title={guide.title}
 108 |         description={guide.description}
     `----

Caused by:
    Syntax Error

Import trace for requested module:
./src/app/redesign/guides/[guideId]/page.tsx @ webpack-internal:///(app-pages-browser)/./node_modules/next/dist/client/app-index.js:32
[ 3733516ms] [LOG] [Fast Refresh] rebuilding @ webpack-internal:///(app-pages-browser)/./node_modules/next/dist/client/components/react-dev-overlay/app/hot-reloader-client.js:186
[ 3733971ms] [ERROR] ./src/app/redesign/guides/[guideId]/page.tsx
Error: 
  x Expression expected
     ,-[/Users/knowprajjwal/LearningPlatform/src/app/redesign/guides/[guideId]/page.tsx:99:1]
  99 |     .filter((c): c is NonNullable<typeof c> => c !== null);
 100 | 
 101 |   return (
 102 |     <>
     :      ^
 103 |       <RedesignNav />
 104 | 
 105 |       {/* Animated Hero Header */}
     `----

  x Expected ',', got '{'
     ,-[/Users/knowprajjwal/LearningPlatform/src/app/redesign/guides/[guideId]/page.tsx:102:1]
 102 |     <>
 103 |       <RedesignNav />
 104 | 
 105 |       {/* Animated Hero Header */}
     :       ^
 106 |       <AnimatedHero
 107 |         title={guide.title}
 108 |         description={guide.description}
     `----

Caused by:
    Syntax Error

Import trace for requested module:
./src/app/redesign/guides/[guideId]/page.tsx @ webpack-internal:///(app-pages-browser)/./node_modules/next/dist/client/app-index.js:32
[ 3736676ms] [ERROR] Failed to load resource: the server responded with a status of 500 (Internal Server Error) @ http://localhost:5001/redesign/dashboard?_rsc=14cg2:0
[ 3737848ms] [LOG] [Fast Refresh] rebuilding @ webpack-internal:///(app-pages-browser)/./node_modules/next/dist/client/components/react-dev-overlay/app/hot-reloader-client.js:186
[ 3741894ms] [LOG] [Fast Refresh] rebuilding @ webpack-internal:///(app-pages-browser)/./node_modules/next/dist/client/components/react-dev-overlay/app/hot-reloader-client.js:186
[ 3742225ms] [ERROR] Failed to fetch RSC payload for http://localhost:5001/redesign/dashboard. Falling back to browser navigation. TypeError: Failed to fetch
    at fetchServerResponse (webpack-internal:///(app-pages-browser)/./node_modules/next/dist/client/components/router-reducer/fetch-server-response.js:58:27)
    at fastRefreshReducerImpl (webpack-internal:///(app-pages-browser)/./node_modules/next/dist/client/components/router-reducer/reducers/fast-refresh-reducer.js:33:67)
    at clientReducer (webpack-internal:///(app-pages-browser)/./node_modules/next/dist/client/components/router-reducer/router-reducer.js:41:67)
    at Object.action (webpack-internal:///(app-pages-browser)/./node_modules/next/dist/shared/lib/router/action-queue.js:150:55)
    at runAction (webpack-internal:///(app-pages-browser)/./node_modules/next/dist/shared/lib/router/action-queue.js:56:38)
    at dispatchAction (webpack-internal:///(app-pages-browser)/./node_modules/next/dist/shared/lib/router/action-queue.js:113:9)
    at Object.dispatch (webpack-internal:///(app-pages-browser)/./node_modules/next/dist/shared/lib/router/action-queue.js:145:40)
    at eval (webpack-internal:///(app-pages-browser)/./node_modules/next/dist/client/components/use-reducer-with-devtools.js:130:21)
    at eval (webpack-internal:///(app-pages-browser)/./node_modules/next/dist/client/components/app-router.js:304:25)
    at startTransition (webpack-internal:///(app-pages-browser)/./node_modules/next/dist/compiled/react/cjs/react.development.js:2597:25)
    at Object.fastRefresh (webpack-internal:///(app-pages-browser)/./node_modules/next/dist/client/components/app-router.js:303:48)
    at eval (webpack-internal:///(app-pages-browser)/./node_modules/next/dist/client/components/react-dev-overlay/app/hot-reloader-client.js:277:28)
    at startTransition (webpack-internal:///(app-pages-browser)/./node_modules/next/dist/compiled/react/cjs/react.development.js:2597:25)
    at processMessage (webpack-internal:///(app-pages-browser)/./node_modules/next/dist/client/components/react-dev-overlay/app/hot-reloader-client.js:276:44)
    at WebSocket.handler (webpack-internal:///(app-pages-browser)/./node_modules/next/dist/client/components/react-dev-overlay/app/hot-reloader-client.js:395:17) @ webpack-internal:///(app-pages-browser)/./node_modules/next/dist/client/app-index.js:32
[ 3742226ms] [WARNING] [Fast Refresh] performing full reload

Fast Refresh will perform a full reload when you edit a file that's imported by modules outside of the React rendering tree.
You might have a file which exports a React component but also exports a value that is imported by a non-React component file.
Consider migrating the non-React component export to a separate file and importing it into both files.

It is also possible the parent component of the component you edited is a class component, which disables Fast Refresh.
Fast Refresh requires at least one parent function component in your React tree. @ webpack-internal:///(app-pages-browser)/./node_modules/next/dist/client/components/react-dev-overlay/app/hot-reloader-client.js:112
[ 3742235ms] [ERROR] Failed to load resource: the server responded with a status of 500 (Internal Server Error) @ http://localhost:5001/redesign/dashboard:0
[ 3763065ms] [INFO] %cDownload the React DevTools for a better development experience: https://reactjs.org/link/react-devtools font-weight:bold @ webpack-internal:///./node_modules/react-dom/cjs/react-dom.development.js:29889
[ 3763232ms] ModuleBuildError: Module build failed (from ./node_modules/next/dist/build/webpack/loaders/next-swc-loader.js):
Error: 
  x Expression expected
     ,-[/Users/knowprajjwal/LearningPlatform/src/app/redesign/guides/[guideId]/page.tsx:99:1]
  99 |     .filter((c): c is NonNullable<typeof c> => c !== null);
 100 | 
 101 |   return (
 102 |     <>
     :      ^
 103 |       <RedesignNav />
 104 | 
 105 |       {/* Animated Hero Header */}
     `----

  x Expected ',', got '{'
     ,-[/Users/knowprajjwal/LearningPlatform/src/app/redesign/guides/[guideId]/page.tsx:102:1]
 102 |     <>
 103 |       <RedesignNav />
 104 | 
 105 |       {/* Animated Hero Header */}
     :       ^
 106 |       <AnimatedHero
 107 |         title={guide.title}
 108 |         description={guide.description}
     `----


Caused by:
    Syntax Error
    at processResult (file:///Users/knowprajjwal/LearningPlatform/node_modules/next/dist/compiled/webpack/bundle5.js:28:400590)
    at <unknown> (file:///Users/knowprajjwal/LearningPlatform/node_modules/next/dist/compiled/webpack/bundle5.js:28:402302)
    at <unknown> (file:///Users/knowprajjwal/LearningPlatform/node_modules/next/dist/compiled/loader-runner/LoaderRunner.js:1:8645)
    at <unknown> (file:///Users/knowprajjwal/LearningPlatform/node_modules/next/dist/compiled/loader-runner/LoaderRunner.js:1:5019)
    at r.callback (file:///Users/knowprajjwal/LearningPlatform/node_modules/next/dist/compiled/loader-runner/LoaderRunner.js:1:4039)
[ 3763255ms] [LOG] [HMR] connected @ webpack-internal:///./node_modules/next/dist/client/components/react-dev-overlay/pages/websocket.js:38
[ 3774864ms] [LOG] [Fast Refresh] rebuilding @ webpack-internal:///./node_modules/next/dist/client/components/react-dev-overlay/pages/hot-reloader-client.js:221
[ 3784651ms] [WARNING] [Fast Refresh] performing full reload

Fast Refresh will perform a full reload when you edit a file that's imported by modules outside of the React rendering tree.
You might have a file which exports a React component but also exports a value that is imported by a non-React component file.
Consider migrating the non-React component export to a separate file and importing it into both files.

It is also possible the parent component of the component you edited is a class component, which disables Fast Refresh.
Fast Refresh requires at least one parent function component in your React tree. @ webpack-internal:///./node_modules/next/dist/client/components/react-dev-overlay/pages/hot-reloader-client.js:347
[ 3792425ms] [INFO] %cDownload the React DevTools for a better development experience: https://reactjs.org/link/react-devtools font-weight:bold @ webpack-internal:///(app-pages-browser)/./node_modules/next/dist/compiled/react-dom/cjs/react-dom.development.js:38559
[ 3794052ms] [ERROR] Failed to load resource: the server responded with a status of 400 () @ https://clerk.greentryst.com/v1/client?__clerk_api_version=2025-11-10&_clerk_js_version=5.125.7:0
[ 3794127ms] [ERROR] Failed to load resource: the server responded with a status of 400 () @ https://clerk.greentryst.com/v1/environment?__clerk_api_version=2025-11-10&_clerk_js_version=5.125.7:0
[ 3794130ms] [ERROR] e: Clerk: Production Keys are only allowed for domain "greentryst.com". 
API Error: The Request HTTP Origin header must be equal to or a subdomain of the requesting URL.
    at https://clerk.greentryst.com/npm/@clerk/clerk-js@5/dist/clerk.browser.js:2:7182
    at u._baseFetch (https://clerk.greentryst.com/npm/@clerk/clerk-js@5/dist/clerk.browser.js:3:38)
    at async d.execute (https://clerk.greentryst.com/npm/@clerk/clerk-js@5/dist/clerk.browser.js:2:5226)
    at async s._baseGet (https://clerk.greentryst.com/npm/@clerk/clerk-js@5/dist/clerk.browser.js:3:567)
    at async Promise.all (index 1)
    at async #U (https://clerk.greentryst.com/npm/@clerk/clerk-js@5/dist/clerk.browser.js:5:73541)
    at async e5.load (https://clerk.greentryst.com/npm/@clerk/clerk-js@5/dist/clerk.browser.js:5:34322)
    at async _IsomorphicClerk.loadClerkJS (webpack-internal:///(app-pages-browser)/./node_modules/@clerk/clerk-react/dist/index.mjs:1746:9) @ webpack-internal:///(app-pages-browser)/./node_modules/next/dist/client/app-index.js:32
[ 3795405ms] [ERROR] Failed to load resource: the server responded with a status of 400 () @ https://clerk.greentryst.com/v1/client?__clerk_api_version=2025-11-10&_clerk_js_version=5.125.7:0
[ 3795455ms] [ERROR] Failed to load resource: the server responded with a status of 400 () @ https://clerk.greentryst.com/v1/environment?__clerk_api_version=2025-11-10&_clerk_js_version=5.125.7:0
[ 3795458ms] [ERROR] e: Clerk: Production Keys are only allowed for domain "greentryst.com". 
API Error: The Request HTTP Origin header must be equal to or a subdomain of the requesting URL.
    at https://clerk.greentryst.com/npm/@clerk/clerk-js@5/dist/clerk.browser.js:2:7182
    at u._baseFetch (https://clerk.greentryst.com/npm/@clerk/clerk-js@5/dist/clerk.browser.js:3:38)
    at async d.execute (https://clerk.greentryst.com/npm/@clerk/clerk-js@5/dist/clerk.browser.js:2:5226)
    at async s._baseGet (https://clerk.greentryst.com/npm/@clerk/clerk-js@5/dist/clerk.browser.js:3:567)
    at async Promise.all (index 1)
    at async #U (https://clerk.greentryst.com/npm/@clerk/clerk-js@5/dist/clerk.browser.js:5:73541)
    at async e5.load (https://clerk.greentryst.com/npm/@clerk/clerk-js@5/dist/clerk.browser.js:5:34322)
    at async _IsomorphicClerk.loadClerkJS (webpack-internal:///(app-pages-browser)/./node_modules/@clerk/clerk-react/dist/index.mjs:1746:9) @ webpack-internal:///(app-pages-browser)/./node_modules/next/dist/client/app-index.js:32
[ 3887445ms] [LOG] [Fast Refresh] rebuilding @ webpack-internal:///(app-pages-browser)/./node_modules/next/dist/client/components/react-dev-overlay/app/hot-reloader-client.js:186
[ 3888370ms] [LOG] [Fast Refresh] done in 941ms @ webpack-internal:///(app-pages-browser)/./node_modules/next/dist/client/components/react-dev-overlay/app/hot-reloader-client.js:43
[ 3892278ms] [LOG] [Fast Refresh] rebuilding @ webpack-internal:///(app-pages-browser)/./node_modules/next/dist/client/components/react-dev-overlay/app/hot-reloader-client.js:186
[ 3892822ms] [LOG] [Fast Refresh] done in 545ms @ webpack-internal:///(app-pages-browser)/./node_modules/next/dist/client/components/react-dev-overlay/app/hot-reloader-client.js:43
[ 3911274ms] [LOG] [Fast Refresh] rebuilding @ webpack-internal:///(app-pages-browser)/./node_modules/next/dist/client/components/react-dev-overlay/app/hot-reloader-client.js:186
[ 3911662ms] [LOG] [Fast Refresh] done in 388ms @ webpack-internal:///(app-pages-browser)/./node_modules/next/dist/client/components/react-dev-overlay/app/hot-reloader-client.js:43
[ 3938465ms] [LOG] [Fast Refresh] rebuilding @ webpack-internal:///(app-pages-browser)/./node_modules/next/dist/client/components/react-dev-overlay/app/hot-reloader-client.js:186
[ 3939088ms] [LOG] [Fast Refresh] done in 623ms @ webpack-internal:///(app-pages-browser)/./node_modules/next/dist/client/components/react-dev-overlay/app/hot-reloader-client.js:43
[ 3984150ms] [LOG] [Fast Refresh] rebuilding @ webpack-internal:///(app-pages-browser)/./node_modules/next/dist/client/components/react-dev-overlay/app/hot-reloader-client.js:186
[ 3984739ms] [LOG] [Fast Refresh] done in 589ms @ webpack-internal:///(app-pages-browser)/./node_modules/next/dist/client/components/react-dev-overlay/app/hot-reloader-client.js:43
[ 4034527ms] [LOG] [Fast Refresh] rebuilding @ webpack-internal:///(app-pages-browser)/./node_modules/next/dist/client/components/react-dev-overlay/app/hot-reloader-client.js:186
[ 4035134ms] [LOG] [Fast Refresh] done in 608ms @ webpack-internal:///(app-pages-browser)/./node_modules/next/dist/client/components/react-dev-overlay/app/hot-reloader-client.js:43
[ 4057259ms] [LOG] [Fast Refresh] rebuilding @ webpack-internal:///(app-pages-browser)/./node_modules/next/dist/client/components/react-dev-overlay/app/hot-reloader-client.js:186
[ 4062844ms] [LOG] [Fast Refresh] done in 5587ms @ webpack-internal:///(app-pages-browser)/./node_modules/next/dist/client/components/react-dev-overlay/app/hot-reloader-client.js:43
[ 4077843ms] [LOG] [Fast Refresh] rebuilding @ webpack-internal:///(app-pages-browser)/./node_modules/next/dist/client/components/react-dev-overlay/app/hot-reloader-client.js:186
[ 4078447ms] [LOG] [Fast Refresh] done in 604ms @ webpack-internal:///(app-pages-browser)/./node_modules/next/dist/client/components/react-dev-overlay/app/hot-reloader-client.js:43
[ 4088024ms] [LOG] [Fast Refresh] rebuilding @ webpack-internal:///(app-pages-browser)/./node_modules/next/dist/client/components/react-dev-overlay/app/hot-reloader-client.js:186
[ 4088438ms] [LOG] [Fast Refresh] done in 415ms @ webpack-internal:///(app-pages-browser)/./node_modules/next/dist/client/components/react-dev-overlay/app/hot-reloader-client.js:43
[ 4088563ms] [LOG] [Fast Refresh] rebuilding @ webpack-internal:///(app-pages-browser)/./node_modules/next/dist/client/components/react-dev-overlay/app/hot-reloader-client.js:186
[ 4089654ms] [LOG] [Fast Refresh] done in 1090ms @ webpack-internal:///(app-pages-browser)/./node_modules/next/dist/client/components/react-dev-overlay/app/hot-reloader-client.js:43
[ 4136527ms] [LOG] [Fast Refresh] rebuilding @ webpack-internal:///(app-pages-browser)/./node_modules/next/dist/client/components/react-dev-overlay/app/hot-reloader-client.js:186
[ 4137055ms] [LOG] [Fast Refresh] done in 528ms @ webpack-internal:///(app-pages-browser)/./node_modules/next/dist/client/components/react-dev-overlay/app/hot-reloader-client.js:43
[ 4185400ms] [LOG] [Fast Refresh] rebuilding @ webpack-internal:///(app-pages-browser)/./node_modules/next/dist/client/components/react-dev-overlay/app/hot-reloader-client.js:186
[ 4185876ms] [LOG] [Fast Refresh] done in 475ms @ webpack-internal:///(app-pages-browser)/./node_modules/next/dist/client/components/react-dev-overlay/app/hot-reloader-client.js:43
[ 4239566ms] [LOG] [Fast Refresh] rebuilding @ webpack-internal:///(app-pages-browser)/./node_modules/next/dist/client/components/react-dev-overlay/app/hot-reloader-client.js:186
[ 4240017ms] [LOG] [Fast Refresh] done in 451ms @ webpack-internal:///(app-pages-browser)/./node_modules/next/dist/client/components/react-dev-overlay/app/hot-reloader-client.js:43
[ 4289944ms] [LOG] [Fast Refresh] rebuilding @ webpack-internal:///(app-pages-browser)/./node_modules/next/dist/client/components/react-dev-overlay/app/hot-reloader-client.js:186
[ 4290694ms] [LOG] [Fast Refresh] done in 750ms @ webpack-internal:///(app-pages-browser)/./node_modules/next/dist/client/components/react-dev-overlay/app/hot-reloader-client.js:43
[ 4341862ms] [LOG] [Fast Refresh] rebuilding @ webpack-internal:///(app-pages-browser)/./node_modules/next/dist/client/components/react-dev-overlay/app/hot-reloader-client.js:186
[ 4342668ms] [LOG] [Fast Refresh] done in 807ms @ webpack-internal:///(app-pages-browser)/./node_modules/next/dist/client/components/react-dev-overlay/app/hot-reloader-client.js:43
[ 4376360ms] [LOG] [Fast Refresh] rebuilding @ webpack-internal:///(app-pages-browser)/./node_modules/next/dist/client/components/react-dev-overlay/app/hot-reloader-client.js:186
[ 4377135ms] [LOG] [Fast Refresh] done in 775ms @ webpack-internal:///(app-pages-browser)/./node_modules/next/dist/client/components/react-dev-overlay/app/hot-reloader-client.js:43
[ 4382163ms] [LOG] [Fast Refresh] rebuilding @ webpack-internal:///(app-pages-browser)/./node_modules/next/dist/client/components/react-dev-overlay/app/hot-reloader-client.js:186
[ 4382768ms] [LOG] [Fast Refresh] rebuilding @ webpack-internal:///(app-pages-browser)/./node_modules/next/dist/client/components/react-dev-overlay/app/hot-reloader-client.js:186
[ 4382886ms] [LOG] [Fast Refresh] done in 118ms @ webpack-internal:///(app-pages-browser)/./node_modules/next/dist/client/components/react-dev-overlay/app/hot-reloader-client.js:43
[ 4384915ms] [LOG] [Fast Refresh] rebuilding @ webpack-internal:///(app-pages-browser)/./node_modules/next/dist/client/components/react-dev-overlay/app/hot-reloader-client.js:186
[ 4384969ms] [LOG] [Fast Refresh] done in 53ms @ webpack-internal:///(app-pages-browser)/./node_modules/next/dist/client/components/react-dev-overlay/app/hot-reloader-client.js:43
[ 4386640ms] [LOG] [Fast Refresh] rebuilding @ webpack-internal:///(app-pages-browser)/./node_modules/next/dist/client/components/react-dev-overlay/app/hot-reloader-client.js:186
[ 4387338ms] [LOG] [Fast Refresh] rebuilding @ webpack-internal:///(app-pages-browser)/./node_modules/next/dist/client/components/react-dev-overlay/app/hot-reloader-client.js:186
[ 4387460ms] [LOG] [Fast Refresh] done in 122ms @ webpack-internal:///(app-pages-browser)/./node_modules/next/dist/client/components/react-dev-overlay/app/hot-reloader-client.js:43
[ 4388560ms] [LOG] [Fast Refresh] done in 1223ms @ webpack-internal:///(app-pages-browser)/./node_modules/next/dist/client/components/react-dev-overlay/app/hot-reloader-client.js:43
[ 4388654ms] [LOG] [Fast Refresh] rebuilding @ webpack-internal:///(app-pages-browser)/./node_modules/next/dist/client/components/react-dev-overlay/app/hot-reloader-client.js:186
[ 4389481ms] [LOG] [Fast Refresh] done in 828ms @ webpack-internal:///(app-pages-browser)/./node_modules/next/dist/client/components/react-dev-overlay/app/hot-reloader-client.js:43
