[     564ms] [INFO] %cDownload the React DevTools for a better development experience: https://reactjs.org/link/react-devtools font-weight:bold @ webpack-internal:///(app-pages-browser)/./node_modules/next/dist/compiled/react-dom/cjs/react-dom.development.js:38559
[    1101ms] [ERROR] Failed to load resource: the server responded with a status of 400 () @ https://clerk.greentryst.com/v1/client?__clerk_api_version=2025-11-10&_clerk_js_version=5.125.7:0
[    1166ms] [ERROR] Failed to load resource: the server responded with a status of 400 () @ https://clerk.greentryst.com/v1/environment?__clerk_api_version=2025-11-10&_clerk_js_version=5.125.7:0
[    1168ms] [ERROR] e: Clerk: Production Keys are only allowed for domain "greentryst.com". 
API Error: The Request HTTP Origin header must be equal to or a subdomain of the requesting URL.
    at https://clerk.greentryst.com/npm/@clerk/clerk-js@5/dist/clerk.browser.js:2:7182
    at u._baseFetch (https://clerk.greentryst.com/npm/@clerk/clerk-js@5/dist/clerk.browser.js:3:38)
    at async d.execute (https://clerk.greentryst.com/npm/@clerk/clerk-js@5/dist/clerk.browser.js:2:5226)
    at async s._baseGet (https://clerk.greentryst.com/npm/@clerk/clerk-js@5/dist/clerk.browser.js:3:567)
    at async Promise.all (index 1)
    at async #U (https://clerk.greentryst.com/npm/@clerk/clerk-js@5/dist/clerk.browser.js:5:73541)
    at async e5.load (https://clerk.greentryst.com/npm/@clerk/clerk-js@5/dist/clerk.browser.js:5:34322)
    at async _IsomorphicClerk.loadClerkJS (webpack-internal:///(app-pages-browser)/./node_modules/@clerk/clerk-react/dist/index.mjs:1746:9) @ webpack-internal:///(app-pages-browser)/./node_modules/next/dist/client/app-index.js:32
[    1493ms] [ERROR] Failed to load resource: the server responded with a status of 400 () @ https://clerk.greentryst.com/v1/client?__clerk_api_version=2025-11-10&_clerk_js_version=5.125.7:0
[    1554ms] [ERROR] Failed to load resource: the server responded with a status of 400 () @ https://clerk.greentryst.com/v1/environment?__clerk_api_version=2025-11-10&_clerk_js_version=5.125.7:0
[    1555ms] [ERROR] e: Clerk: Production Keys are only allowed for domain "greentryst.com". 
API Error: The Request HTTP Origin header must be equal to or a subdomain of the requesting URL.
    at https://clerk.greentryst.com/npm/@clerk/clerk-js@5/dist/clerk.browser.js:2:7182
    at u._baseFetch (https://clerk.greentryst.com/npm/@clerk/clerk-js@5/dist/clerk.browser.js:3:38)
    at async d.execute (https://clerk.greentryst.com/npm/@clerk/clerk-js@5/dist/clerk.browser.js:2:5226)
    at async s._baseGet (https://clerk.greentryst.com/npm/@clerk/clerk-js@5/dist/clerk.browser.js:3:567)
    at async Promise.all (index 1)
    at async #U (https://clerk.greentryst.com/npm/@clerk/clerk-js@5/dist/clerk.browser.js:5:73541)
    at async e5.load (https://clerk.greentryst.com/npm/@clerk/clerk-js@5/dist/clerk.browser.js:5:34322)
    at async _IsomorphicClerk.loadClerkJS (webpack-internal:///(app-pages-browser)/./node_modules/@clerk/clerk-react/dist/index.mjs:1746:9) @ webpack-internal:///(app-pages-browser)/./node_modules/next/dist/client/app-index.js:32
[   94844ms] [LOG] [Fast Refresh] rebuilding @ webpack-internal:///(app-pages-browser)/./node_modules/next/dist/client/components/react-dev-overlay/app/hot-reloader-client.js:186
[   95378ms] [LOG] [Fast Refresh] done in 534ms @ webpack-internal:///(app-pages-browser)/./node_modules/next/dist/client/components/react-dev-overlay/app/hot-reloader-client.js:43
[  110533ms] [LOG] [Fast Refresh] rebuilding @ webpack-internal:///(app-pages-browser)/./node_modules/next/dist/client/components/react-dev-overlay/app/hot-reloader-client.js:186
[  110868ms] [LOG] [Fast Refresh] done in 334ms @ webpack-internal:///(app-pages-browser)/./node_modules/next/dist/client/components/react-dev-overlay/app/hot-reloader-client.js:43
[  125166ms] [LOG] [Fast Refresh] rebuilding @ webpack-internal:///(app-pages-browser)/./node_modules/next/dist/client/components/react-dev-overlay/app/hot-reloader-client.js:186
[  125588ms] [LOG] [Fast Refresh] done in 424ms @ webpack-internal:///(app-pages-browser)/./node_modules/next/dist/client/components/react-dev-overlay/app/hot-reloader-client.js:43
[  308367ms] [LOG] [Fast Refresh] rebuilding @ webpack-internal:///(app-pages-browser)/./node_modules/next/dist/client/components/react-dev-overlay/app/hot-reloader-client.js:186
[  308748ms] [LOG] [Fast Refresh] done in 382ms @ webpack-internal:///(app-pages-browser)/./node_modules/next/dist/client/components/react-dev-overlay/app/hot-reloader-client.js:43
[  328746ms] [LOG] [Fast Refresh] rebuilding @ webpack-internal:///(app-pages-browser)/./node_modules/next/dist/client/components/react-dev-overlay/app/hot-reloader-client.js:186
[  328947ms] [LOG] [Fast Refresh] done in 200ms @ webpack-internal:///(app-pages-browser)/./node_modules/next/dist/client/components/react-dev-overlay/app/hot-reloader-client.js:43
[  338781ms] [LOG] [Fast Refresh] rebuilding @ webpack-internal:///(app-pages-browser)/./node_modules/next/dist/client/components/react-dev-overlay/app/hot-reloader-client.js:186
[  339365ms] [LOG] [Fast Refresh] done in 583ms @ webpack-internal:///(app-pages-browser)/./node_modules/next/dist/client/components/react-dev-overlay/app/hot-reloader-client.js:43
[  356701ms] [LOG] [Fast Refresh] rebuilding @ webpack-internal:///(app-pages-browser)/./node_modules/next/dist/client/components/react-dev-overlay/app/hot-reloader-client.js:186
[  357070ms] [LOG] [Fast Refresh] done in 369ms @ webpack-internal:///(app-pages-browser)/./node_modules/next/dist/client/components/react-dev-overlay/app/hot-reloader-client.js:43
[  372242ms] [LOG] [Fast Refresh] rebuilding @ webpack-internal:///(app-pages-browser)/./node_modules/next/dist/client/components/react-dev-overlay/app/hot-reloader-client.js:186
[  372585ms] [LOG] [Fast Refresh] done in 344ms @ webpack-internal:///(app-pages-browser)/./node_modules/next/dist/client/components/react-dev-overlay/app/hot-reloader-client.js:43
[  439178ms] [LOG] [Fast Refresh] rebuilding @ webpack-internal:///(app-pages-browser)/./node_modules/next/dist/client/components/react-dev-overlay/app/hot-reloader-client.js:186
[  439604ms] [LOG] [Fast Refresh] done in 426ms @ webpack-internal:///(app-pages-browser)/./node_modules/next/dist/client/components/react-dev-overlay/app/hot-reloader-client.js:43
[  517945ms] [LOG] [Fast Refresh] rebuilding @ webpack-internal:///(app-pages-browser)/./node_modules/next/dist/client/components/react-dev-overlay/app/hot-reloader-client.js:186
[  518409ms] [LOG] [Fast Refresh] done in 463ms @ webpack-internal:///(app-pages-browser)/./node_modules/next/dist/client/components/react-dev-overlay/app/hot-reloader-client.js:43
[  730145ms] [LOG] [Fast Refresh] rebuilding @ webpack-internal:///(app-pages-browser)/./node_modules/next/dist/client/components/react-dev-overlay/app/hot-reloader-client.js:186
[  730649ms] [LOG] [Fast Refresh] done in 504ms @ webpack-internal:///(app-pages-browser)/./node_modules/next/dist/client/components/react-dev-overlay/app/hot-reloader-client.js:43
[  745938ms] [LOG] [Fast Refresh] rebuilding @ webpack-internal:///(app-pages-browser)/./node_modules/next/dist/client/components/react-dev-overlay/app/hot-reloader-client.js:186
[  746240ms] [LOG] [Fast Refresh] done in 302ms @ webpack-internal:///(app-pages-browser)/./node_modules/next/dist/client/components/react-dev-overlay/app/hot-reloader-client.js:43
[ 1019152ms] [LOG] [Fast Refresh] rebuilding @ webpack-internal:///(app-pages-browser)/./node_modules/next/dist/client/components/react-dev-overlay/app/hot-reloader-client.js:186
[ 1019647ms] [LOG] [Fast Refresh] done in 495ms @ webpack-internal:///(app-pages-browser)/./node_modules/next/dist/client/components/react-dev-overlay/app/hot-reloader-client.js:43
[ 1034166ms] [LOG] [Fast Refresh] rebuilding @ webpack-internal:///(app-pages-browser)/./node_modules/next/dist/client/components/react-dev-overlay/app/hot-reloader-client.js:186
[ 1034795ms] [LOG] [Fast Refresh] done in 629ms @ webpack-internal:///(app-pages-browser)/./node_modules/next/dist/client/components/react-dev-overlay/app/hot-reloader-client.js:43
[ 1068451ms] [LOG] [Fast Refresh] rebuilding @ webpack-internal:///(app-pages-browser)/./node_modules/next/dist/client/components/react-dev-overlay/app/hot-reloader-client.js:186
[ 1068866ms] [LOG] [Fast Refresh] done in 415ms @ webpack-internal:///(app-pages-browser)/./node_modules/next/dist/client/components/react-dev-overlay/app/hot-reloader-client.js:43
[ 1169359ms] [LOG] [Fast Refresh] rebuilding @ webpack-internal:///(app-pages-browser)/./node_modules/next/dist/client/components/react-dev-overlay/app/hot-reloader-client.js:186
[ 1169869ms] [LOG] [Fast Refresh] done in 510ms @ webpack-internal:///(app-pages-browser)/./node_modules/next/dist/client/components/react-dev-overlay/app/hot-reloader-client.js:43
[ 1221552ms] [INFO] %cDownload the React DevTools for a better development experience: https://reactjs.org/link/react-devtools font-weight:bold @ webpack-internal:///(app-pages-browser)/./node_modules/next/dist/compiled/react-dom/cjs/react-dom.development.js:38559
[ 1222075ms] [ERROR] Failed to load resource: the server responded with a status of 400 () @ https://clerk.greentryst.com/v1/client?__clerk_api_version=2025-11-10&_clerk_js_version=5.125.7:0
[ 1222110ms] [ERROR] Failed to load resource: the server responded with a status of 400 () @ https://clerk.greentryst.com/v1/environment?__clerk_api_version=2025-11-10&_clerk_js_version=5.125.7:0
[ 1222112ms] [ERROR] e: Clerk: Production Keys are only allowed for domain "greentryst.com". 
API Error: The Request HTTP Origin header must be equal to or a subdomain of the requesting URL.
    at https://clerk.greentryst.com/npm/@clerk/clerk-js@5/dist/clerk.browser.js:2:7182
    at u._baseFetch (https://clerk.greentryst.com/npm/@clerk/clerk-js@5/dist/clerk.browser.js:3:38)
    at async d.execute (https://clerk.greentryst.com/npm/@clerk/clerk-js@5/dist/clerk.browser.js:2:5226)
    at async s._baseGet (https://clerk.greentryst.com/npm/@clerk/clerk-js@5/dist/clerk.browser.js:3:567)
    at async Promise.all (index 1)
    at async #U (https://clerk.greentryst.com/npm/@clerk/clerk-js@5/dist/clerk.browser.js:5:73541)
    at async e5.load (https://clerk.greentryst.com/npm/@clerk/clerk-js@5/dist/clerk.browser.js:5:34322)
    at async _IsomorphicClerk.loadClerkJS (webpack-internal:///(app-pages-browser)/./node_modules/@clerk/clerk-react/dist/index.mjs:1746:9) @ webpack-internal:///(app-pages-browser)/./node_modules/next/dist/client/app-index.js:32
[ 1222876ms] [ERROR] Failed to load resource: the server responded with a status of 400 () @ https://clerk.greentryst.com/v1/client?__clerk_api_version=2025-11-10&_clerk_js_version=5.125.7:0
[ 1222877ms] [ERROR] Failed to load resource: the server responded with a status of 400 () @ https://clerk.greentryst.com/v1/environment?__clerk_api_version=2025-11-10&_clerk_js_version=5.125.7:0
[ 1222878ms] [ERROR] e: Clerk: Production Keys are only allowed for domain "greentryst.com". 
API Error: The Request HTTP Origin header must be equal to or a subdomain of the requesting URL.
    at https://clerk.greentryst.com/npm/@clerk/clerk-js@5/dist/clerk.browser.js:2:7182
    at u._baseFetch (https://clerk.greentryst.com/npm/@clerk/clerk-js@5/dist/clerk.browser.js:3:38)
    at async d.execute (https://clerk.greentryst.com/npm/@clerk/clerk-js@5/dist/clerk.browser.js:2:5226)
    at async s._baseGet (https://clerk.greentryst.com/npm/@clerk/clerk-js@5/dist/clerk.browser.js:3:567)
    at async Promise.all (index 1)
    at async #U (https://clerk.greentryst.com/npm/@clerk/clerk-js@5/dist/clerk.browser.js:5:73541)
    at async e5.load (https://clerk.greentryst.com/npm/@clerk/clerk-js@5/dist/clerk.browser.js:5:34322)
    at async _IsomorphicClerk.loadClerkJS (webpack-internal:///(app-pages-browser)/./node_modules/@clerk/clerk-react/dist/index.mjs:1746:9) @ webpack-internal:///(app-pages-browser)/./node_modules/next/dist/client/app-index.js:32
[ 1344506ms] [LOG] [Fast Refresh] rebuilding @ webpack-internal:///(app-pages-browser)/./node_modules/next/dist/client/components/react-dev-overlay/app/hot-reloader-client.js:186
[ 1345002ms] [LOG] [Fast Refresh] done in 497ms @ webpack-internal:///(app-pages-browser)/./node_modules/next/dist/client/components/react-dev-overlay/app/hot-reloader-client.js:43
[ 1345366ms] [ERROR] Failed to load resource: the server responded with a status of 404 (Not Found) @ http://localhost:5001/redesign/jobs?_rsc=lghx6:0
[ 1345581ms] [ERROR] Failed to load resource: the server responded with a status of 404 (Not Found) @ http://localhost:5001/redesign/jobs:0
[ 1345871ms] [INFO] %cDownload the React DevTools for a better development experience: https://reactjs.org/link/react-devtools font-weight:bold @ webpack-internal:///(app-pages-browser)/./node_modules/next/dist/compiled/react-dom/cjs/react-dom.development.js:38559
[ 1345978ms] [ERROR] Failed to load resource: the server responded with a status of 404 (Not Found) @ http://localhost:5001/redesign/jobs:0
[ 1346000ms] [ERROR] Failed to load resource: the server responded with a status of 404 (Not Found) @ http://localhost:5001/redesign/jobs:0
[ 1346273ms] [ERROR] Failed to load resource: the server responded with a status of 400 () @ https://clerk.greentryst.com/v1/client?__clerk_api_version=2025-11-10&_clerk_js_version=5.125.7:0
[ 1346551ms] [ERROR] Failed to load resource: the server responded with a status of 400 () @ https://clerk.greentryst.com/v1/environment?__clerk_api_version=2025-11-10&_clerk_js_version=5.125.7:0
[ 1346553ms] [ERROR] e: Clerk: Production Keys are only allowed for domain "greentryst.com". 
API Error: The Request HTTP Origin header must be equal to or a subdomain of the requesting URL.
    at https://clerk.greentryst.com/npm/@clerk/clerk-js@5/dist/clerk.browser.js:2:7182
    at u._baseFetch (https://clerk.greentryst.com/npm/@clerk/clerk-js@5/dist/clerk.browser.js:3:38)
    at async d.execute (https://clerk.greentryst.com/npm/@clerk/clerk-js@5/dist/clerk.browser.js:2:5226)
    at async s._baseGet (https://clerk.greentryst.com/npm/@clerk/clerk-js@5/dist/clerk.browser.js:3:567)
    at async Promise.all (index 1)
    at async #U (https://clerk.greentryst.com/npm/@clerk/clerk-js@5/dist/clerk.browser.js:5:73541)
    at async e5.load (https://clerk.greentryst.com/npm/@clerk/clerk-js@5/dist/clerk.browser.js:5:34322)
    at async _IsomorphicClerk.loadClerkJS (webpack-internal:///(app-pages-browser)/./node_modules/@clerk/clerk-react/dist/index.mjs:1746:9) @ webpack-internal:///(app-pages-browser)/./node_modules/next/dist/client/app-index.js:32
[ 1346871ms] [ERROR] Failed to load resource: the server responded with a status of 400 () @ https://clerk.greentryst.com/v1/client?__clerk_api_version=2025-11-10&_clerk_js_version=5.125.7:0
[ 1346890ms] [ERROR] Failed to load resource: the server responded with a status of 400 () @ https://clerk.greentryst.com/v1/environment?__clerk_api_version=2025-11-10&_clerk_js_version=5.125.7:0
[ 1346891ms] [ERROR] e: Clerk: Production Keys are only allowed for domain "greentryst.com". 
API Error: The Request HTTP Origin header must be equal to or a subdomain of the requesting URL.
    at https://clerk.greentryst.com/npm/@clerk/clerk-js@5/dist/clerk.browser.js:2:7182
    at u._baseFetch (https://clerk.greentryst.com/npm/@clerk/clerk-js@5/dist/clerk.browser.js:3:38)
    at async d.execute (https://clerk.greentryst.com/npm/@clerk/clerk-js@5/dist/clerk.browser.js:2:5226)
    at async s._baseGet (https://clerk.greentryst.com/npm/@clerk/clerk-js@5/dist/clerk.browser.js:3:567)
    at async Promise.all (index 1)
    at async #U (https://clerk.greentryst.com/npm/@clerk/clerk-js@5/dist/clerk.browser.js:5:73541)
    at async e5.load (https://clerk.greentryst.com/npm/@clerk/clerk-js@5/dist/clerk.browser.js:5:34322)
    at async _IsomorphicClerk.loadClerkJS (webpack-internal:///(app-pages-browser)/./node_modules/@clerk/clerk-react/dist/index.mjs:1746:9) @ webpack-internal:///(app-pages-browser)/./node_modules/next/dist/client/app-index.js:32
[ 1348234ms] [INFO] %cDownload the React DevTools for a better development experience: https://reactjs.org/link/react-devtools font-weight:bold @ webpack-internal:///(app-pages-browser)/./node_modules/next/dist/compiled/react-dom/cjs/react-dom.development.js:38559
[ 1348606ms] [ERROR] Failed to load resource: the server responded with a status of 400 () @ https://clerk.greentryst.com/v1/client?__clerk_api_version=2025-11-10&_clerk_js_version=5.125.7:0
[ 1348615ms] [ERROR] Failed to load resource: the server responded with a status of 400 () @ https://clerk.greentryst.com/v1/environment?__clerk_api_version=2025-11-10&_clerk_js_version=5.125.7:0
[ 1348616ms] [ERROR] e: Clerk: Production Keys are only allowed for domain "greentryst.com". 
API Error: The Request HTTP Origin header must be equal to or a subdomain of the requesting URL.
    at https://clerk.greentryst.com/npm/@clerk/clerk-js@5/dist/clerk.browser.js:2:7182
    at u._baseFetch (https://clerk.greentryst.com/npm/@clerk/clerk-js@5/dist/clerk.browser.js:3:38)
    at async d.execute (https://clerk.greentryst.com/npm/@clerk/clerk-js@5/dist/clerk.browser.js:2:5226)
    at async s._baseGet (https://clerk.greentryst.com/npm/@clerk/clerk-js@5/dist/clerk.browser.js:3:567)
    at async Promise.all (index 1)
    at async #U (https://clerk.greentryst.com/npm/@clerk/clerk-js@5/dist/clerk.browser.js:5:73541)
    at async e5.load (https://clerk.greentryst.com/npm/@clerk/clerk-js@5/dist/clerk.browser.js:5:34322)
    at async _IsomorphicClerk.loadClerkJS (webpack-internal:///(app-pages-browser)/./node_modules/@clerk/clerk-react/dist/index.mjs:1746:9) @ webpack-internal:///(app-pages-browser)/./node_modules/next/dist/client/app-index.js:32
[ 1348949ms] [ERROR] Failed to load resource: the server responded with a status of 400 () @ https://clerk.greentryst.com/v1/client?__clerk_api_version=2025-11-10&_clerk_js_version=5.125.7:0
[ 1348966ms] [ERROR] Failed to load resource: the server responded with a status of 400 () @ https://clerk.greentryst.com/v1/environment?__clerk_api_version=2025-11-10&_clerk_js_version=5.125.7:0
[ 1348967ms] [ERROR] e: Clerk: Production Keys are only allowed for domain "greentryst.com". 
API Error: The Request HTTP Origin header must be equal to or a subdomain of the requesting URL.
    at https://clerk.greentryst.com/npm/@clerk/clerk-js@5/dist/clerk.browser.js:2:7182
    at u._baseFetch (https://clerk.greentryst.com/npm/@clerk/clerk-js@5/dist/clerk.browser.js:3:38)
    at async d.execute (https://clerk.greentryst.com/npm/@clerk/clerk-js@5/dist/clerk.browser.js:2:5226)
    at async s._baseGet (https://clerk.greentryst.com/npm/@clerk/clerk-js@5/dist/clerk.browser.js:3:567)
    at async Promise.all (index 1)
    at async #U (https://clerk.greentryst.com/npm/@clerk/clerk-js@5/dist/clerk.browser.js:5:73541)
    at async e5.load (https://clerk.greentryst.com/npm/@clerk/clerk-js@5/dist/clerk.browser.js:5:34322)
    at async _IsomorphicClerk.loadClerkJS (webpack-internal:///(app-pages-browser)/./node_modules/@clerk/clerk-react/dist/index.mjs:1746:9) @ webpack-internal:///(app-pages-browser)/./node_modules/next/dist/client/app-index.js:32
[ 1907578ms] [LOG] [Fast Refresh] rebuilding @ webpack-internal:///(app-pages-browser)/./node_modules/next/dist/client/components/react-dev-overlay/app/hot-reloader-client.js:186
[ 1908617ms] [LOG] [Fast Refresh] done in 1041ms @ webpack-internal:///(app-pages-browser)/./node_modules/next/dist/client/components/react-dev-overlay/app/hot-reloader-client.js:43
[ 1908649ms] Error: TryItDemo is not defined
    at ComponentShowcasePage (webpack-internal:///(rsc)/./src/app/redesign/components/page.tsx:924:97)
    at e_ (/Users/knowprajjwal/LearningPlatform/node_modules/next/dist/compiled/next-server/app-page.runtime.dev.js:35:264164)
    at e (/Users/knowprajjwal/LearningPlatform/node_modules/next/dist/compiled/next-server/app-page.runtime.dev.js:35:268296)
    at eF (/Users/knowprajjwal/LearningPlatform/node_modules/next/dist/compiled/next-server/app-page.runtime.dev.js:35:268784)
    at eq (/Users/knowprajjwal/LearningPlatform/node_modules/next/dist/compiled/next-server/app-page.runtime.dev.js:35:274748)
    at ej (/Users/knowprajjwal/LearningPlatform/node_modules/next/dist/compiled/next-server/app-page.runtime.dev.js:35:264992)
    at e_ (/Users/knowprajjwal/LearningPlatform/node_modules/next/dist/compiled/next-server/app-page.runtime.dev.js:35:264034)
    at e (/Users/knowprajjwal/LearningPlatform/node_modules/next/dist/compiled/next-server/app-page.runtime.dev.js:35:268296)
    at eF (/Users/knowprajjwal/LearningPlatform/node_modules/next/dist/compiled/next-server/app-page.runtime.dev.js:35:268784)
    at /Users/knowprajjwal/LearningPlatform/node_modules/next/dist/compiled/next-server/app-page.runtime.dev.js:35:266015
    at Array.toJSON (/Users/knowprajjwal/LearningPlatform/node_modules/next/dist/compiled/next-server/app-page.runtime.dev.js:35:266479)
    at stringify (<anonymous>)
    at eq (/Users/knowprajjwal/LearningPlatform/node_modules/next/dist/compiled/next-server/app-page.runtime.dev.js:35:274847)
    at eJ (/Users/knowprajjwal/LearningPlatform/node_modules/next/dist/compiled/next-server/app-page.runtime.dev.js:35:275365)
    at AsyncLocalStorage.run (node:internal/async_local_storage/async_hooks:91:14)
    at Timeout._onTimeout (/Users/knowprajjwal/LearningPlatform/node_modules/next/dist/compiled/next-server/app-page.runtime.dev.js:35:283454)
    at listOnTimeout (node:internal/timers:588:17)
    at process.processTimers (node:internal/timers:523:7)
[ 1908651ms] Error: TryItDemo is not defined
    at ComponentShowcasePage (webpack-internal:///(rsc)/./src/app/redesign/components/page.tsx:924:97)
    at e_ (/Users/knowprajjwal/LearningPlatform/node_modules/next/dist/compiled/next-server/app-page.runtime.dev.js:35:264164)
    at e (/Users/knowprajjwal/LearningPlatform/node_modules/next/dist/compiled/next-server/app-page.runtime.dev.js:35:268296)
    at eF (/Users/knowprajjwal/LearningPlatform/node_modules/next/dist/compiled/next-server/app-page.runtime.dev.js:35:268784)
    at eq (/Users/knowprajjwal/LearningPlatform/node_modules/next/dist/compiled/next-server/app-page.runtime.dev.js:35:274748)
    at ej (/Users/knowprajjwal/LearningPlatform/node_modules/next/dist/compiled/next-server/app-page.runtime.dev.js:35:264992)
    at e_ (/Users/knowprajjwal/LearningPlatform/node_modules/next/dist/compiled/next-server/app-page.runtime.dev.js:35:264034)
    at e (/Users/knowprajjwal/LearningPlatform/node_modules/next/dist/compiled/next-server/app-page.runtime.dev.js:35:268296)
    at eF (/Users/knowprajjwal/LearningPlatform/node_modules/next/dist/compiled/next-server/app-page.runtime.dev.js:35:268784)
    at /Users/knowprajjwal/LearningPlatform/node_modules/next/dist/compiled/next-server/app-page.runtime.dev.js:35:266015
    at Array.toJSON (/Users/knowprajjwal/LearningPlatform/node_modules/next/dist/compiled/next-server/app-page.runtime.dev.js:35:266479)
    at stringify (<anonymous>)
    at eq (/Users/knowprajjwal/LearningPlatform/node_modules/next/dist/compiled/next-server/app-page.runtime.dev.js:35:274847)
    at eJ (/Users/knowprajjwal/LearningPlatform/node_modules/next/dist/compiled/next-server/app-page.runtime.dev.js:35:275365)
    at AsyncLocalStorage.run (node:internal/async_local_storage/async_hooks:91:14)
    at Timeout._onTimeout (/Users/knowprajjwal/LearningPlatform/node_modules/next/dist/compiled/next-server/app-page.runtime.dev.js:35:283454)
    at listOnTimeout (node:internal/timers:588:17)
    at process.processTimers (node:internal/timers:523:7)
[ 1908651ms] Error: TryItDemo is not defined
    at ComponentShowcasePage (webpack-internal:///(rsc)/./src/app/redesign/components/page.tsx:924:97)
    at e_ (/Users/knowprajjwal/LearningPlatform/node_modules/next/dist/compiled/next-server/app-page.runtime.dev.js:35:264164)
    at e (/Users/knowprajjwal/LearningPlatform/node_modules/next/dist/compiled/next-server/app-page.runtime.dev.js:35:268296)
    at eF (/Users/knowprajjwal/LearningPlatform/node_modules/next/dist/compiled/next-server/app-page.runtime.dev.js:35:268784)
    at eq (/Users/knowprajjwal/LearningPlatform/node_modules/next/dist/compiled/next-server/app-page.runtime.dev.js:35:274748)
    at ej (/Users/knowprajjwal/LearningPlatform/node_modules/next/dist/compiled/next-server/app-page.runtime.dev.js:35:264992)
    at e_ (/Users/knowprajjwal/LearningPlatform/node_modules/next/dist/compiled/next-server/app-page.runtime.dev.js:35:264034)
    at e (/Users/knowprajjwal/LearningPlatform/node_modules/next/dist/compiled/next-server/app-page.runtime.dev.js:35:268296)
    at eF (/Users/knowprajjwal/LearningPlatform/node_modules/next/dist/compiled/next-server/app-page.runtime.dev.js:35:268784)
    at /Users/knowprajjwal/LearningPlatform/node_modules/next/dist/compiled/next-server/app-page.runtime.dev.js:35:266015
    at Array.toJSON (/Users/knowprajjwal/LearningPlatform/node_modules/next/dist/compiled/next-server/app-page.runtime.dev.js:35:266479)
    at stringify (<anonymous>)
    at eq (/Users/knowprajjwal/LearningPlatform/node_modules/next/dist/compiled/next-server/app-page.runtime.dev.js:35:274847)
    at eJ (/Users/knowprajjwal/LearningPlatform/node_modules/next/dist/compiled/next-server/app-page.runtime.dev.js:35:275365)
    at AsyncLocalStorage.run (node:internal/async_local_storage/async_hooks:91:14)
    at Timeout._onTimeout (/Users/knowprajjwal/LearningPlatform/node_modules/next/dist/compiled/next-server/app-page.runtime.dev.js:35:283454)
    at listOnTimeout (node:internal/timers:588:17)
    at process.processTimers (node:internal/timers:523:7)
[ 1908651ms] Error: TryItDemo is not defined
    at ComponentShowcasePage (webpack-internal:///(rsc)/./src/app/redesign/components/page.tsx:924:97)
    at e_ (/Users/knowprajjwal/LearningPlatform/node_modules/next/dist/compiled/next-server/app-page.runtime.dev.js:35:264164)
    at e (/Users/knowprajjwal/LearningPlatform/node_modules/next/dist/compiled/next-server/app-page.runtime.dev.js:35:268296)
    at eF (/Users/knowprajjwal/LearningPlatform/node_modules/next/dist/compiled/next-server/app-page.runtime.dev.js:35:268784)
    at eq (/Users/knowprajjwal/LearningPlatform/node_modules/next/dist/compiled/next-server/app-page.runtime.dev.js:35:274748)
    at ej (/Users/knowprajjwal/LearningPlatform/node_modules/next/dist/compiled/next-server/app-page.runtime.dev.js:35:264992)
    at e_ (/Users/knowprajjwal/LearningPlatform/node_modules/next/dist/compiled/next-server/app-page.runtime.dev.js:35:264034)
    at e (/Users/knowprajjwal/LearningPlatform/node_modules/next/dist/compiled/next-server/app-page.runtime.dev.js:35:268296)
    at eF (/Users/knowprajjwal/LearningPlatform/node_modules/next/dist/compiled/next-server/app-page.runtime.dev.js:35:268784)
    at /Users/knowprajjwal/LearningPlatform/node_modules/next/dist/compiled/next-server/app-page.runtime.dev.js:35:266015
    at Array.toJSON (/Users/knowprajjwal/LearningPlatform/node_modules/next/dist/compiled/next-server/app-page.runtime.dev.js:35:266479)
    at stringify (<anonymous>)
    at eq (/Users/knowprajjwal/LearningPlatform/node_modules/next/dist/compiled/next-server/app-page.runtime.dev.js:35:274847)
    at eJ (/Users/knowprajjwal/LearningPlatform/node_modules/next/dist/compiled/next-server/app-page.runtime.dev.js:35:275365)
    at AsyncLocalStorage.run (node:internal/async_local_storage/async_hooks:91:14)
    at Timeout._onTimeout (/Users/knowprajjwal/LearningPlatform/node_modules/next/dist/compiled/next-server/app-page.runtime.dev.js:35:283454)
    at listOnTimeout (node:internal/timers:588:17)
    at process.processTimers (node:internal/timers:523:7)
[ 1908651ms] Error: TryItDemo is not defined
    at ComponentShowcasePage (webpack-internal:///(rsc)/./src/app/redesign/components/page.tsx:924:97)
    at e_ (/Users/knowprajjwal/LearningPlatform/node_modules/next/dist/compiled/next-server/app-page.runtime.dev.js:35:264164)
    at e (/Users/knowprajjwal/LearningPlatform/node_modules/next/dist/compiled/next-server/app-page.runtime.dev.js:35:268296)
    at eF (/Users/knowprajjwal/LearningPlatform/node_modules/next/dist/compiled/next-server/app-page.runtime.dev.js:35:268784)
    at eq (/Users/knowprajjwal/LearningPlatform/node_modules/next/dist/compiled/next-server/app-page.runtime.dev.js:35:274748)
    at ej (/Users/knowprajjwal/LearningPlatform/node_modules/next/dist/compiled/next-server/app-page.runtime.dev.js:35:264992)
    at e_ (/Users/knowprajjwal/LearningPlatform/node_modules/next/dist/compiled/next-server/app-page.runtime.dev.js:35:264034)
    at e (/Users/knowprajjwal/LearningPlatform/node_modules/next/dist/compiled/next-server/app-page.runtime.dev.js:35:268296)
    at eF (/Users/knowprajjwal/LearningPlatform/node_modules/next/dist/compiled/next-server/app-page.runtime.dev.js:35:268784)
    at /Users/knowprajjwal/LearningPlatform/node_modules/next/dist/compiled/next-server/app-page.runtime.dev.js:35:266015
    at Array.toJSON (/Users/knowprajjwal/LearningPlatform/node_modules/next/dist/compiled/next-server/app-page.runtime.dev.js:35:266479)
    at stringify (<anonymous>)
    at eq (/Users/knowprajjwal/LearningPlatform/node_modules/next/dist/compiled/next-server/app-page.runtime.dev.js:35:274847)
    at eJ (/Users/knowprajjwal/LearningPlatform/node_modules/next/dist/compiled/next-server/app-page.runtime.dev.js:35:275365)
    at AsyncLocalStorage.run (node:internal/async_local_storage/async_hooks:91:14)
    at Timeout._onTimeout (/Users/knowprajjwal/LearningPlatform/node_modules/next/dist/compiled/next-server/app-page.runtime.dev.js:35:283454)
    at listOnTimeout (node:internal/timers:588:17)
    at process.processTimers (node:internal/timers:523:7)
[ 1908651ms] Error: TryItDemo is not defined
    at ComponentShowcasePage (webpack-internal:///(rsc)/./src/app/redesign/components/page.tsx:924:97)
    at e_ (/Users/knowprajjwal/LearningPlatform/node_modules/next/dist/compiled/next-server/app-page.runtime.dev.js:35:264164)
    at e (/Users/knowprajjwal/LearningPlatform/node_modules/next/dist/compiled/next-server/app-page.runtime.dev.js:35:268296)
    at eF (/Users/knowprajjwal/LearningPlatform/node_modules/next/dist/compiled/next-server/app-page.runtime.dev.js:35:268784)
    at eq (/Users/knowprajjwal/LearningPlatform/node_modules/next/dist/compiled/next-server/app-page.runtime.dev.js:35:274748)
    at ej (/Users/knowprajjwal/LearningPlatform/node_modules/next/dist/compiled/next-server/app-page.runtime.dev.js:35:264992)
    at e_ (/Users/knowprajjwal/LearningPlatform/node_modules/next/dist/compiled/next-server/app-page.runtime.dev.js:35:264034)
    at e (/Users/knowprajjwal/LearningPlatform/node_modules/next/dist/compiled/next-server/app-page.runtime.dev.js:35:268296)
    at eF (/Users/knowprajjwal/LearningPlatform/node_modules/next/dist/compiled/next-server/app-page.runtime.dev.js:35:268784)
    at /Users/knowprajjwal/LearningPlatform/node_modules/next/dist/compiled/next-server/app-page.runtime.dev.js:35:266015
    at Array.toJSON (/Users/knowprajjwal/LearningPlatform/node_modules/next/dist/compiled/next-server/app-page.runtime.dev.js:35:266479)
    at stringify (<anonymous>)
    at eq (/Users/knowprajjwal/LearningPlatform/node_modules/next/dist/compiled/next-server/app-page.runtime.dev.js:35:274847)
    at eJ (/Users/knowprajjwal/LearningPlatform/node_modules/next/dist/compiled/next-server/app-page.runtime.dev.js:35:275365)
    at AsyncLocalStorage.run (node:internal/async_local_storage/async_hooks:91:14)
    at Timeout._onTimeout (/Users/knowprajjwal/LearningPlatform/node_modules/next/dist/compiled/next-server/app-page.runtime.dev.js:35:283454)
    at listOnTimeout (node:internal/timers:588:17)
    at process.processTimers (node:internal/timers:523:7)
[ 1908651ms] Error: TryItDemo is not defined
    at ComponentShowcasePage (webpack-internal:///(rsc)/./src/app/redesign/components/page.tsx:924:97)
    at e_ (/Users/knowprajjwal/LearningPlatform/node_modules/next/dist/compiled/next-server/app-page.runtime.dev.js:35:264164)
    at e (/Users/knowprajjwal/LearningPlatform/node_modules/next/dist/compiled/next-server/app-page.runtime.dev.js:35:268296)
    at eF (/Users/knowprajjwal/LearningPlatform/node_modules/next/dist/compiled/next-server/app-page.runtime.dev.js:35:268784)
    at eq (/Users/knowprajjwal/LearningPlatform/node_modules/next/dist/compiled/next-server/app-page.runtime.dev.js:35:274748)
    at ej (/Users/knowprajjwal/LearningPlatform/node_modules/next/dist/compiled/next-server/app-page.runtime.dev.js:35:264992)
    at e_ (/Users/knowprajjwal/LearningPlatform/node_modules/next/dist/compiled/next-server/app-page.runtime.dev.js:35:264034)
    at e (/Users/knowprajjwal/LearningPlatform/node_modules/next/dist/compiled/next-server/app-page.runtime.dev.js:35:268296)
    at eF (/Users/knowprajjwal/LearningPlatform/node_modules/next/dist/compiled/next-server/app-page.runtime.dev.js:35:268784)
    at /Users/knowprajjwal/LearningPlatform/node_modules/next/dist/compiled/next-server/app-page.runtime.dev.js:35:266015
    at Array.toJSON (/Users/knowprajjwal/LearningPlatform/node_modules/next/dist/compiled/next-server/app-page.runtime.dev.js:35:266479)
    at stringify (<anonymous>)
    at eq (/Users/knowprajjwal/LearningPlatform/node_modules/next/dist/compiled/next-server/app-page.runtime.dev.js:35:274847)
    at eJ (/Users/knowprajjwal/LearningPlatform/node_modules/next/dist/compiled/next-server/app-page.runtime.dev.js:35:275365)
    at AsyncLocalStorage.run (node:internal/async_local_storage/async_hooks:91:14)
    at Timeout._onTimeout (/Users/knowprajjwal/LearningPlatform/node_modules/next/dist/compiled/next-server/app-page.runtime.dev.js:35:283454)
    at listOnTimeout (node:internal/timers:588:17)
    at process.processTimers (node:internal/timers:523:7)
[ 1908736ms] Error: TryItDemo is not defined
    at ComponentShowcasePage (webpack-internal:///(rsc)/./src/app/redesign/components/page.tsx:924:97)
    at e_ (/Users/knowprajjwal/LearningPlatform/node_modules/next/dist/compiled/next-server/app-page.runtime.dev.js:35:264164)
    at e (/Users/knowprajjwal/LearningPlatform/node_modules/next/dist/compiled/next-server/app-page.runtime.dev.js:35:268296)
    at eF (/Users/knowprajjwal/LearningPlatform/node_modules/next/dist/compiled/next-server/app-page.runtime.dev.js:35:268784)
    at eq (/Users/knowprajjwal/LearningPlatform/node_modules/next/dist/compiled/next-server/app-page.runtime.dev.js:35:274748)
    at ej (/Users/knowprajjwal/LearningPlatform/node_modules/next/dist/compiled/next-server/app-page.runtime.dev.js:35:264992)
    at e_ (/Users/knowprajjwal/LearningPlatform/node_modules/next/dist/compiled/next-server/app-page.runtime.dev.js:35:264034)
    at e (/Users/knowprajjwal/LearningPlatform/node_modules/next/dist/compiled/next-server/app-page.runtime.dev.js:35:268296)
    at eF (/Users/knowprajjwal/LearningPlatform/node_modules/next/dist/compiled/next-server/app-page.runtime.dev.js:35:268784)
    at /Users/knowprajjwal/LearningPlatform/node_modules/next/dist/compiled/next-server/app-page.runtime.dev.js:35:266015
    at Array.toJSON (/Users/knowprajjwal/LearningPlatform/node_modules/next/dist/compiled/next-server/app-page.runtime.dev.js:35:266479)
    at stringify (<anonymous>)
    at eq (/Users/knowprajjwal/LearningPlatform/node_modules/next/dist/compiled/next-server/app-page.runtime.dev.js:35:274847)
    at eJ (/Users/knowprajjwal/LearningPlatform/node_modules/next/dist/compiled/next-server/app-page.runtime.dev.js:35:275365)
    at AsyncLocalStorage.run (node:internal/async_local_storage/async_hooks:91:14)
    at Timeout._onTimeout (/Users/knowprajjwal/LearningPlatform/node_modules/next/dist/compiled/next-server/app-page.runtime.dev.js:35:283454)
    at listOnTimeout (node:internal/timers:588:17)
    at process.processTimers (node:internal/timers:523:7)
[ 1908738ms] Error: TryItDemo is not defined
    at ComponentShowcasePage (webpack-internal:///(rsc)/./src/app/redesign/components/page.tsx:924:97)
    at e_ (/Users/knowprajjwal/LearningPlatform/node_modules/next/dist/compiled/next-server/app-page.runtime.dev.js:35:264164)
    at e (/Users/knowprajjwal/LearningPlatform/node_modules/next/dist/compiled/next-server/app-page.runtime.dev.js:35:268296)
    at eF (/Users/knowprajjwal/LearningPlatform/node_modules/next/dist/compiled/next-server/app-page.runtime.dev.js:35:268784)
    at eq (/Users/knowprajjwal/LearningPlatform/node_modules/next/dist/compiled/next-server/app-page.runtime.dev.js:35:274748)
    at ej (/Users/knowprajjwal/LearningPlatform/node_modules/next/dist/compiled/next-server/app-page.runtime.dev.js:35:264992)
    at e_ (/Users/knowprajjwal/LearningPlatform/node_modules/next/dist/compiled/next-server/app-page.runtime.dev.js:35:264034)
    at e (/Users/knowprajjwal/LearningPlatform/node_modules/next/dist/compiled/next-server/app-page.runtime.dev.js:35:268296)
    at eF (/Users/knowprajjwal/LearningPlatform/node_modules/next/dist/compiled/next-server/app-page.runtime.dev.js:35:268784)
    at /Users/knowprajjwal/LearningPlatform/node_modules/next/dist/compiled/next-server/app-page.runtime.dev.js:35:266015
    at Array.toJSON (/Users/knowprajjwal/LearningPlatform/node_modules/next/dist/compiled/next-server/app-page.runtime.dev.js:35:266479)
    at stringify (<anonymous>)
    at eq (/Users/knowprajjwal/LearningPlatform/node_modules/next/dist/compiled/next-server/app-page.runtime.dev.js:35:274847)
    at eJ (/Users/knowprajjwal/LearningPlatform/node_modules/next/dist/compiled/next-server/app-page.runtime.dev.js:35:275365)
    at AsyncLocalStorage.run (node:internal/async_local_storage/async_hooks:91:14)
    at Timeout._onTimeout (/Users/knowprajjwal/LearningPlatform/node_modules/next/dist/compiled/next-server/app-page.runtime.dev.js:35:283454)
    at listOnTimeout (node:internal/timers:588:17)
    at process.processTimers (node:internal/timers:523:7)
[ 1908738ms] Error: TryItDemo is not defined
    at ComponentShowcasePage (webpack-internal:///(rsc)/./src/app/redesign/components/page.tsx:924:97)
    at e_ (/Users/knowprajjwal/LearningPlatform/node_modules/next/dist/compiled/next-server/app-page.runtime.dev.js:35:264164)
    at e (/Users/knowprajjwal/LearningPlatform/node_modules/next/dist/compiled/next-server/app-page.runtime.dev.js:35:268296)
    at eF (/Users/knowprajjwal/LearningPlatform/node_modules/next/dist/compiled/next-server/app-page.runtime.dev.js:35:268784)
    at eq (/Users/knowprajjwal/LearningPlatform/node_modules/next/dist/compiled/next-server/app-page.runtime.dev.js:35:274748)
    at ej (/Users/knowprajjwal/LearningPlatform/node_modules/next/dist/compiled/next-server/app-page.runtime.dev.js:35:264992)
    at e_ (/Users/knowprajjwal/LearningPlatform/node_modules/next/dist/compiled/next-server/app-page.runtime.dev.js:35:264034)
    at e (/Users/knowprajjwal/LearningPlatform/node_modules/next/dist/compiled/next-server/app-page.runtime.dev.js:35:268296)
    at eF (/Users/knowprajjwal/LearningPlatform/node_modules/next/dist/compiled/next-server/app-page.runtime.dev.js:35:268784)
    at /Users/knowprajjwal/LearningPlatform/node_modules/next/dist/compiled/next-server/app-page.runtime.dev.js:35:266015
    at Array.toJSON (/Users/knowprajjwal/LearningPlatform/node_modules/next/dist/compiled/next-server/app-page.runtime.dev.js:35:266479)
    at stringify (<anonymous>)
    at eq (/Users/knowprajjwal/LearningPlatform/node_modules/next/dist/compiled/next-server/app-page.runtime.dev.js:35:274847)
    at eJ (/Users/knowprajjwal/LearningPlatform/node_modules/next/dist/compiled/next-server/app-page.runtime.dev.js:35:275365)
    at AsyncLocalStorage.run (node:internal/async_local_storage/async_hooks:91:14)
    at Timeout._onTimeout (/Users/knowprajjwal/LearningPlatform/node_modules/next/dist/compiled/next-server/app-page.runtime.dev.js:35:283454)
    at listOnTimeout (node:internal/timers:588:17)
    at process.processTimers (node:internal/timers:523:7)
[ 1908738ms] Error: TryItDemo is not defined
    at ComponentShowcasePage (webpack-internal:///(rsc)/./src/app/redesign/components/page.tsx:924:97)
    at e_ (/Users/knowprajjwal/LearningPlatform/node_modules/next/dist/compiled/next-server/app-page.runtime.dev.js:35:264164)
    at e (/Users/knowprajjwal/LearningPlatform/node_modules/next/dist/compiled/next-server/app-page.runtime.dev.js:35:268296)
    at eF (/Users/knowprajjwal/LearningPlatform/node_modules/next/dist/compiled/next-server/app-page.runtime.dev.js:35:268784)
    at eq (/Users/knowprajjwal/LearningPlatform/node_modules/next/dist/compiled/next-server/app-page.runtime.dev.js:35:274748)
    at ej (/Users/knowprajjwal/LearningPlatform/node_modules/next/dist/compiled/next-server/app-page.runtime.dev.js:35:264992)
    at e_ (/Users/knowprajjwal/LearningPlatform/node_modules/next/dist/compiled/next-server/app-page.runtime.dev.js:35:264034)
    at e (/Users/knowprajjwal/LearningPlatform/node_modules/next/dist/compiled/next-server/app-page.runtime.dev.js:35:268296)
    at eF (/Users/knowprajjwal/LearningPlatform/node_modules/next/dist/compiled/next-server/app-page.runtime.dev.js:35:268784)
    at /Users/knowprajjwal/LearningPlatform/node_modules/next/dist/compiled/next-server/app-page.runtime.dev.js:35:266015
    at Array.toJSON (/Users/knowprajjwal/LearningPlatform/node_modules/next/dist/compiled/next-server/app-page.runtime.dev.js:35:266479)
    at stringify (<anonymous>)
    at eq (/Users/knowprajjwal/LearningPlatform/node_modules/next/dist/compiled/next-server/app-page.runtime.dev.js:35:274847)
    at eJ (/Users/knowprajjwal/LearningPlatform/node_modules/next/dist/compiled/next-server/app-page.runtime.dev.js:35:275365)
    at AsyncLocalStorage.run (node:internal/async_local_storage/async_hooks:91:14)
    at Timeout._onTimeout (/Users/knowprajjwal/LearningPlatform/node_modules/next/dist/compiled/next-server/app-page.runtime.dev.js:35:283454)
    at listOnTimeout (node:internal/timers:588:17)
    at process.processTimers (node:internal/timers:523:7)
[ 1908739ms] Error: TryItDemo is not defined
    at ComponentShowcasePage (webpack-internal:///(rsc)/./src/app/redesign/components/page.tsx:924:97)
    at e_ (/Users/knowprajjwal/LearningPlatform/node_modules/next/dist/compiled/next-server/app-page.runtime.dev.js:35:264164)
    at e (/Users/knowprajjwal/LearningPlatform/node_modules/next/dist/compiled/next-server/app-page.runtime.dev.js:35:268296)
    at eF (/Users/knowprajjwal/LearningPlatform/node_modules/next/dist/compiled/next-server/app-page.runtime.dev.js:35:268784)
    at eq (/Users/knowprajjwal/LearningPlatform/node_modules/next/dist/compiled/next-server/app-page.runtime.dev.js:35:274748)
    at ej (/Users/knowprajjwal/LearningPlatform/node_modules/next/dist/compiled/next-server/app-page.runtime.dev.js:35:264992)
    at e_ (/Users/knowprajjwal/LearningPlatform/node_modules/next/dist/compiled/next-server/app-page.runtime.dev.js:35:264034)
    at e (/Users/knowprajjwal/LearningPlatform/node_modules/next/dist/compiled/next-server/app-page.runtime.dev.js:35:268296)
    at eF (/Users/knowprajjwal/LearningPlatform/node_modules/next/dist/compiled/next-server/app-page.runtime.dev.js:35:268784)
    at /Users/knowprajjwal/LearningPlatform/node_modules/next/dist/compiled/next-server/app-page.runtime.dev.js:35:266015
    at Array.toJSON (/Users/knowprajjwal/LearningPlatform/node_modules/next/dist/compiled/next-server/app-page.runtime.dev.js:35:266479)
    at stringify (<anonymous>)
    at eq (/Users/knowprajjwal/LearningPlatform/node_modules/next/dist/compiled/next-server/app-page.runtime.dev.js:35:274847)
    at eJ (/Users/knowprajjwal/LearningPlatform/node_modules/next/dist/compiled/next-server/app-page.runtime.dev.js:35:275365)
    at AsyncLocalStorage.run (node:internal/async_local_storage/async_hooks:91:14)
    at Timeout._onTimeout (/Users/knowprajjwal/LearningPlatform/node_modules/next/dist/compiled/next-server/app-page.runtime.dev.js:35:283454)
    at listOnTimeout (node:internal/timers:588:17)
    at process.processTimers (node:internal/timers:523:7)
[ 1908739ms] Error: TryItDemo is not defined
    at ComponentShowcasePage (webpack-internal:///(rsc)/./src/app/redesign/components/page.tsx:924:97)
    at e_ (/Users/knowprajjwal/LearningPlatform/node_modules/next/dist/compiled/next-server/app-page.runtime.dev.js:35:264164)
    at e (/Users/knowprajjwal/LearningPlatform/node_modules/next/dist/compiled/next-server/app-page.runtime.dev.js:35:268296)
    at eF (/Users/knowprajjwal/LearningPlatform/node_modules/next/dist/compiled/next-server/app-page.runtime.dev.js:35:268784)
    at eq (/Users/knowprajjwal/LearningPlatform/node_modules/next/dist/compiled/next-server/app-page.runtime.dev.js:35:274748)
    at ej (/Users/knowprajjwal/LearningPlatform/node_modules/next/dist/compiled/next-server/app-page.runtime.dev.js:35:264992)
    at e_ (/Users/knowprajjwal/LearningPlatform/node_modules/next/dist/compiled/next-server/app-page.runtime.dev.js:35:264034)
    at e (/Users/knowprajjwal/LearningPlatform/node_modules/next/dist/compiled/next-server/app-page.runtime.dev.js:35:268296)
    at eF (/Users/knowprajjwal/LearningPlatform/node_modules/next/dist/compiled/next-server/app-page.runtime.dev.js:35:268784)
    at /Users/knowprajjwal/LearningPlatform/node_modules/next/dist/compiled/next-server/app-page.runtime.dev.js:35:266015
    at Array.toJSON (/Users/knowprajjwal/LearningPlatform/node_modules/next/dist/compiled/next-server/app-page.runtime.dev.js:35:266479)
    at stringify (<anonymous>)
    at eq (/Users/knowprajjwal/LearningPlatform/node_modules/next/dist/compiled/next-server/app-page.runtime.dev.js:35:274847)
    at eJ (/Users/knowprajjwal/LearningPlatform/node_modules/next/dist/compiled/next-server/app-page.runtime.dev.js:35:275365)
    at AsyncLocalStorage.run (node:internal/async_local_storage/async_hooks:91:14)
    at Timeout._onTimeout (/Users/knowprajjwal/LearningPlatform/node_modules/next/dist/compiled/next-server/app-page.runtime.dev.js:35:283454)
    at listOnTimeout (node:internal/timers:588:17)
    at process.processTimers (node:internal/timers:523:7)
[ 1908739ms] Error: TryItDemo is not defined
    at ComponentShowcasePage (webpack-internal:///(rsc)/./src/app/redesign/components/page.tsx:924:97)
    at e_ (/Users/knowprajjwal/LearningPlatform/node_modules/next/dist/compiled/next-server/app-page.runtime.dev.js:35:264164)
    at e (/Users/knowprajjwal/LearningPlatform/node_modules/next/dist/compiled/next-server/app-page.runtime.dev.js:35:268296)
    at eF (/Users/knowprajjwal/LearningPlatform/node_modules/next/dist/compiled/next-server/app-page.runtime.dev.js:35:268784)
    at eq (/Users/knowprajjwal/LearningPlatform/node_modules/next/dist/compiled/next-server/app-page.runtime.dev.js:35:274748)
    at ej (/Users/knowprajjwal/LearningPlatform/node_modules/next/dist/compiled/next-server/app-page.runtime.dev.js:35:264992)
    at e_ (/Users/knowprajjwal/LearningPlatform/node_modules/next/dist/compiled/next-server/app-page.runtime.dev.js:35:264034)
    at e (/Users/knowprajjwal/LearningPlatform/node_modules/next/dist/compiled/next-server/app-page.runtime.dev.js:35:268296)
    at eF (/Users/knowprajjwal/LearningPlatform/node_modules/next/dist/compiled/next-server/app-page.runtime.dev.js:35:268784)
    at /Users/knowprajjwal/LearningPlatform/node_modules/next/dist/compiled/next-server/app-page.runtime.dev.js:35:266015
    at Array.toJSON (/Users/knowprajjwal/LearningPlatform/node_modules/next/dist/compiled/next-server/app-page.runtime.dev.js:35:266479)
    at stringify (<anonymous>)
    at eq (/Users/knowprajjwal/LearningPlatform/node_modules/next/dist/compiled/next-server/app-page.runtime.dev.js:35:274847)
    at eJ (/Users/knowprajjwal/LearningPlatform/node_modules/next/dist/compiled/next-server/app-page.runtime.dev.js:35:275365)
    at AsyncLocalStorage.run (node:internal/async_local_storage/async_hooks:91:14)
    at Timeout._onTimeout (/Users/knowprajjwal/LearningPlatform/node_modules/next/dist/compiled/next-server/app-page.runtime.dev.js:35:283454)
    at listOnTimeout (node:internal/timers:588:17)
    at process.processTimers (node:internal/timers:523:7)
[ 1908756ms] Error: TryItDemo is not defined
    at ComponentShowcasePage (webpack-internal:///(rsc)/./src/app/redesign/components/page.tsx:924:97)
    at e_ (/Users/knowprajjwal/LearningPlatform/node_modules/next/dist/compiled/next-server/app-page.runtime.dev.js:35:264164)
    at e (/Users/knowprajjwal/LearningPlatform/node_modules/next/dist/compiled/next-server/app-page.runtime.dev.js:35:268296)
    at eF (/Users/knowprajjwal/LearningPlatform/node_modules/next/dist/compiled/next-server/app-page.runtime.dev.js:35:268784)
    at eq (/Users/knowprajjwal/LearningPlatform/node_modules/next/dist/compiled/next-server/app-page.runtime.dev.js:35:274748)
    at ej (/Users/knowprajjwal/LearningPlatform/node_modules/next/dist/compiled/next-server/app-page.runtime.dev.js:35:264992)
    at e_ (/Users/knowprajjwal/LearningPlatform/node_modules/next/dist/compiled/next-server/app-page.runtime.dev.js:35:264034)
    at e (/Users/knowprajjwal/LearningPlatform/node_modules/next/dist/compiled/next-server/app-page.runtime.dev.js:35:268296)
    at eF (/Users/knowprajjwal/LearningPlatform/node_modules/next/dist/compiled/next-server/app-page.runtime.dev.js:35:268784)
    at /Users/knowprajjwal/LearningPlatform/node_modules/next/dist/compiled/next-server/app-page.runtime.dev.js:35:266015
    at Array.toJSON (/Users/knowprajjwal/LearningPlatform/node_modules/next/dist/compiled/next-server/app-page.runtime.dev.js:35:266479)
    at stringify (<anonymous>)
    at eq (/Users/knowprajjwal/LearningPlatform/node_modules/next/dist/compiled/next-server/app-page.runtime.dev.js:35:274847)
    at eJ (/Users/knowprajjwal/LearningPlatform/node_modules/next/dist/compiled/next-server/app-page.runtime.dev.js:35:275365)
    at AsyncLocalStorage.run (node:internal/async_local_storage/async_hooks:91:14)
    at Timeout._onTimeout (/Users/knowprajjwal/LearningPlatform/node_modules/next/dist/compiled/next-server/app-page.runtime.dev.js:35:283454)
    at listOnTimeout (node:internal/timers:588:17)
    at process.processTimers (node:internal/timers:523:7)
[ 1908756ms] Error: TryItDemo is not defined
    at ComponentShowcasePage (webpack-internal:///(rsc)/./src/app/redesign/components/page.tsx:924:97)
    at e_ (/Users/knowprajjwal/LearningPlatform/node_modules/next/dist/compiled/next-server/app-page.runtime.dev.js:35:264164)
    at e (/Users/knowprajjwal/LearningPlatform/node_modules/next/dist/compiled/next-server/app-page.runtime.dev.js:35:268296)
    at eF (/Users/knowprajjwal/LearningPlatform/node_modules/next/dist/compiled/next-server/app-page.runtime.dev.js:35:268784)
    at eq (/Users/knowprajjwal/LearningPlatform/node_modules/next/dist/compiled/next-server/app-page.runtime.dev.js:35:274748)
    at ej (/Users/knowprajjwal/LearningPlatform/node_modules/next/dist/compiled/next-server/app-page.runtime.dev.js:35:264992)
    at e_ (/Users/knowprajjwal/LearningPlatform/node_modules/next/dist/compiled/next-server/app-page.runtime.dev.js:35:264034)
    at e (/Users/knowprajjwal/LearningPlatform/node_modules/next/dist/compiled/next-server/app-page.runtime.dev.js:35:268296)
    at eF (/Users/knowprajjwal/LearningPlatform/node_modules/next/dist/compiled/next-server/app-page.runtime.dev.js:35:268784)
    at /Users/knowprajjwal/LearningPlatform/node_modules/next/dist/compiled/next-server/app-page.runtime.dev.js:35:266015
    at Array.toJSON (/Users/knowprajjwal/LearningPlatform/node_modules/next/dist/compiled/next-server/app-page.runtime.dev.js:35:266479)
    at stringify (<anonymous>)
    at eq (/Users/knowprajjwal/LearningPlatform/node_modules/next/dist/compiled/next-server/app-page.runtime.dev.js:35:274847)
    at eJ (/Users/knowprajjwal/LearningPlatform/node_modules/next/dist/compiled/next-server/app-page.runtime.dev.js:35:275365)
    at AsyncLocalStorage.run (node:internal/async_local_storage/async_hooks:91:14)
    at Timeout._onTimeout (/Users/knowprajjwal/LearningPlatform/node_modules/next/dist/compiled/next-server/app-page.runtime.dev.js:35:283454)
    at listOnTimeout (node:internal/timers:588:17)
    at process.processTimers (node:internal/timers:523:7)
[ 1908756ms] Error: TryItDemo is not defined
    at ComponentShowcasePage (webpack-internal:///(rsc)/./src/app/redesign/components/page.tsx:924:97)
    at e_ (/Users/knowprajjwal/LearningPlatform/node_modules/next/dist/compiled/next-server/app-page.runtime.dev.js:35:264164)
    at e (/Users/knowprajjwal/LearningPlatform/node_modules/next/dist/compiled/next-server/app-page.runtime.dev.js:35:268296)
    at eF (/Users/knowprajjwal/LearningPlatform/node_modules/next/dist/compiled/next-server/app-page.runtime.dev.js:35:268784)
    at eq (/Users/knowprajjwal/LearningPlatform/node_modules/next/dist/compiled/next-server/app-page.runtime.dev.js:35:274748)
    at ej (/Users/knowprajjwal/LearningPlatform/node_modules/next/dist/compiled/next-server/app-page.runtime.dev.js:35:264992)
    at e_ (/Users/knowprajjwal/LearningPlatform/node_modules/next/dist/compiled/next-server/app-page.runtime.dev.js:35:264034)
    at e (/Users/knowprajjwal/LearningPlatform/node_modules/next/dist/compiled/next-server/app-page.runtime.dev.js:35:268296)
    at eF (/Users/knowprajjwal/LearningPlatform/node_modules/next/dist/compiled/next-server/app-page.runtime.dev.js:35:268784)
    at /Users/knowprajjwal/LearningPlatform/node_modules/next/dist/compiled/next-server/app-page.runtime.dev.js:35:266015
    at Array.toJSON (/Users/knowprajjwal/LearningPlatform/node_modules/next/dist/compiled/next-server/app-page.runtime.dev.js:35:266479)
    at stringify (<anonymous>)
    at eq (/Users/knowprajjwal/LearningPlatform/node_modules/next/dist/compiled/next-server/app-page.runtime.dev.js:35:274847)
    at eJ (/Users/knowprajjwal/LearningPlatform/node_modules/next/dist/compiled/next-server/app-page.runtime.dev.js:35:275365)
    at AsyncLocalStorage.run (node:internal/async_local_storage/async_hooks:91:14)
    at Timeout._onTimeout (/Users/knowprajjwal/LearningPlatform/node_modules/next/dist/compiled/next-server/app-page.runtime.dev.js:35:283454)
    at listOnTimeout (node:internal/timers:588:17)
    at process.processTimers (node:internal/timers:523:7)
[ 1908756ms] Error: TryItDemo is not defined
    at ComponentShowcasePage (webpack-internal:///(rsc)/./src/app/redesign/components/page.tsx:924:97)
    at e_ (/Users/knowprajjwal/LearningPlatform/node_modules/next/dist/compiled/next-server/app-page.runtime.dev.js:35:264164)
    at e (/Users/knowprajjwal/LearningPlatform/node_modules/next/dist/compiled/next-server/app-page.runtime.dev.js:35:268296)
    at eF (/Users/knowprajjwal/LearningPlatform/node_modules/next/dist/compiled/next-server/app-page.runtime.dev.js:35:268784)
    at eq (/Users/knowprajjwal/LearningPlatform/node_modules/next/dist/compiled/next-server/app-page.runtime.dev.js:35:274748)
    at ej (/Users/knowprajjwal/LearningPlatform/node_modules/next/dist/compiled/next-server/app-page.runtime.dev.js:35:264992)
    at e_ (/Users/knowprajjwal/LearningPlatform/node_modules/next/dist/compiled/next-server/app-page.runtime.dev.js:35:264034)
    at e (/Users/knowprajjwal/LearningPlatform/node_modules/next/dist/compiled/next-server/app-page.runtime.dev.js:35:268296)
    at eF (/Users/knowprajjwal/LearningPlatform/node_modules/next/dist/compiled/next-server/app-page.runtime.dev.js:35:268784)
    at /Users/knowprajjwal/LearningPlatform/node_modules/next/dist/compiled/next-server/app-page.runtime.dev.js:35:266015
    at Array.toJSON (/Users/knowprajjwal/LearningPlatform/node_modules/next/dist/compiled/next-server/app-page.runtime.dev.js:35:266479)
    at stringify (<anonymous>)
    at eq (/Users/knowprajjwal/LearningPlatform/node_modules/next/dist/compiled/next-server/app-page.runtime.dev.js:35:274847)
    at eJ (/Users/knowprajjwal/LearningPlatform/node_modules/next/dist/compiled/next-server/app-page.runtime.dev.js:35:275365)
    at AsyncLocalStorage.run (node:internal/async_local_storage/async_hooks:91:14)
    at Timeout._onTimeout (/Users/knowprajjwal/LearningPlatform/node_modules/next/dist/compiled/next-server/app-page.runtime.dev.js:35:283454)
    at listOnTimeout (node:internal/timers:588:17)
    at process.processTimers (node:internal/timers:523:7)
[ 1908757ms] Error: TryItDemo is not defined
    at ComponentShowcasePage (webpack-internal:///(rsc)/./src/app/redesign/components/page.tsx:924:97)
    at e_ (/Users/knowprajjwal/LearningPlatform/node_modules/next/dist/compiled/next-server/app-page.runtime.dev.js:35:264164)
    at e (/Users/knowprajjwal/LearningPlatform/node_modules/next/dist/compiled/next-server/app-page.runtime.dev.js:35:268296)
    at eF (/Users/knowprajjwal/LearningPlatform/node_modules/next/dist/compiled/next-server/app-page.runtime.dev.js:35:268784)
    at eq (/Users/knowprajjwal/LearningPlatform/node_modules/next/dist/compiled/next-server/app-page.runtime.dev.js:35:274748)
    at ej (/Users/knowprajjwal/LearningPlatform/node_modules/next/dist/compiled/next-server/app-page.runtime.dev.js:35:264992)
    at e_ (/Users/knowprajjwal/LearningPlatform/node_modules/next/dist/compiled/next-server/app-page.runtime.dev.js:35:264034)
    at e (/Users/knowprajjwal/LearningPlatform/node_modules/next/dist/compiled/next-server/app-page.runtime.dev.js:35:268296)
    at eF (/Users/knowprajjwal/LearningPlatform/node_modules/next/dist/compiled/next-server/app-page.runtime.dev.js:35:268784)
    at /Users/knowprajjwal/LearningPlatform/node_modules/next/dist/compiled/next-server/app-page.runtime.dev.js:35:266015
    at Array.toJSON (/Users/knowprajjwal/LearningPlatform/node_modules/next/dist/compiled/next-server/app-page.runtime.dev.js:35:266479)
    at stringify (<anonymous>)
    at eq (/Users/knowprajjwal/LearningPlatform/node_modules/next/dist/compiled/next-server/app-page.runtime.dev.js:35:274847)
    at eJ (/Users/knowprajjwal/LearningPlatform/node_modules/next/dist/compiled/next-server/app-page.runtime.dev.js:35:275365)
    at AsyncLocalStorage.run (node:internal/async_local_storage/async_hooks:91:14)
    at Timeout._onTimeout (/Users/knowprajjwal/LearningPlatform/node_modules/next/dist/compiled/next-server/app-page.runtime.dev.js:35:283454)
    at listOnTimeout (node:internal/timers:588:17)
    at process.processTimers (node:internal/timers:523:7)
[ 1908758ms] Error: TryItDemo is not defined
    at ComponentShowcasePage (webpack-internal:///(rsc)/./src/app/redesign/components/page.tsx:924:97)
    at e_ (/Users/knowprajjwal/LearningPlatform/node_modules/next/dist/compiled/next-server/app-page.runtime.dev.js:35:264164)
    at e (/Users/knowprajjwal/LearningPlatform/node_modules/next/dist/compiled/next-server/app-page.runtime.dev.js:35:268296)
    at eF (/Users/knowprajjwal/LearningPlatform/node_modules/next/dist/compiled/next-server/app-page.runtime.dev.js:35:268784)
    at eq (/Users/knowprajjwal/LearningPlatform/node_modules/next/dist/compiled/next-server/app-page.runtime.dev.js:35:274748)
    at ej (/Users/knowprajjwal/LearningPlatform/node_modules/next/dist/compiled/next-server/app-page.runtime.dev.js:35:264992)
    at e_ (/Users/knowprajjwal/LearningPlatform/node_modules/next/dist/compiled/next-server/app-page.runtime.dev.js:35:264034)
    at e (/Users/knowprajjwal/LearningPlatform/node_modules/next/dist/compiled/next-server/app-page.runtime.dev.js:35:268296)
    at eF (/Users/knowprajjwal/LearningPlatform/node_modules/next/dist/compiled/next-server/app-page.runtime.dev.js:35:268784)
    at /Users/knowprajjwal/LearningPlatform/node_modules/next/dist/compiled/next-server/app-page.runtime.dev.js:35:266015
    at Array.toJSON (/Users/knowprajjwal/LearningPlatform/node_modules/next/dist/compiled/next-server/app-page.runtime.dev.js:35:266479)
    at stringify (<anonymous>)
    at eq (/Users/knowprajjwal/LearningPlatform/node_modules/next/dist/compiled/next-server/app-page.runtime.dev.js:35:274847)
    at eJ (/Users/knowprajjwal/LearningPlatform/node_modules/next/dist/compiled/next-server/app-page.runtime.dev.js:35:275365)
    at AsyncLocalStorage.run (node:internal/async_local_storage/async_hooks:91:14)
    at Timeout._onTimeout (/Users/knowprajjwal/LearningPlatform/node_modules/next/dist/compiled/next-server/app-page.runtime.dev.js:35:283454)
    at listOnTimeout (node:internal/timers:588:17)
    at process.processTimers (node:internal/timers:523:7)
[ 1908758ms] Error: TryItDemo is not defined
    at ComponentShowcasePage (webpack-internal:///(rsc)/./src/app/redesign/components/page.tsx:924:97)
    at e_ (/Users/knowprajjwal/LearningPlatform/node_modules/next/dist/compiled/next-server/app-page.runtime.dev.js:35:264164)
    at e (/Users/knowprajjwal/LearningPlatform/node_modules/next/dist/compiled/next-server/app-page.runtime.dev.js:35:268296)
    at eF (/Users/knowprajjwal/LearningPlatform/node_modules/next/dist/compiled/next-server/app-page.runtime.dev.js:35:268784)
    at eq (/Users/knowprajjwal/LearningPlatform/node_modules/next/dist/compiled/next-server/app-page.runtime.dev.js:35:274748)
    at ej (/Users/knowprajjwal/LearningPlatform/node_modules/next/dist/compiled/next-server/app-page.runtime.dev.js:35:264992)
    at e_ (/Users/knowprajjwal/LearningPlatform/node_modules/next/dist/compiled/next-server/app-page.runtime.dev.js:35:264034)
    at e (/Users/knowprajjwal/LearningPlatform/node_modules/next/dist/compiled/next-server/app-page.runtime.dev.js:35:268296)
    at eF (/Users/knowprajjwal/LearningPlatform/node_modules/next/dist/compiled/next-server/app-page.runtime.dev.js:35:268784)
    at /Users/knowprajjwal/LearningPlatform/node_modules/next/dist/compiled/next-server/app-page.runtime.dev.js:35:266015
    at Array.toJSON (/Users/knowprajjwal/LearningPlatform/node_modules/next/dist/compiled/next-server/app-page.runtime.dev.js:35:266479)
    at stringify (<anonymous>)
    at eq (/Users/knowprajjwal/LearningPlatform/node_modules/next/dist/compiled/next-server/app-page.runtime.dev.js:35:274847)
    at eJ (/Users/knowprajjwal/LearningPlatform/node_modules/next/dist/compiled/next-server/app-page.runtime.dev.js:35:275365)
    at AsyncLocalStorage.run (node:internal/async_local_storage/async_hooks:91:14)
    at Timeout._onTimeout (/Users/knowprajjwal/LearningPlatform/node_modules/next/dist/compiled/next-server/app-page.runtime.dev.js:35:283454)
    at listOnTimeout (node:internal/timers:588:17)
    at process.processTimers (node:internal/timers:523:7)
[ 1908758ms] Error: TryItDemo is not defined
    at ComponentShowcasePage (webpack-internal:///(rsc)/./src/app/redesign/components/page.tsx:924:97)
    at e_ (/Users/knowprajjwal/LearningPlatform/node_modules/next/dist/compiled/next-server/app-page.runtime.dev.js:35:264164)
    at e (/Users/knowprajjwal/LearningPlatform/node_modules/next/dist/compiled/next-server/app-page.runtime.dev.js:35:268296)
    at eF (/Users/knowprajjwal/LearningPlatform/node_modules/next/dist/compiled/next-server/app-page.runtime.dev.js:35:268784)
    at eq (/Users/knowprajjwal/LearningPlatform/node_modules/next/dist/compiled/next-server/app-page.runtime.dev.js:35:274748)
    at ej (/Users/knowprajjwal/LearningPlatform/node_modules/next/dist/compiled/next-server/app-page.runtime.dev.js:35:264992)
    at e_ (/Users/knowprajjwal/LearningPlatform/node_modules/next/dist/compiled/next-server/app-page.runtime.dev.js:35:264034)
    at e (/Users/knowprajjwal/LearningPlatform/node_modules/next/dist/compiled/next-server/app-page.runtime.dev.js:35:268296)
    at eF (/Users/knowprajjwal/LearningPlatform/node_modules/next/dist/compiled/next-server/app-page.runtime.dev.js:35:268784)
    at /Users/knowprajjwal/LearningPlatform/node_modules/next/dist/compiled/next-server/app-page.runtime.dev.js:35:266015
    at Array.toJSON (/Users/knowprajjwal/LearningPlatform/node_modules/next/dist/compiled/next-server/app-page.runtime.dev.js:35:266479)
    at stringify (<anonymous>)
    at eq (/Users/knowprajjwal/LearningPlatform/node_modules/next/dist/compiled/next-server/app-page.runtime.dev.js:35:274847)
    at eJ (/Users/knowprajjwal/LearningPlatform/node_modules/next/dist/compiled/next-server/app-page.runtime.dev.js:35:275365)
    at AsyncLocalStorage.run (node:internal/async_local_storage/async_hooks:91:14)
    at Timeout._onTimeout (/Users/knowprajjwal/LearningPlatform/node_modules/next/dist/compiled/next-server/app-page.runtime.dev.js:35:283454)
    at listOnTimeout (node:internal/timers:588:17)
    at process.processTimers (node:internal/timers:523:7)
[ 1908759ms] Error: TryItDemo is not defined
    at ComponentShowcasePage (webpack-internal:///(rsc)/./src/app/redesign/components/page.tsx:924:97)
    at e_ (/Users/knowprajjwal/LearningPlatform/node_modules/next/dist/compiled/next-server/app-page.runtime.dev.js:35:264164)
    at e (/Users/knowprajjwal/LearningPlatform/node_modules/next/dist/compiled/next-server/app-page.runtime.dev.js:35:268296)
    at eF (/Users/knowprajjwal/LearningPlatform/node_modules/next/dist/compiled/next-server/app-page.runtime.dev.js:35:268784)
    at eq (/Users/knowprajjwal/LearningPlatform/node_modules/next/dist/compiled/next-server/app-page.runtime.dev.js:35:274748)
    at ej (/Users/knowprajjwal/LearningPlatform/node_modules/next/dist/compiled/next-server/app-page.runtime.dev.js:35:264992)
    at e_ (/Users/knowprajjwal/LearningPlatform/node_modules/next/dist/compiled/next-server/app-page.runtime.dev.js:35:264034)
    at e (/Users/knowprajjwal/LearningPlatform/node_modules/next/dist/compiled/next-server/app-page.runtime.dev.js:35:268296)
    at eF (/Users/knowprajjwal/LearningPlatform/node_modules/next/dist/compiled/next-server/app-page.runtime.dev.js:35:268784)
    at /Users/knowprajjwal/LearningPlatform/node_modules/next/dist/compiled/next-server/app-page.runtime.dev.js:35:266015
    at Array.toJSON (/Users/knowprajjwal/LearningPlatform/node_modules/next/dist/compiled/next-server/app-page.runtime.dev.js:35:266479)
    at stringify (<anonymous>)
    at eq (/Users/knowprajjwal/LearningPlatform/node_modules/next/dist/compiled/next-server/app-page.runtime.dev.js:35:274847)
    at eJ (/Users/knowprajjwal/LearningPlatform/node_modules/next/dist/compiled/next-server/app-page.runtime.dev.js:35:275365)
    at AsyncLocalStorage.run (node:internal/async_local_storage/async_hooks:91:14)
    at Timeout._onTimeout (/Users/knowprajjwal/LearningPlatform/node_modules/next/dist/compiled/next-server/app-page.runtime.dev.js:35:283454)
    at listOnTimeout (node:internal/timers:588:17)
    at process.processTimers (node:internal/timers:523:7)
[ 1908759ms] Error: TryItDemo is not defined
    at ComponentShowcasePage (webpack-internal:///(rsc)/./src/app/redesign/components/page.tsx:924:97)
    at e_ (/Users/knowprajjwal/LearningPlatform/node_modules/next/dist/compiled/next-server/app-page.runtime.dev.js:35:264164)
    at e (/Users/knowprajjwal/LearningPlatform/node_modules/next/dist/compiled/next-server/app-page.runtime.dev.js:35:268296)
    at eF (/Users/knowprajjwal/LearningPlatform/node_modules/next/dist/compiled/next-server/app-page.runtime.dev.js:35:268784)
    at eq (/Users/knowprajjwal/LearningPlatform/node_modules/next/dist/compiled/next-server/app-page.runtime.dev.js:35:274748)
    at ej (/Users/knowprajjwal/LearningPlatform/node_modules/next/dist/compiled/next-server/app-page.runtime.dev.js:35:264992)
    at e_ (/Users/knowprajjwal/LearningPlatform/node_modules/next/dist/compiled/next-server/app-page.runtime.dev.js:35:264034)
    at e (/Users/knowprajjwal/LearningPlatform/node_modules/next/dist/compiled/next-server/app-page.runtime.dev.js:35:268296)
    at eF (/Users/knowprajjwal/LearningPlatform/node_modules/next/dist/compiled/next-server/app-page.runtime.dev.js:35:268784)
    at /Users/knowprajjwal/LearningPlatform/node_modules/next/dist/compiled/next-server/app-page.runtime.dev.js:35:266015
    at Array.toJSON (/Users/knowprajjwal/LearningPlatform/node_modules/next/dist/compiled/next-server/app-page.runtime.dev.js:35:266479)
    at stringify (<anonymous>)
    at eq (/Users/knowprajjwal/LearningPlatform/node_modules/next/dist/compiled/next-server/app-page.runtime.dev.js:35:274847)
    at eJ (/Users/knowprajjwal/LearningPlatform/node_modules/next/dist/compiled/next-server/app-page.runtime.dev.js:35:275365)
    at AsyncLocalStorage.run (node:internal/async_local_storage/async_hooks:91:14)
    at Timeout._onTimeout (/Users/knowprajjwal/LearningPlatform/node_modules/next/dist/compiled/next-server/app-page.runtime.dev.js:35:283454)
    at listOnTimeout (node:internal/timers:588:17)
    at process.processTimers (node:internal/timers:523:7)
[ 1908759ms] Error: TryItDemo is not defined
    at ComponentShowcasePage (webpack-internal:///(rsc)/./src/app/redesign/components/page.tsx:924:97)
    at e_ (/Users/knowprajjwal/LearningPlatform/node_modules/next/dist/compiled/next-server/app-page.runtime.dev.js:35:264164)
    at e (/Users/knowprajjwal/LearningPlatform/node_modules/next/dist/compiled/next-server/app-page.runtime.dev.js:35:268296)
    at eF (/Users/knowprajjwal/LearningPlatform/node_modules/next/dist/compiled/next-server/app-page.runtime.dev.js:35:268784)
    at eq (/Users/knowprajjwal/LearningPlatform/node_modules/next/dist/compiled/next-server/app-page.runtime.dev.js:35:274748)
    at ej (/Users/knowprajjwal/LearningPlatform/node_modules/next/dist/compiled/next-server/app-page.runtime.dev.js:35:264992)
    at e_ (/Users/knowprajjwal/LearningPlatform/node_modules/next/dist/compiled/next-server/app-page.runtime.dev.js:35:264034)
    at e (/Users/knowprajjwal/LearningPlatform/node_modules/next/dist/compiled/next-server/app-page.runtime.dev.js:35:268296)
    at eF (/Users/knowprajjwal/LearningPlatform/node_modules/next/dist/compiled/next-server/app-page.runtime.dev.js:35:268784)
    at /Users/knowprajjwal/LearningPlatform/node_modules/next/dist/compiled/next-server/app-page.runtime.dev.js:35:266015
    at Array.toJSON (/Users/knowprajjwal/LearningPlatform/node_modules/next/dist/compiled/next-server/app-page.runtime.dev.js:35:266479)
    at stringify (<anonymous>)
    at eq (/Users/knowprajjwal/LearningPlatform/node_modules/next/dist/compiled/next-server/app-page.runtime.dev.js:35:274847)
    at eJ (/Users/knowprajjwal/LearningPlatform/node_modules/next/dist/compiled/next-server/app-page.runtime.dev.js:35:275365)
    at AsyncLocalStorage.run (node:internal/async_local_storage/async_hooks:91:14)
    at Timeout._onTimeout (/Users/knowprajjwal/LearningPlatform/node_modules/next/dist/compiled/next-server/app-page.runtime.dev.js:35:283454)
    at listOnTimeout (node:internal/timers:588:17)
    at process.processTimers (node:internal/timers:523:7)
[ 1908759ms] Error: TryItDemo is not defined
    at ComponentShowcasePage (webpack-internal:///(rsc)/./src/app/redesign/components/page.tsx:924:97)
    at e_ (/Users/knowprajjwal/LearningPlatform/node_modules/next/dist/compiled/next-server/app-page.runtime.dev.js:35:264164)
    at e (/Users/knowprajjwal/LearningPlatform/node_modules/next/dist/compiled/next-server/app-page.runtime.dev.js:35:268296)
    at eF (/Users/knowprajjwal/LearningPlatform/node_modules/next/dist/compiled/next-server/app-page.runtime.dev.js:35:268784)
    at eq (/Users/knowprajjwal/LearningPlatform/node_modules/next/dist/compiled/next-server/app-page.runtime.dev.js:35:274748)
    at ej (/Users/knowprajjwal/LearningPlatform/node_modules/next/dist/compiled/next-server/app-page.runtime.dev.js:35:264992)
    at e_ (/Users/knowprajjwal/LearningPlatform/node_modules/next/dist/compiled/next-server/app-page.runtime.dev.js:35:264034)
    at e (/Users/knowprajjwal/LearningPlatform/node_modules/next/dist/compiled/next-server/app-page.runtime.dev.js:35:268296)
    at eF (/Users/knowprajjwal/LearningPlatform/node_modules/next/dist/compiled/next-server/app-page.runtime.dev.js:35:268784)
    at /Users/knowprajjwal/LearningPlatform/node_modules/next/dist/compiled/next-server/app-page.runtime.dev.js:35:266015
    at Array.toJSON (/Users/knowprajjwal/LearningPlatform/node_modules/next/dist/compiled/next-server/app-page.runtime.dev.js:35:266479)
    at stringify (<anonymous>)
    at eq (/Users/knowprajjwal/LearningPlatform/node_modules/next/dist/compiled/next-server/app-page.runtime.dev.js:35:274847)
    at eJ (/Users/knowprajjwal/LearningPlatform/node_modules/next/dist/compiled/next-server/app-page.runtime.dev.js:35:275365)
    at AsyncLocalStorage.run (node:internal/async_local_storage/async_hooks:91:14)
    at Timeout._onTimeout (/Users/knowprajjwal/LearningPlatform/node_modules/next/dist/compiled/next-server/app-page.runtime.dev.js:35:283454)
    at listOnTimeout (node:internal/timers:588:17)
    at process.processTimers (node:internal/timers:523:7)
[ 1908759ms] Error: TryItDemo is not defined
    at ComponentShowcasePage (webpack-internal:///(rsc)/./src/app/redesign/components/page.tsx:924:97)
    at e_ (/Users/knowprajjwal/LearningPlatform/node_modules/next/dist/compiled/next-server/app-page.runtime.dev.js:35:264164)
    at e (/Users/knowprajjwal/LearningPlatform/node_modules/next/dist/compiled/next-server/app-page.runtime.dev.js:35:268296)
    at eF (/Users/knowprajjwal/LearningPlatform/node_modules/next/dist/compiled/next-server/app-page.runtime.dev.js:35:268784)
    at eq (/Users/knowprajjwal/LearningPlatform/node_modules/next/dist/compiled/next-server/app-page.runtime.dev.js:35:274748)
    at ej (/Users/knowprajjwal/LearningPlatform/node_modules/next/dist/compiled/next-server/app-page.runtime.dev.js:35:264992)
    at e_ (/Users/knowprajjwal/LearningPlatform/node_modules/next/dist/compiled/next-server/app-page.runtime.dev.js:35:264034)
    at e (/Users/knowprajjwal/LearningPlatform/node_modules/next/dist/compiled/next-server/app-page.runtime.dev.js:35:268296)
    at eF (/Users/knowprajjwal/LearningPlatform/node_modules/next/dist/compiled/next-server/app-page.runtime.dev.js:35:268784)
    at /Users/knowprajjwal/LearningPlatform/node_modules/next/dist/compiled/next-server/app-page.runtime.dev.js:35:266015
    at Array.toJSON (/Users/knowprajjwal/LearningPlatform/node_modules/next/dist/compiled/next-server/app-page.runtime.dev.js:35:266479)
    at stringify (<anonymous>)
    at eq (/Users/knowprajjwal/LearningPlatform/node_modules/next/dist/compiled/next-server/app-page.runtime.dev.js:35:274847)
    at eJ (/Users/knowprajjwal/LearningPlatform/node_modules/next/dist/compiled/next-server/app-page.runtime.dev.js:35:275365)
    at AsyncLocalStorage.run (node:internal/async_local_storage/async_hooks:91:14)
    at Timeout._onTimeout (/Users/knowprajjwal/LearningPlatform/node_modules/next/dist/compiled/next-server/app-page.runtime.dev.js:35:283454)
    at listOnTimeout (node:internal/timers:588:17)
    at process.processTimers (node:internal/timers:523:7)
[ 1908759ms] Error: TryItDemo is not defined
    at ComponentShowcasePage (webpack-internal:///(rsc)/./src/app/redesign/components/page.tsx:924:97)
    at e_ (/Users/knowprajjwal/LearningPlatform/node_modules/next/dist/compiled/next-server/app-page.runtime.dev.js:35:264164)
    at e (/Users/knowprajjwal/LearningPlatform/node_modules/next/dist/compiled/next-server/app-page.runtime.dev.js:35:268296)
    at eF (/Users/knowprajjwal/LearningPlatform/node_modules/next/dist/compiled/next-server/app-page.runtime.dev.js:35:268784)
    at eq (/Users/knowprajjwal/LearningPlatform/node_modules/next/dist/compiled/next-server/app-page.runtime.dev.js:35:274748)
    at ej (/Users/knowprajjwal/LearningPlatform/node_modules/next/dist/compiled/next-server/app-page.runtime.dev.js:35:264992)
    at e_ (/Users/knowprajjwal/LearningPlatform/node_modules/next/dist/compiled/next-server/app-page.runtime.dev.js:35:264034)
    at e (/Users/knowprajjwal/LearningPlatform/node_modules/next/dist/compiled/next-server/app-page.runtime.dev.js:35:268296)
    at eF (/Users/knowprajjwal/LearningPlatform/node_modules/next/dist/compiled/next-server/app-page.runtime.dev.js:35:268784)
    at /Users/knowprajjwal/LearningPlatform/node_modules/next/dist/compiled/next-server/app-page.runtime.dev.js:35:266015
    at Array.toJSON (/Users/knowprajjwal/LearningPlatform/node_modules/next/dist/compiled/next-server/app-page.runtime.dev.js:35:266479)
    at stringify (<anonymous>)
    at eq (/Users/knowprajjwal/LearningPlatform/node_modules/next/dist/compiled/next-server/app-page.runtime.dev.js:35:274847)
    at eJ (/Users/knowprajjwal/LearningPlatform/node_modules/next/dist/compiled/next-server/app-page.runtime.dev.js:35:275365)
    at AsyncLocalStorage.run (node:internal/async_local_storage/async_hooks:91:14)
    at Timeout._onTimeout (/Users/knowprajjwal/LearningPlatform/node_modules/next/dist/compiled/next-server/app-page.runtime.dev.js:35:283454)
    at listOnTimeout (node:internal/timers:588:17)
    at process.processTimers (node:internal/timers:523:7)
[ 1908730ms] [ERROR] The above error occurred in the <NotFoundErrorBoundary> component:

    at InnerLayoutRouter (webpack-internal:///(app-pages-browser)/./node_modules/next/dist/client/components/layout-router.js:243:11)
    at RedirectErrorBoundary (webpack-internal:///(app-pages-browser)/./node_modules/next/dist/client/components/redirect-boundary.js:74:9)
    at RedirectBoundary (webpack-internal:///(app-pages-browser)/./node_modules/next/dist/client/components/redirect-boundary.js:82:11)
    at NotFoundBoundary (webpack-internal:///(app-pages-browser)/./node_modules/next/dist/client/components/not-found-boundary.js:84:11)
    at LoadingBoundary (webpack-internal:///(app-pages-browser)/./node_modules/next/dist/client/components/layout-router.js:349:11)
    at ErrorBoundary (webpack-internal:///(app-pages-browser)/./node_modules/next/dist/client/components/error-boundary.js:160:11)
    at InnerScrollAndFocusHandler (webpack-internal:///(app-pages-browser)/./node_modules/next/dist/client/components/layout-router.js:153:9)
    at ScrollAndFocusHandler (webpack-internal:///(app-pages-browser)/./node_modules/next/dist/client/components/layout-router.js:228:11)
    at RenderFromTemplateContext (webpack-internal:///(app-pages-browser)/./node_modules/next/dist/client/components/render-from-template-context.js:16:44)
    at OuterLayoutRouter (webpack-internal:///(app-pages-browser)/./node_modules/next/dist/client/components/layout-router.js:370:11)
    at InnerLayoutRouter (webpack-internal:///(app-pages-browser)/./node_modules/next/dist/client/components/layout-router.js:243:11)
    at RedirectErrorBoundary (webpack-internal:///(app-pages-browser)/./node_modules/next/dist/client/components/redirect-boundary.js:74:9)
    at RedirectBoundary (webpack-internal:///(app-pages-browser)/./node_modules/next/dist/client/components/redirect-boundary.js:82:11)
    at NotFoundBoundary (webpack-internal:///(app-pages-browser)/./node_modules/next/dist/client/components/not-found-boundary.js:84:11)
    at LoadingBoundary (webpack-internal:///(app-pages-browser)/./node_modules/next/dist/client/components/layout-router.js:349:11)
    at ErrorBoundary (webpack-internal:///(app-pages-browser)/./node_modules/next/dist/client/components/error-boundary.js:160:11)
    at InnerScrollAndFocusHandler (webpack-internal:///(app-pages-browser)/./node_modules/next/dist/client/components/layout-router.js:153:9)
    at ScrollAndFocusHandler (webpack-internal:///(app-pages-browser)/./node_modules/next/dist/client/components/layout-router.js:228:11)
    at RenderFromTemplateContext (webpack-internal:///(app-pages-browser)/./node_modules/next/dist/client/components/render-from-template-context.js:16:44)
    at OuterLayoutRouter (webpack-internal:///(app-pages-browser)/./node_modules/next/dist/client/components/layout-router.js:370:11)
    at div
    at RedesignLayout (Server)
    at InnerLayoutRouter (webpack-internal:///(app-pages-browser)/./node_modules/next/dist/client/components/layout-router.js:243:11)
    at RedirectErrorBoundary (webpack-internal:///(app-pages-browser)/./node_modules/next/dist/client/components/redirect-boundary.js:74:9)
    at RedirectBoundary (webpack-internal:///(app-pages-browser)/./node_modules/next/dist/client/components/redirect-boundary.js:82:11)
    at NotFoundErrorBoundary (webpack-internal:///(app-pages-browser)/./node_modules/next/dist/client/components/not-found-boundary.js:76:9)
    at NotFoundBoundary (webpack-internal:///(app-pages-browser)/./node_modules/next/dist/client/components/not-found-boundary.js:84:11)
    at LoadingBoundary (webpack-internal:///(app-pages-browser)/./node_modules/next/dist/client/components/layout-router.js:349:11)
    at ErrorBoundary (webpack-internal:///(app-pages-browser)/./node_modules/next/dist/client/components/error-boundary.js:160:11)
    at InnerScrollAndFocusHandler (webpack-internal:///(app-pages-browser)/./node_modules/next/dist/client/components/layout-router.js:153:9)
    at ScrollAndFocusHandler (webpack-internal:///(app-pages-browser)/./node_modules/next/dist/client/components/layout-router.js:228:11)
    at RenderFromTemplateContext (webpack-internal:///(app-pages-browser)/./node_modules/next/dist/client/components/render-from-template-context.js:16:44)
    at OuterLayoutRouter (webpack-internal:///(app-pages-browser)/./node_modules/next/dist/client/components/layout-router.js:370:11)
    at __experimental_CheckoutProvider (webpack-internal:///(app-pages-browser)/./node_modules/@clerk/shared/dist/runtime/react/index.mjs:136:44)
    at SWRConfig (webpack-internal:///(app-pages-browser)/./node_modules/swr/dist/_internal/config-context-client-BoS53ST9.mjs:554:13)
    at SWRConfigCompat (webpack-internal:///(app-pages-browser)/./node_modules/@clerk/shared/dist/runtime/react/index.mjs:124:28)
    at OrganizationProvider (webpack-internal:///(app-pages-browser)/./node_modules/@clerk/shared/dist/runtime/react/index.mjs:148:33)
    at ClerkContextProvider (webpack-internal:///(app-pages-browser)/./node_modules/@clerk/clerk-react/dist/index.mjs:1849:11)
    at ClerkProviderBase (webpack-internal:///(app-pages-browser)/./node_modules/@clerk/clerk-react/dist/index.mjs:1941:11)
    at Hoc (webpack-internal:///(app-pages-browser)/./node_modules/@clerk/clerk-react/dist/chunk-THNCS7QR.mjs:84:5)
    at ClerkNextOptionsProvider (webpack-internal:///(app-pages-browser)/./node_modules/@clerk/nextjs/dist/esm/client-boundary/NextOptionsContext.js:17:11)
    at NextClientClerkProvider (webpack-internal:///(app-pages-browser)/./node_modules/@clerk/nextjs/dist/esm/app-router/client/ClerkProvider.js:62:13)
    at ClientClerkProvider (webpack-internal:///(app-pages-browser)/./node_modules/@clerk/nextjs/dist/esm/app-router/client/ClerkProvider.js:135:13)
    at ClerkProvider (Server)
    at body
    at html
    at RootLayout (Server)
    at RedirectErrorBoundary (webpack-internal:///(app-pages-browser)/./node_modules/next/dist/client/components/redirect-boundary.js:74:9)
    at RedirectBoundary (webpack-internal:///(app-pages-browser)/./node_modules/next/dist/client/components/redirect-boundary.js:82:11)
    at NotFoundErrorBoundary (webpack-internal:///(app-pages-browser)/./node_modules/next/dist/client/components/not-found-boundary.js:76:9)
    at NotFoundBoundary (webpack-internal:///(app-pages-browser)/./node_modules/next/dist/client/components/not-found-boundary.js:84:11)
    at DevRootNotFoundBoundary (webpack-internal:///(app-pages-browser)/./node_modules/next/dist/client/components/dev-root-not-found-boundary.js:33:11)
    at ReactDevOverlay (webpack-internal:///(app-pages-browser)/./node_modules/next/dist/client/components/react-dev-overlay/app/ReactDevOverlay.js:87:9)
    at HotReload (webpack-internal:///(app-pages-browser)/./node_modules/next/dist/client/components/react-dev-overlay/app/hot-reloader-client.js:321:11)
    at Router (webpack-internal:///(app-pages-browser)/./node_modules/next/dist/client/components/app-router.js:207:11)
    at ErrorBoundaryHandler (webpack-internal:///(app-pages-browser)/./node_modules/next/dist/client/components/error-boundary.js:113:9)
    at ErrorBoundary (webpack-internal:///(app-pages-browser)/./node_modules/next/dist/client/components/error-boundary.js:160:11)
    at AppRouter (webpack-internal:///(app-pages-browser)/./node_modules/next/dist/client/components/app-router.js:585:13)
    at ServerRoot (webpack-internal:///(app-pages-browser)/./node_modules/next/dist/client/app-index.js:112:27)
    at Root (webpack-internal:///(app-pages-browser)/./node_modules/next/dist/client/app-index.js:117:11)

React will try to recreate this component tree from scratch using the error boundary you provided, ReactDevOverlay. @ webpack-internal:///(app-pages-browser)/./node_modules/next/dist/client/app-index.js:32
[ 1911938ms] [WARNING] The resource http://localhost:5001/_next/static/css/app/redesign/layout.css?v=1775843153820 was preloaded using link preload but not used within a few seconds from the window's load event. Please make sure it has an appropriate `as` value and it is preloaded intentionally. @ http://localhost:5001/redesign/components:0
[ 1959266ms] [ERROR] Failed to load resource: the server responded with a status of 500 (Internal Server Error) @ http://localhost:5001/redesign/components:0
[ 1959464ms] [INFO] %cDownload the React DevTools for a better development experience: https://reactjs.org/link/react-devtools font-weight:bold @ webpack-internal:///(app-pages-browser)/./node_modules/next/dist/compiled/react-dom/cjs/react-dom.development.js:38559
[ 1959547ms] Error: TryItDemo is not defined
    at ComponentShowcasePage (webpack-internal:///(rsc)/./src/app/redesign/components/page.tsx:924:97)
    at e_ (/Users/knowprajjwal/LearningPlatform/node_modules/next/dist/compiled/next-server/app-page.runtime.dev.js:35:264164)
    at e (/Users/knowprajjwal/LearningPlatform/node_modules/next/dist/compiled/next-server/app-page.runtime.dev.js:35:268296)
    at eF (/Users/knowprajjwal/LearningPlatform/node_modules/next/dist/compiled/next-server/app-page.runtime.dev.js:35:268784)
    at eq (/Users/knowprajjwal/LearningPlatform/node_modules/next/dist/compiled/next-server/app-page.runtime.dev.js:35:274748)
    at ej (/Users/knowprajjwal/LearningPlatform/node_modules/next/dist/compiled/next-server/app-page.runtime.dev.js:35:264992)
    at e_ (/Users/knowprajjwal/LearningPlatform/node_modules/next/dist/compiled/next-server/app-page.runtime.dev.js:35:264034)
    at e (/Users/knowprajjwal/LearningPlatform/node_modules/next/dist/compiled/next-server/app-page.runtime.dev.js:35:268296)
    at eF (/Users/knowprajjwal/LearningPlatform/node_modules/next/dist/compiled/next-server/app-page.runtime.dev.js:35:268784)
    at /Users/knowprajjwal/LearningPlatform/node_modules/next/dist/compiled/next-server/app-page.runtime.dev.js:35:266015
    at Array.toJSON (/Users/knowprajjwal/LearningPlatform/node_modules/next/dist/compiled/next-server/app-page.runtime.dev.js:35:266479)
    at stringify (<anonymous>)
    at eq (/Users/knowprajjwal/LearningPlatform/node_modules/next/dist/compiled/next-server/app-page.runtime.dev.js:35:274847)
    at eJ (/Users/knowprajjwal/LearningPlatform/node_modules/next/dist/compiled/next-server/app-page.runtime.dev.js:35:275365)
    at Timeout._onTimeout (/Users/knowprajjwal/LearningPlatform/node_modules/next/dist/compiled/next-server/app-page.runtime.dev.js:35:265152)
    at listOnTimeout (node:internal/timers:588:17)
    at process.processTimers (node:internal/timers:523:7)
[ 1959550ms] Error: TryItDemo is not defined
    at ComponentShowcasePage (webpack-internal:///(rsc)/./src/app/redesign/components/page.tsx:924:97)
    at e_ (/Users/knowprajjwal/LearningPlatform/node_modules/next/dist/compiled/next-server/app-page.runtime.dev.js:35:264164)
    at e (/Users/knowprajjwal/LearningPlatform/node_modules/next/dist/compiled/next-server/app-page.runtime.dev.js:35:268296)
    at eF (/Users/knowprajjwal/LearningPlatform/node_modules/next/dist/compiled/next-server/app-page.runtime.dev.js:35:268784)
    at eq (/Users/knowprajjwal/LearningPlatform/node_modules/next/dist/compiled/next-server/app-page.runtime.dev.js:35:274748)
    at ej (/Users/knowprajjwal/LearningPlatform/node_modules/next/dist/compiled/next-server/app-page.runtime.dev.js:35:264992)
    at e_ (/Users/knowprajjwal/LearningPlatform/node_modules/next/dist/compiled/next-server/app-page.runtime.dev.js:35:264034)
    at e (/Users/knowprajjwal/LearningPlatform/node_modules/next/dist/compiled/next-server/app-page.runtime.dev.js:35:268296)
    at eF (/Users/knowprajjwal/LearningPlatform/node_modules/next/dist/compiled/next-server/app-page.runtime.dev.js:35:268784)
    at /Users/knowprajjwal/LearningPlatform/node_modules/next/dist/compiled/next-server/app-page.runtime.dev.js:35:266015
    at Array.toJSON (/Users/knowprajjwal/LearningPlatform/node_modules/next/dist/compiled/next-server/app-page.runtime.dev.js:35:266479)
    at stringify (<anonymous>)
    at eq (/Users/knowprajjwal/LearningPlatform/node_modules/next/dist/compiled/next-server/app-page.runtime.dev.js:35:274847)
    at eJ (/Users/knowprajjwal/LearningPlatform/node_modules/next/dist/compiled/next-server/app-page.runtime.dev.js:35:275365)
    at Timeout._onTimeout (/Users/knowprajjwal/LearningPlatform/node_modules/next/dist/compiled/next-server/app-page.runtime.dev.js:35:265152)
    at listOnTimeout (node:internal/timers:588:17)
    at process.processTimers (node:internal/timers:523:7)
[ 1959550ms] Error: TryItDemo is not defined
    at ComponentShowcasePage (webpack-internal:///(rsc)/./src/app/redesign/components/page.tsx:924:97)
    at e_ (/Users/knowprajjwal/LearningPlatform/node_modules/next/dist/compiled/next-server/app-page.runtime.dev.js:35:264164)
    at e (/Users/knowprajjwal/LearningPlatform/node_modules/next/dist/compiled/next-server/app-page.runtime.dev.js:35:268296)
    at eF (/Users/knowprajjwal/LearningPlatform/node_modules/next/dist/compiled/next-server/app-page.runtime.dev.js:35:268784)
    at eq (/Users/knowprajjwal/LearningPlatform/node_modules/next/dist/compiled/next-server/app-page.runtime.dev.js:35:274748)
    at ej (/Users/knowprajjwal/LearningPlatform/node_modules/next/dist/compiled/next-server/app-page.runtime.dev.js:35:264992)
    at e_ (/Users/knowprajjwal/LearningPlatform/node_modules/next/dist/compiled/next-server/app-page.runtime.dev.js:35:264034)
    at e (/Users/knowprajjwal/LearningPlatform/node_modules/next/dist/compiled/next-server/app-page.runtime.dev.js:35:268296)
    at eF (/Users/knowprajjwal/LearningPlatform/node_modules/next/dist/compiled/next-server/app-page.runtime.dev.js:35:268784)
    at /Users/knowprajjwal/LearningPlatform/node_modules/next/dist/compiled/next-server/app-page.runtime.dev.js:35:266015
    at Array.toJSON (/Users/knowprajjwal/LearningPlatform/node_modules/next/dist/compiled/next-server/app-page.runtime.dev.js:35:266479)
    at stringify (<anonymous>)
    at eq (/Users/knowprajjwal/LearningPlatform/node_modules/next/dist/compiled/next-server/app-page.runtime.dev.js:35:274847)
    at eJ (/Users/knowprajjwal/LearningPlatform/node_modules/next/dist/compiled/next-server/app-page.runtime.dev.js:35:275365)
    at Timeout._onTimeout (/Users/knowprajjwal/LearningPlatform/node_modules/next/dist/compiled/next-server/app-page.runtime.dev.js:35:265152)
    at listOnTimeout (node:internal/timers:588:17)
    at process.processTimers (node:internal/timers:523:7)
[ 1959550ms] Error: TryItDemo is not defined
    at ComponentShowcasePage (webpack-internal:///(rsc)/./src/app/redesign/components/page.tsx:924:97)
    at e_ (/Users/knowprajjwal/LearningPlatform/node_modules/next/dist/compiled/next-server/app-page.runtime.dev.js:35:264164)
    at e (/Users/knowprajjwal/LearningPlatform/node_modules/next/dist/compiled/next-server/app-page.runtime.dev.js:35:268296)
    at eF (/Users/knowprajjwal/LearningPlatform/node_modules/next/dist/compiled/next-server/app-page.runtime.dev.js:35:268784)
    at eq (/Users/knowprajjwal/LearningPlatform/node_modules/next/dist/compiled/next-server/app-page.runtime.dev.js:35:274748)
    at ej (/Users/knowprajjwal/LearningPlatform/node_modules/next/dist/compiled/next-server/app-page.runtime.dev.js:35:264992)
    at e_ (/Users/knowprajjwal/LearningPlatform/node_modules/next/dist/compiled/next-server/app-page.runtime.dev.js:35:264034)
    at e (/Users/knowprajjwal/LearningPlatform/node_modules/next/dist/compiled/next-server/app-page.runtime.dev.js:35:268296)
    at eF (/Users/knowprajjwal/LearningPlatform/node_modules/next/dist/compiled/next-server/app-page.runtime.dev.js:35:268784)
    at /Users/knowprajjwal/LearningPlatform/node_modules/next/dist/compiled/next-server/app-page.runtime.dev.js:35:266015
    at Array.toJSON (/Users/knowprajjwal/LearningPlatform/node_modules/next/dist/compiled/next-server/app-page.runtime.dev.js:35:266479)
    at stringify (<anonymous>)
    at eq (/Users/knowprajjwal/LearningPlatform/node_modules/next/dist/compiled/next-server/app-page.runtime.dev.js:35:274847)
    at eJ (/Users/knowprajjwal/LearningPlatform/node_modules/next/dist/compiled/next-server/app-page.runtime.dev.js:35:275365)
    at Timeout._onTimeout (/Users/knowprajjwal/LearningPlatform/node_modules/next/dist/compiled/next-server/app-page.runtime.dev.js:35:265152)
    at listOnTimeout (node:internal/timers:588:17)
    at process.processTimers (node:internal/timers:523:7)
[ 1959550ms] Error: TryItDemo is not defined
    at ComponentShowcasePage (webpack-internal:///(rsc)/./src/app/redesign/components/page.tsx:924:97)
    at e_ (/Users/knowprajjwal/LearningPlatform/node_modules/next/dist/compiled/next-server/app-page.runtime.dev.js:35:264164)
    at e (/Users/knowprajjwal/LearningPlatform/node_modules/next/dist/compiled/next-server/app-page.runtime.dev.js:35:268296)
    at eF (/Users/knowprajjwal/LearningPlatform/node_modules/next/dist/compiled/next-server/app-page.runtime.dev.js:35:268784)
    at eq (/Users/knowprajjwal/LearningPlatform/node_modules/next/dist/compiled/next-server/app-page.runtime.dev.js:35:274748)
    at ej (/Users/knowprajjwal/LearningPlatform/node_modules/next/dist/compiled/next-server/app-page.runtime.dev.js:35:264992)
    at e_ (/Users/knowprajjwal/LearningPlatform/node_modules/next/dist/compiled/next-server/app-page.runtime.dev.js:35:264034)
    at e (/Users/knowprajjwal/LearningPlatform/node_modules/next/dist/compiled/next-server/app-page.runtime.dev.js:35:268296)
    at eF (/Users/knowprajjwal/LearningPlatform/node_modules/next/dist/compiled/next-server/app-page.runtime.dev.js:35:268784)
    at /Users/knowprajjwal/LearningPlatform/node_modules/next/dist/compiled/next-server/app-page.runtime.dev.js:35:266015
    at Array.toJSON (/Users/knowprajjwal/LearningPlatform/node_modules/next/dist/compiled/next-server/app-page.runtime.dev.js:35:266479)
    at stringify (<anonymous>)
    at eq (/Users/knowprajjwal/LearningPlatform/node_modules/next/dist/compiled/next-server/app-page.runtime.dev.js:35:274847)
    at eJ (/Users/knowprajjwal/LearningPlatform/node_modules/next/dist/compiled/next-server/app-page.runtime.dev.js:35:275365)
    at Timeout._onTimeout (/Users/knowprajjwal/LearningPlatform/node_modules/next/dist/compiled/next-server/app-page.runtime.dev.js:35:265152)
    at listOnTimeout (node:internal/timers:588:17)
    at process.processTimers (node:internal/timers:523:7)
[ 1959550ms] Error: TryItDemo is not defined
    at ComponentShowcasePage (webpack-internal:///(rsc)/./src/app/redesign/components/page.tsx:924:97)
    at e_ (/Users/knowprajjwal/LearningPlatform/node_modules/next/dist/compiled/next-server/app-page.runtime.dev.js:35:264164)
    at e (/Users/knowprajjwal/LearningPlatform/node_modules/next/dist/compiled/next-server/app-page.runtime.dev.js:35:268296)
    at eF (/Users/knowprajjwal/LearningPlatform/node_modules/next/dist/compiled/next-server/app-page.runtime.dev.js:35:268784)
    at eq (/Users/knowprajjwal/LearningPlatform/node_modules/next/dist/compiled/next-server/app-page.runtime.dev.js:35:274748)
    at ej (/Users/knowprajjwal/LearningPlatform/node_modules/next/dist/compiled/next-server/app-page.runtime.dev.js:35:264992)
    at e_ (/Users/knowprajjwal/LearningPlatform/node_modules/next/dist/compiled/next-server/app-page.runtime.dev.js:35:264034)
    at e (/Users/knowprajjwal/LearningPlatform/node_modules/next/dist/compiled/next-server/app-page.runtime.dev.js:35:268296)
    at eF (/Users/knowprajjwal/LearningPlatform/node_modules/next/dist/compiled/next-server/app-page.runtime.dev.js:35:268784)
    at /Users/knowprajjwal/LearningPlatform/node_modules/next/dist/compiled/next-server/app-page.runtime.dev.js:35:266015
    at Array.toJSON (/Users/knowprajjwal/LearningPlatform/node_modules/next/dist/compiled/next-server/app-page.runtime.dev.js:35:266479)
    at stringify (<anonymous>)
    at eq (/Users/knowprajjwal/LearningPlatform/node_modules/next/dist/compiled/next-server/app-page.runtime.dev.js:35:274847)
    at eJ (/Users/knowprajjwal/LearningPlatform/node_modules/next/dist/compiled/next-server/app-page.runtime.dev.js:35:275365)
    at Timeout._onTimeout (/Users/knowprajjwal/LearningPlatform/node_modules/next/dist/compiled/next-server/app-page.runtime.dev.js:35:265152)
    at listOnTimeout (node:internal/timers:588:17)
    at process.processTimers (node:internal/timers:523:7)
[ 1959550ms] Error: TryItDemo is not defined
    at ComponentShowcasePage (webpack-internal:///(rsc)/./src/app/redesign/components/page.tsx:924:97)
    at e_ (/Users/knowprajjwal/LearningPlatform/node_modules/next/dist/compiled/next-server/app-page.runtime.dev.js:35:264164)
    at e (/Users/knowprajjwal/LearningPlatform/node_modules/next/dist/compiled/next-server/app-page.runtime.dev.js:35:268296)
    at eF (/Users/knowprajjwal/LearningPlatform/node_modules/next/dist/compiled/next-server/app-page.runtime.dev.js:35:268784)
    at eq (/Users/knowprajjwal/LearningPlatform/node_modules/next/dist/compiled/next-server/app-page.runtime.dev.js:35:274748)
    at ej (/Users/knowprajjwal/LearningPlatform/node_modules/next/dist/compiled/next-server/app-page.runtime.dev.js:35:264992)
    at e_ (/Users/knowprajjwal/LearningPlatform/node_modules/next/dist/compiled/next-server/app-page.runtime.dev.js:35:264034)
    at e (/Users/knowprajjwal/LearningPlatform/node_modules/next/dist/compiled/next-server/app-page.runtime.dev.js:35:268296)
    at eF (/Users/knowprajjwal/LearningPlatform/node_modules/next/dist/compiled/next-server/app-page.runtime.dev.js:35:268784)
    at /Users/knowprajjwal/LearningPlatform/node_modules/next/dist/compiled/next-server/app-page.runtime.dev.js:35:266015
    at Array.toJSON (/Users/knowprajjwal/LearningPlatform/node_modules/next/dist/compiled/next-server/app-page.runtime.dev.js:35:266479)
    at stringify (<anonymous>)
    at eq (/Users/knowprajjwal/LearningPlatform/node_modules/next/dist/compiled/next-server/app-page.runtime.dev.js:35:274847)
    at eJ (/Users/knowprajjwal/LearningPlatform/node_modules/next/dist/compiled/next-server/app-page.runtime.dev.js:35:275365)
    at Timeout._onTimeout (/Users/knowprajjwal/LearningPlatform/node_modules/next/dist/compiled/next-server/app-page.runtime.dev.js:35:265152)
    at listOnTimeout (node:internal/timers:588:17)
    at process.processTimers (node:internal/timers:523:7)
[ 1959553ms] Error: TryItDemo is not defined
    at ComponentShowcasePage (webpack-internal:///(rsc)/./src/app/redesign/components/page.tsx:924:97)
    at e_ (/Users/knowprajjwal/LearningPlatform/node_modules/next/dist/compiled/next-server/app-page.runtime.dev.js:35:264164)
    at e (/Users/knowprajjwal/LearningPlatform/node_modules/next/dist/compiled/next-server/app-page.runtime.dev.js:35:268296)
    at eF (/Users/knowprajjwal/LearningPlatform/node_modules/next/dist/compiled/next-server/app-page.runtime.dev.js:35:268784)
    at eq (/Users/knowprajjwal/LearningPlatform/node_modules/next/dist/compiled/next-server/app-page.runtime.dev.js:35:274748)
    at ej (/Users/knowprajjwal/LearningPlatform/node_modules/next/dist/compiled/next-server/app-page.runtime.dev.js:35:264992)
    at e_ (/Users/knowprajjwal/LearningPlatform/node_modules/next/dist/compiled/next-server/app-page.runtime.dev.js:35:264034)
    at e (/Users/knowprajjwal/LearningPlatform/node_modules/next/dist/compiled/next-server/app-page.runtime.dev.js:35:268296)
    at eF (/Users/knowprajjwal/LearningPlatform/node_modules/next/dist/compiled/next-server/app-page.runtime.dev.js:35:268784)
    at /Users/knowprajjwal/LearningPlatform/node_modules/next/dist/compiled/next-server/app-page.runtime.dev.js:35:266015
    at Array.toJSON (/Users/knowprajjwal/LearningPlatform/node_modules/next/dist/compiled/next-server/app-page.runtime.dev.js:35:266479)
    at stringify (<anonymous>)
    at eq (/Users/knowprajjwal/LearningPlatform/node_modules/next/dist/compiled/next-server/app-page.runtime.dev.js:35:274847)
    at eJ (/Users/knowprajjwal/LearningPlatform/node_modules/next/dist/compiled/next-server/app-page.runtime.dev.js:35:275365)
    at Timeout._onTimeout (/Users/knowprajjwal/LearningPlatform/node_modules/next/dist/compiled/next-server/app-page.runtime.dev.js:35:265152)
    at listOnTimeout (node:internal/timers:588:17)
    at process.processTimers (node:internal/timers:523:7)
[ 1959553ms] Error: TryItDemo is not defined
    at ComponentShowcasePage (webpack-internal:///(rsc)/./src/app/redesign/components/page.tsx:924:97)
    at e_ (/Users/knowprajjwal/LearningPlatform/node_modules/next/dist/compiled/next-server/app-page.runtime.dev.js:35:264164)
    at e (/Users/knowprajjwal/LearningPlatform/node_modules/next/dist/compiled/next-server/app-page.runtime.dev.js:35:268296)
    at eF (/Users/knowprajjwal/LearningPlatform/node_modules/next/dist/compiled/next-server/app-page.runtime.dev.js:35:268784)
    at eq (/Users/knowprajjwal/LearningPlatform/node_modules/next/dist/compiled/next-server/app-page.runtime.dev.js:35:274748)
    at ej (/Users/knowprajjwal/LearningPlatform/node_modules/next/dist/compiled/next-server/app-page.runtime.dev.js:35:264992)
    at e_ (/Users/knowprajjwal/LearningPlatform/node_modules/next/dist/compiled/next-server/app-page.runtime.dev.js:35:264034)
    at e (/Users/knowprajjwal/LearningPlatform/node_modules/next/dist/compiled/next-server/app-page.runtime.dev.js:35:268296)
    at eF (/Users/knowprajjwal/LearningPlatform/node_modules/next/dist/compiled/next-server/app-page.runtime.dev.js:35:268784)
    at /Users/knowprajjwal/LearningPlatform/node_modules/next/dist/compiled/next-server/app-page.runtime.dev.js:35:266015
    at Array.toJSON (/Users/knowprajjwal/LearningPlatform/node_modules/next/dist/compiled/next-server/app-page.runtime.dev.js:35:266479)
    at stringify (<anonymous>)
    at eq (/Users/knowprajjwal/LearningPlatform/node_modules/next/dist/compiled/next-server/app-page.runtime.dev.js:35:274847)
    at eJ (/Users/knowprajjwal/LearningPlatform/node_modules/next/dist/compiled/next-server/app-page.runtime.dev.js:35:275365)
    at Timeout._onTimeout (/Users/knowprajjwal/LearningPlatform/node_modules/next/dist/compiled/next-server/app-page.runtime.dev.js:35:265152)
    at listOnTimeout (node:internal/timers:588:17)
    at process.processTimers (node:internal/timers:523:7)
[ 1959553ms] Error: TryItDemo is not defined
    at ComponentShowcasePage (webpack-internal:///(rsc)/./src/app/redesign/components/page.tsx:924:97)
    at e_ (/Users/knowprajjwal/LearningPlatform/node_modules/next/dist/compiled/next-server/app-page.runtime.dev.js:35:264164)
    at e (/Users/knowprajjwal/LearningPlatform/node_modules/next/dist/compiled/next-server/app-page.runtime.dev.js:35:268296)
    at eF (/Users/knowprajjwal/LearningPlatform/node_modules/next/dist/compiled/next-server/app-page.runtime.dev.js:35:268784)
    at eq (/Users/knowprajjwal/LearningPlatform/node_modules/next/dist/compiled/next-server/app-page.runtime.dev.js:35:274748)
    at ej (/Users/knowprajjwal/LearningPlatform/node_modules/next/dist/compiled/next-server/app-page.runtime.dev.js:35:264992)
    at e_ (/Users/knowprajjwal/LearningPlatform/node_modules/next/dist/compiled/next-server/app-page.runtime.dev.js:35:264034)
    at e (/Users/knowprajjwal/LearningPlatform/node_modules/next/dist/compiled/next-server/app-page.runtime.dev.js:35:268296)
    at eF (/Users/knowprajjwal/LearningPlatform/node_modules/next/dist/compiled/next-server/app-page.runtime.dev.js:35:268784)
    at /Users/knowprajjwal/LearningPlatform/node_modules/next/dist/compiled/next-server/app-page.runtime.dev.js:35:266015
    at Array.toJSON (/Users/knowprajjwal/LearningPlatform/node_modules/next/dist/compiled/next-server/app-page.runtime.dev.js:35:266479)
    at stringify (<anonymous>)
    at eq (/Users/knowprajjwal/LearningPlatform/node_modules/next/dist/compiled/next-server/app-page.runtime.dev.js:35:274847)
    at eJ (/Users/knowprajjwal/LearningPlatform/node_modules/next/dist/compiled/next-server/app-page.runtime.dev.js:35:275365)
    at Timeout._onTimeout (/Users/knowprajjwal/LearningPlatform/node_modules/next/dist/compiled/next-server/app-page.runtime.dev.js:35:265152)
    at listOnTimeout (node:internal/timers:588:17)
    at process.processTimers (node:internal/timers:523:7)
[ 1959553ms] Error: TryItDemo is not defined
    at ComponentShowcasePage (webpack-internal:///(rsc)/./src/app/redesign/components/page.tsx:924:97)
    at e_ (/Users/knowprajjwal/LearningPlatform/node_modules/next/dist/compiled/next-server/app-page.runtime.dev.js:35:264164)
    at e (/Users/knowprajjwal/LearningPlatform/node_modules/next/dist/compiled/next-server/app-page.runtime.dev.js:35:268296)
    at eF (/Users/knowprajjwal/LearningPlatform/node_modules/next/dist/compiled/next-server/app-page.runtime.dev.js:35:268784)
    at eq (/Users/knowprajjwal/LearningPlatform/node_modules/next/dist/compiled/next-server/app-page.runtime.dev.js:35:274748)
    at ej (/Users/knowprajjwal/LearningPlatform/node_modules/next/dist/compiled/next-server/app-page.runtime.dev.js:35:264992)
    at e_ (/Users/knowprajjwal/LearningPlatform/node_modules/next/dist/compiled/next-server/app-page.runtime.dev.js:35:264034)
    at e (/Users/knowprajjwal/LearningPlatform/node_modules/next/dist/compiled/next-server/app-page.runtime.dev.js:35:268296)
    at eF (/Users/knowprajjwal/LearningPlatform/node_modules/next/dist/compiled/next-server/app-page.runtime.dev.js:35:268784)
    at /Users/knowprajjwal/LearningPlatform/node_modules/next/dist/compiled/next-server/app-page.runtime.dev.js:35:266015
    at Array.toJSON (/Users/knowprajjwal/LearningPlatform/node_modules/next/dist/compiled/next-server/app-page.runtime.dev.js:35:266479)
    at stringify (<anonymous>)
    at eq (/Users/knowprajjwal/LearningPlatform/node_modules/next/dist/compiled/next-server/app-page.runtime.dev.js:35:274847)
    at eJ (/Users/knowprajjwal/LearningPlatform/node_modules/next/dist/compiled/next-server/app-page.runtime.dev.js:35:275365)
    at Timeout._onTimeout (/Users/knowprajjwal/LearningPlatform/node_modules/next/dist/compiled/next-server/app-page.runtime.dev.js:35:265152)
    at listOnTimeout (node:internal/timers:588:17)
    at process.processTimers (node:internal/timers:523:7)
[ 1959554ms] Error: TryItDemo is not defined
    at ComponentShowcasePage (webpack-internal:///(rsc)/./src/app/redesign/components/page.tsx:924:97)
    at e_ (/Users/knowprajjwal/LearningPlatform/node_modules/next/dist/compiled/next-server/app-page.runtime.dev.js:35:264164)
    at e (/Users/knowprajjwal/LearningPlatform/node_modules/next/dist/compiled/next-server/app-page.runtime.dev.js:35:268296)
    at eF (/Users/knowprajjwal/LearningPlatform/node_modules/next/dist/compiled/next-server/app-page.runtime.dev.js:35:268784)
    at eq (/Users/knowprajjwal/LearningPlatform/node_modules/next/dist/compiled/next-server/app-page.runtime.dev.js:35:274748)
    at ej (/Users/knowprajjwal/LearningPlatform/node_modules/next/dist/compiled/next-server/app-page.runtime.dev.js:35:264992)
    at e_ (/Users/knowprajjwal/LearningPlatform/node_modules/next/dist/compiled/next-server/app-page.runtime.dev.js:35:264034)
    at e (/Users/knowprajjwal/LearningPlatform/node_modules/next/dist/compiled/next-server/app-page.runtime.dev.js:35:268296)
    at eF (/Users/knowprajjwal/LearningPlatform/node_modules/next/dist/compiled/next-server/app-page.runtime.dev.js:35:268784)
    at /Users/knowprajjwal/LearningPlatform/node_modules/next/dist/compiled/next-server/app-page.runtime.dev.js:35:266015
    at Array.toJSON (/Users/knowprajjwal/LearningPlatform/node_modules/next/dist/compiled/next-server/app-page.runtime.dev.js:35:266479)
    at stringify (<anonymous>)
    at eq (/Users/knowprajjwal/LearningPlatform/node_modules/next/dist/compiled/next-server/app-page.runtime.dev.js:35:274847)
    at eJ (/Users/knowprajjwal/LearningPlatform/node_modules/next/dist/compiled/next-server/app-page.runtime.dev.js:35:275365)
    at Timeout._onTimeout (/Users/knowprajjwal/LearningPlatform/node_modules/next/dist/compiled/next-server/app-page.runtime.dev.js:35:265152)
    at listOnTimeout (node:internal/timers:588:17)
    at process.processTimers (node:internal/timers:523:7)
[ 1959554ms] Error: TryItDemo is not defined
    at ComponentShowcasePage (webpack-internal:///(rsc)/./src/app/redesign/components/page.tsx:924:97)
    at e_ (/Users/knowprajjwal/LearningPlatform/node_modules/next/dist/compiled/next-server/app-page.runtime.dev.js:35:264164)
    at e (/Users/knowprajjwal/LearningPlatform/node_modules/next/dist/compiled/next-server/app-page.runtime.dev.js:35:268296)
    at eF (/Users/knowprajjwal/LearningPlatform/node_modules/next/dist/compiled/next-server/app-page.runtime.dev.js:35:268784)
    at eq (/Users/knowprajjwal/LearningPlatform/node_modules/next/dist/compiled/next-server/app-page.runtime.dev.js:35:274748)
    at ej (/Users/knowprajjwal/LearningPlatform/node_modules/next/dist/compiled/next-server/app-page.runtime.dev.js:35:264992)
    at e_ (/Users/knowprajjwal/LearningPlatform/node_modules/next/dist/compiled/next-server/app-page.runtime.dev.js:35:264034)
    at e (/Users/knowprajjwal/LearningPlatform/node_modules/next/dist/compiled/next-server/app-page.runtime.dev.js:35:268296)
    at eF (/Users/knowprajjwal/LearningPlatform/node_modules/next/dist/compiled/next-server/app-page.runtime.dev.js:35:268784)
    at /Users/knowprajjwal/LearningPlatform/node_modules/next/dist/compiled/next-server/app-page.runtime.dev.js:35:266015
    at Array.toJSON (/Users/knowprajjwal/LearningPlatform/node_modules/next/dist/compiled/next-server/app-page.runtime.dev.js:35:266479)
    at stringify (<anonymous>)
    at eq (/Users/knowprajjwal/LearningPlatform/node_modules/next/dist/compiled/next-server/app-page.runtime.dev.js:35:274847)
    at eJ (/Users/knowprajjwal/LearningPlatform/node_modules/next/dist/compiled/next-server/app-page.runtime.dev.js:35:275365)
    at Timeout._onTimeout (/Users/knowprajjwal/LearningPlatform/node_modules/next/dist/compiled/next-server/app-page.runtime.dev.js:35:265152)
    at listOnTimeout (node:internal/timers:588:17)
    at process.processTimers (node:internal/timers:523:7)
[ 1959554ms] Error: TryItDemo is not defined
    at ComponentShowcasePage (webpack-internal:///(rsc)/./src/app/redesign/components/page.tsx:924:97)
    at e_ (/Users/knowprajjwal/LearningPlatform/node_modules/next/dist/compiled/next-server/app-page.runtime.dev.js:35:264164)
    at e (/Users/knowprajjwal/LearningPlatform/node_modules/next/dist/compiled/next-server/app-page.runtime.dev.js:35:268296)
    at eF (/Users/knowprajjwal/LearningPlatform/node_modules/next/dist/compiled/next-server/app-page.runtime.dev.js:35:268784)
    at eq (/Users/knowprajjwal/LearningPlatform/node_modules/next/dist/compiled/next-server/app-page.runtime.dev.js:35:274748)
    at ej (/Users/knowprajjwal/LearningPlatform/node_modules/next/dist/compiled/next-server/app-page.runtime.dev.js:35:264992)
    at e_ (/Users/knowprajjwal/LearningPlatform/node_modules/next/dist/compiled/next-server/app-page.runtime.dev.js:35:264034)
    at e (/Users/knowprajjwal/LearningPlatform/node_modules/next/dist/compiled/next-server/app-page.runtime.dev.js:35:268296)
    at eF (/Users/knowprajjwal/LearningPlatform/node_modules/next/dist/compiled/next-server/app-page.runtime.dev.js:35:268784)
    at /Users/knowprajjwal/LearningPlatform/node_modules/next/dist/compiled/next-server/app-page.runtime.dev.js:35:266015
    at Array.toJSON (/Users/knowprajjwal/LearningPlatform/node_modules/next/dist/compiled/next-server/app-page.runtime.dev.js:35:266479)
    at stringify (<anonymous>)
    at eq (/Users/knowprajjwal/LearningPlatform/node_modules/next/dist/compiled/next-server/app-page.runtime.dev.js:35:274847)
    at eJ (/Users/knowprajjwal/LearningPlatform/node_modules/next/dist/compiled/next-server/app-page.runtime.dev.js:35:275365)
    at Timeout._onTimeout (/Users/knowprajjwal/LearningPlatform/node_modules/next/dist/compiled/next-server/app-page.runtime.dev.js:35:265152)
    at listOnTimeout (node:internal/timers:588:17)
    at process.processTimers (node:internal/timers:523:7)
[ 1959557ms] [ERROR] The above error occurred in the <NotFoundErrorBoundary> component:

    at InnerLayoutRouter (webpack-internal:///(app-pages-browser)/./node_modules/next/dist/client/components/layout-router.js:243:11)
    at RedirectErrorBoundary (webpack-internal:///(app-pages-browser)/./node_modules/next/dist/client/components/redirect-boundary.js:74:9)
    at RedirectBoundary (webpack-internal:///(app-pages-browser)/./node_modules/next/dist/client/components/redirect-boundary.js:82:11)
    at NotFoundBoundary (webpack-internal:///(app-pages-browser)/./node_modules/next/dist/client/components/not-found-boundary.js:84:11)
    at LoadingBoundary (webpack-internal:///(app-pages-browser)/./node_modules/next/dist/client/components/layout-router.js:349:11)
    at ErrorBoundary (webpack-internal:///(app-pages-browser)/./node_modules/next/dist/client/components/error-boundary.js:160:11)
    at InnerScrollAndFocusHandler (webpack-internal:///(app-pages-browser)/./node_modules/next/dist/client/components/layout-router.js:153:9)
    at ScrollAndFocusHandler (webpack-internal:///(app-pages-browser)/./node_modules/next/dist/client/components/layout-router.js:228:11)
    at RenderFromTemplateContext (webpack-internal:///(app-pages-browser)/./node_modules/next/dist/client/components/render-from-template-context.js:16:44)
    at OuterLayoutRouter (webpack-internal:///(app-pages-browser)/./node_modules/next/dist/client/components/layout-router.js:370:11)
    at InnerLayoutRouter (webpack-internal:///(app-pages-browser)/./node_modules/next/dist/client/components/layout-router.js:243:11)
    at RedirectErrorBoundary (webpack-internal:///(app-pages-browser)/./node_modules/next/dist/client/components/redirect-boundary.js:74:9)
    at RedirectBoundary (webpack-internal:///(app-pages-browser)/./node_modules/next/dist/client/components/redirect-boundary.js:82:11)
    at NotFoundBoundary (webpack-internal:///(app-pages-browser)/./node_modules/next/dist/client/components/not-found-boundary.js:84:11)
    at LoadingBoundary (webpack-internal:///(app-pages-browser)/./node_modules/next/dist/client/components/layout-router.js:349:11)
    at ErrorBoundary (webpack-internal:///(app-pages-browser)/./node_modules/next/dist/client/components/error-boundary.js:160:11)
    at InnerScrollAndFocusHandler (webpack-internal:///(app-pages-browser)/./node_modules/next/dist/client/components/layout-router.js:153:9)
    at ScrollAndFocusHandler (webpack-internal:///(app-pages-browser)/./node_modules/next/dist/client/components/layout-router.js:228:11)
    at RenderFromTemplateContext (webpack-internal:///(app-pages-browser)/./node_modules/next/dist/client/components/render-from-template-context.js:16:44)
    at OuterLayoutRouter (webpack-internal:///(app-pages-browser)/./node_modules/next/dist/client/components/layout-router.js:370:11)
    at div
    at RedesignLayout (Server)
    at InnerLayoutRouter (webpack-internal:///(app-pages-browser)/./node_modules/next/dist/client/components/layout-router.js:243:11)
    at RedirectErrorBoundary (webpack-internal:///(app-pages-browser)/./node_modules/next/dist/client/components/redirect-boundary.js:74:9)
    at RedirectBoundary (webpack-internal:///(app-pages-browser)/./node_modules/next/dist/client/components/redirect-boundary.js:82:11)
    at NotFoundErrorBoundary (webpack-internal:///(app-pages-browser)/./node_modules/next/dist/client/components/not-found-boundary.js:76:9)
    at NotFoundBoundary (webpack-internal:///(app-pages-browser)/./node_modules/next/dist/client/components/not-found-boundary.js:84:11)
    at LoadingBoundary (webpack-internal:///(app-pages-browser)/./node_modules/next/dist/client/components/layout-router.js:349:11)
    at ErrorBoundary (webpack-internal:///(app-pages-browser)/./node_modules/next/dist/client/components/error-boundary.js:160:11)
    at InnerScrollAndFocusHandler (webpack-internal:///(app-pages-browser)/./node_modules/next/dist/client/components/layout-router.js:153:9)
    at ScrollAndFocusHandler (webpack-internal:///(app-pages-browser)/./node_modules/next/dist/client/components/layout-router.js:228:11)
    at RenderFromTemplateContext (webpack-internal:///(app-pages-browser)/./node_modules/next/dist/client/components/render-from-template-context.js:16:44)
    at OuterLayoutRouter (webpack-internal:///(app-pages-browser)/./node_modules/next/dist/client/components/layout-router.js:370:11)
    at __experimental_CheckoutProvider (webpack-internal:///(app-pages-browser)/./node_modules/@clerk/shared/dist/runtime/react/index.mjs:136:44)
    at SWRConfig (webpack-internal:///(app-pages-browser)/./node_modules/swr/dist/_internal/config-context-client-BoS53ST9.mjs:554:13)
    at SWRConfigCompat (webpack-internal:///(app-pages-browser)/./node_modules/@clerk/shared/dist/runtime/react/index.mjs:124:28)
    at OrganizationProvider (webpack-internal:///(app-pages-browser)/./node_modules/@clerk/shared/dist/runtime/react/index.mjs:148:33)
    at ClerkContextProvider (webpack-internal:///(app-pages-browser)/./node_modules/@clerk/clerk-react/dist/index.mjs:1849:11)
    at ClerkProviderBase (webpack-internal:///(app-pages-browser)/./node_modules/@clerk/clerk-react/dist/index.mjs:1941:11)
    at Hoc (webpack-internal:///(app-pages-browser)/./node_modules/@clerk/clerk-react/dist/chunk-THNCS7QR.mjs:84:5)
    at ClerkNextOptionsProvider (webpack-internal:///(app-pages-browser)/./node_modules/@clerk/nextjs/dist/esm/client-boundary/NextOptionsContext.js:17:11)
    at NextClientClerkProvider (webpack-internal:///(app-pages-browser)/./node_modules/@clerk/nextjs/dist/esm/app-router/client/ClerkProvider.js:62:13)
    at ClientClerkProvider (webpack-internal:///(app-pages-browser)/./node_modules/@clerk/nextjs/dist/esm/app-router/client/ClerkProvider.js:135:13)
    at ClerkProvider (Server)
    at body
    at html
    at RootLayout (Server)
    at RedirectErrorBoundary (webpack-internal:///(app-pages-browser)/./node_modules/next/dist/client/components/redirect-boundary.js:74:9)
    at RedirectBoundary (webpack-internal:///(app-pages-browser)/./node_modules/next/dist/client/components/redirect-boundary.js:82:11)
    at NotFoundErrorBoundary (webpack-internal:///(app-pages-browser)/./node_modules/next/dist/client/components/not-found-boundary.js:76:9)
    at NotFoundBoundary (webpack-internal:///(app-pages-browser)/./node_modules/next/dist/client/components/not-found-boundary.js:84:11)
    at DevRootNotFoundBoundary (webpack-internal:///(app-pages-browser)/./node_modules/next/dist/client/components/dev-root-not-found-boundary.js:33:11)
    at ReactDevOverlay (webpack-internal:///(app-pages-browser)/./node_modules/next/dist/client/components/react-dev-overlay/app/ReactDevOverlay.js:87:9)
    at HotReload (webpack-internal:///(app-pages-browser)/./node_modules/next/dist/client/components/react-dev-overlay/app/hot-reloader-client.js:321:11)
    at Router (webpack-internal:///(app-pages-browser)/./node_modules/next/dist/client/components/app-router.js:207:11)
    at ErrorBoundaryHandler (webpack-internal:///(app-pages-browser)/./node_modules/next/dist/client/components/error-boundary.js:113:9)
    at ErrorBoundary (webpack-internal:///(app-pages-browser)/./node_modules/next/dist/client/components/error-boundary.js:160:11)
    at AppRouter (webpack-internal:///(app-pages-browser)/./node_modules/next/dist/client/components/app-router.js:585:13)
    at ServerRoot (webpack-internal:///(app-pages-browser)/./node_modules/next/dist/client/app-index.js:112:27)
    at Root (webpack-internal:///(app-pages-browser)/./node_modules/next/dist/client/app-index.js:117:11)
    at ReactDevOverlay (webpack-internal:///(app-pages-browser)/./node_modules/next/dist/client/components/react-dev-overlay/app/ReactDevOverlay.js:87:9)

React will try to recreate this component tree from scratch using the error boundary you provided, ReactDevOverlay. @ webpack-internal:///(app-pages-browser)/./node_modules/next/dist/client/app-index.js:32
[ 1960434ms] [ERROR] Failed to load resource: the server responded with a status of 400 () @ https://clerk.greentryst.com/v1/client?__clerk_api_version=2025-11-10&_clerk_js_version=5.125.7:0
[ 1960437ms] [ERROR] Failed to load resource: the server responded with a status of 400 () @ https://clerk.greentryst.com/v1/environment?__clerk_api_version=2025-11-10&_clerk_js_version=5.125.7:0
[ 1960439ms] [ERROR] e: Clerk: Production Keys are only allowed for domain "greentryst.com". 
API Error: The Request HTTP Origin header must be equal to or a subdomain of the requesting URL.
    at https://clerk.greentryst.com/npm/@clerk/clerk-js@5/dist/clerk.browser.js:2:7182
    at u._baseFetch (https://clerk.greentryst.com/npm/@clerk/clerk-js@5/dist/clerk.browser.js:3:38)
    at async d.execute (https://clerk.greentryst.com/npm/@clerk/clerk-js@5/dist/clerk.browser.js:2:5226)
    at async s._baseGet (https://clerk.greentryst.com/npm/@clerk/clerk-js@5/dist/clerk.browser.js:3:567)
    at async Promise.all (index 1)
    at async #U (https://clerk.greentryst.com/npm/@clerk/clerk-js@5/dist/clerk.browser.js:5:73541)
    at async e5.load (https://clerk.greentryst.com/npm/@clerk/clerk-js@5/dist/clerk.browser.js:5:34322)
    at async _IsomorphicClerk.loadClerkJS (webpack-internal:///(app-pages-browser)/./node_modules/@clerk/clerk-react/dist/index.mjs:1746:9) @ webpack-internal:///(app-pages-browser)/./node_modules/next/dist/client/app-index.js:32
[ 1963438ms] [WARNING] The resource http://localhost:5001/_next/static/css/app/layout.css?v=1775843204464 was preloaded using link preload but not used within a few seconds from the window's load event. Please make sure it has an appropriate `as` value and it is preloaded intentionally. @ http://localhost:5001/redesign/components:0
[ 1963438ms] [WARNING] The resource http://localhost:5001/_next/static/css/app/redesign/layout.css?v=1775843204464 was preloaded using link preload but not used within a few seconds from the window's load event. Please make sure it has an appropriate `as` value and it is preloaded intentionally. @ http://localhost:5001/redesign/components:0
[ 1963438ms] [WARNING] The resource https://www.googletagmanager.com/gtag/js?id=G-SGMKCB3SRY was preloaded using link preload but not used within a few seconds from the window's load event. Please make sure it has an appropriate `as` value and it is preloaded intentionally. @ http://localhost:5001/redesign/components:0
[ 1978118ms] [LOG] [Fast Refresh] rebuilding @ webpack-internal:///(app-pages-browser)/./node_modules/next/dist/client/components/react-dev-overlay/app/hot-reloader-client.js:186
[ 1979073ms] [WARNING] [Fast Refresh] performing full reload because your application had an unrecoverable error @ webpack-internal:///(app-pages-browser)/./node_modules/next/dist/client/components/react-dev-overlay/app/hot-reloader-client.js:114
[ 1979659ms] [ERROR] Failed to load resource: the server responded with a status of 500 (Internal Server Error) @ http://localhost:5001/redesign/components:0
[ 1979845ms] [INFO] %cDownload the React DevTools for a better development experience: https://reactjs.org/link/react-devtools font-weight:bold @ webpack-internal:///(app-pages-browser)/./node_modules/next/dist/compiled/react-dom/cjs/react-dom.development.js:38559
[ 1979947ms] Error: TryItDemo is not defined
    at ComponentShowcasePage (webpack-internal:///(rsc)/./src/app/redesign/components/page.tsx:924:97)
    at e_ (/Users/knowprajjwal/LearningPlatform/node_modules/next/dist/compiled/next-server/app-page.runtime.dev.js:35:264164)
    at e (/Users/knowprajjwal/LearningPlatform/node_modules/next/dist/compiled/next-server/app-page.runtime.dev.js:35:268296)
    at eF (/Users/knowprajjwal/LearningPlatform/node_modules/next/dist/compiled/next-server/app-page.runtime.dev.js:35:268784)
    at eq (/Users/knowprajjwal/LearningPlatform/node_modules/next/dist/compiled/next-server/app-page.runtime.dev.js:35:274748)
    at ej (/Users/knowprajjwal/LearningPlatform/node_modules/next/dist/compiled/next-server/app-page.runtime.dev.js:35:264992)
    at e_ (/Users/knowprajjwal/LearningPlatform/node_modules/next/dist/compiled/next-server/app-page.runtime.dev.js:35:264034)
    at e (/Users/knowprajjwal/LearningPlatform/node_modules/next/dist/compiled/next-server/app-page.runtime.dev.js:35:268296)
    at eF (/Users/knowprajjwal/LearningPlatform/node_modules/next/dist/compiled/next-server/app-page.runtime.dev.js:35:268784)
    at /Users/knowprajjwal/LearningPlatform/node_modules/next/dist/compiled/next-server/app-page.runtime.dev.js:35:266015
    at Array.toJSON (/Users/knowprajjwal/LearningPlatform/node_modules/next/dist/compiled/next-server/app-page.runtime.dev.js:35:266479)
    at stringify (<anonymous>)
    at eq (/Users/knowprajjwal/LearningPlatform/node_modules/next/dist/compiled/next-server/app-page.runtime.dev.js:35:274847)
    at eJ (/Users/knowprajjwal/LearningPlatform/node_modules/next/dist/compiled/next-server/app-page.runtime.dev.js:35:275365)
    at Timeout._onTimeout (/Users/knowprajjwal/LearningPlatform/node_modules/next/dist/compiled/next-server/app-page.runtime.dev.js:35:265152)
    at listOnTimeout (node:internal/timers:588:17)
    at process.processTimers (node:internal/timers:523:7)
[ 1979951ms] Error: TryItDemo is not defined
    at ComponentShowcasePage (webpack-internal:///(rsc)/./src/app/redesign/components/page.tsx:924:97)
    at e_ (/Users/knowprajjwal/LearningPlatform/node_modules/next/dist/compiled/next-server/app-page.runtime.dev.js:35:264164)
    at e (/Users/knowprajjwal/LearningPlatform/node_modules/next/dist/compiled/next-server/app-page.runtime.dev.js:35:268296)
    at eF (/Users/knowprajjwal/LearningPlatform/node_modules/next/dist/compiled/next-server/app-page.runtime.dev.js:35:268784)
    at eq (/Users/knowprajjwal/LearningPlatform/node_modules/next/dist/compiled/next-server/app-page.runtime.dev.js:35:274748)
    at ej (/Users/knowprajjwal/LearningPlatform/node_modules/next/dist/compiled/next-server/app-page.runtime.dev.js:35:264992)
    at e_ (/Users/knowprajjwal/LearningPlatform/node_modules/next/dist/compiled/next-server/app-page.runtime.dev.js:35:264034)
    at e (/Users/knowprajjwal/LearningPlatform/node_modules/next/dist/compiled/next-server/app-page.runtime.dev.js:35:268296)
    at eF (/Users/knowprajjwal/LearningPlatform/node_modules/next/dist/compiled/next-server/app-page.runtime.dev.js:35:268784)
    at /Users/knowprajjwal/LearningPlatform/node_modules/next/dist/compiled/next-server/app-page.runtime.dev.js:35:266015
    at Array.toJSON (/Users/knowprajjwal/LearningPlatform/node_modules/next/dist/compiled/next-server/app-page.runtime.dev.js:35:266479)
    at stringify (<anonymous>)
    at eq (/Users/knowprajjwal/LearningPlatform/node_modules/next/dist/compiled/next-server/app-page.runtime.dev.js:35:274847)
    at eJ (/Users/knowprajjwal/LearningPlatform/node_modules/next/dist/compiled/next-server/app-page.runtime.dev.js:35:275365)
    at Timeout._onTimeout (/Users/knowprajjwal/LearningPlatform/node_modules/next/dist/compiled/next-server/app-page.runtime.dev.js:35:265152)
    at listOnTimeout (node:internal/timers:588:17)
    at process.processTimers (node:internal/timers:523:7)
[ 1979951ms] Error: TryItDemo is not defined
    at ComponentShowcasePage (webpack-internal:///(rsc)/./src/app/redesign/components/page.tsx:924:97)
    at e_ (/Users/knowprajjwal/LearningPlatform/node_modules/next/dist/compiled/next-server/app-page.runtime.dev.js:35:264164)
    at e (/Users/knowprajjwal/LearningPlatform/node_modules/next/dist/compiled/next-server/app-page.runtime.dev.js:35:268296)
    at eF (/Users/knowprajjwal/LearningPlatform/node_modules/next/dist/compiled/next-server/app-page.runtime.dev.js:35:268784)
    at eq (/Users/knowprajjwal/LearningPlatform/node_modules/next/dist/compiled/next-server/app-page.runtime.dev.js:35:274748)
    at ej (/Users/knowprajjwal/LearningPlatform/node_modules/next/dist/compiled/next-server/app-page.runtime.dev.js:35:264992)
    at e_ (/Users/knowprajjwal/LearningPlatform/node_modules/next/dist/compiled/next-server/app-page.runtime.dev.js:35:264034)
    at e (/Users/knowprajjwal/LearningPlatform/node_modules/next/dist/compiled/next-server/app-page.runtime.dev.js:35:268296)
    at eF (/Users/knowprajjwal/LearningPlatform/node_modules/next/dist/compiled/next-server/app-page.runtime.dev.js:35:268784)
    at /Users/knowprajjwal/LearningPlatform/node_modules/next/dist/compiled/next-server/app-page.runtime.dev.js:35:266015
    at Array.toJSON (/Users/knowprajjwal/LearningPlatform/node_modules/next/dist/compiled/next-server/app-page.runtime.dev.js:35:266479)
    at stringify (<anonymous>)
    at eq (/Users/knowprajjwal/LearningPlatform/node_modules/next/dist/compiled/next-server/app-page.runtime.dev.js:35:274847)
    at eJ (/Users/knowprajjwal/LearningPlatform/node_modules/next/dist/compiled/next-server/app-page.runtime.dev.js:35:275365)
    at Timeout._onTimeout (/Users/knowprajjwal/LearningPlatform/node_modules/next/dist/compiled/next-server/app-page.runtime.dev.js:35:265152)
    at listOnTimeout (node:internal/timers:588:17)
    at process.processTimers (node:internal/timers:523:7)
[ 1979951ms] Error: TryItDemo is not defined
    at ComponentShowcasePage (webpack-internal:///(rsc)/./src/app/redesign/components/page.tsx:924:97)
    at e_ (/Users/knowprajjwal/LearningPlatform/node_modules/next/dist/compiled/next-server/app-page.runtime.dev.js:35:264164)
    at e (/Users/knowprajjwal/LearningPlatform/node_modules/next/dist/compiled/next-server/app-page.runtime.dev.js:35:268296)
    at eF (/Users/knowprajjwal/LearningPlatform/node_modules/next/dist/compiled/next-server/app-page.runtime.dev.js:35:268784)
    at eq (/Users/knowprajjwal/LearningPlatform/node_modules/next/dist/compiled/next-server/app-page.runtime.dev.js:35:274748)
    at ej (/Users/knowprajjwal/LearningPlatform/node_modules/next/dist/compiled/next-server/app-page.runtime.dev.js:35:264992)
    at e_ (/Users/knowprajjwal/LearningPlatform/node_modules/next/dist/compiled/next-server/app-page.runtime.dev.js:35:264034)
    at e (/Users/knowprajjwal/LearningPlatform/node_modules/next/dist/compiled/next-server/app-page.runtime.dev.js:35:268296)
    at eF (/Users/knowprajjwal/LearningPlatform/node_modules/next/dist/compiled/next-server/app-page.runtime.dev.js:35:268784)
    at /Users/knowprajjwal/LearningPlatform/node_modules/next/dist/compiled/next-server/app-page.runtime.dev.js:35:266015
    at Array.toJSON (/Users/knowprajjwal/LearningPlatform/node_modules/next/dist/compiled/next-server/app-page.runtime.dev.js:35:266479)
    at stringify (<anonymous>)
    at eq (/Users/knowprajjwal/LearningPlatform/node_modules/next/dist/compiled/next-server/app-page.runtime.dev.js:35:274847)
    at eJ (/Users/knowprajjwal/LearningPlatform/node_modules/next/dist/compiled/next-server/app-page.runtime.dev.js:35:275365)
    at Timeout._onTimeout (/Users/knowprajjwal/LearningPlatform/node_modules/next/dist/compiled/next-server/app-page.runtime.dev.js:35:265152)
    at listOnTimeout (node:internal/timers:588:17)
    at process.processTimers (node:internal/timers:523:7)
[ 1979951ms] Error: TryItDemo is not defined
    at ComponentShowcasePage (webpack-internal:///(rsc)/./src/app/redesign/components/page.tsx:924:97)
    at e_ (/Users/knowprajjwal/LearningPlatform/node_modules/next/dist/compiled/next-server/app-page.runtime.dev.js:35:264164)
    at e (/Users/knowprajjwal/LearningPlatform/node_modules/next/dist/compiled/next-server/app-page.runtime.dev.js:35:268296)
    at eF (/Users/knowprajjwal/LearningPlatform/node_modules/next/dist/compiled/next-server/app-page.runtime.dev.js:35:268784)
    at eq (/Users/knowprajjwal/LearningPlatform/node_modules/next/dist/compiled/next-server/app-page.runtime.dev.js:35:274748)
    at ej (/Users/knowprajjwal/LearningPlatform/node_modules/next/dist/compiled/next-server/app-page.runtime.dev.js:35:264992)
    at e_ (/Users/knowprajjwal/LearningPlatform/node_modules/next/dist/compiled/next-server/app-page.runtime.dev.js:35:264034)
    at e (/Users/knowprajjwal/LearningPlatform/node_modules/next/dist/compiled/next-server/app-page.runtime.dev.js:35:268296)
    at eF (/Users/knowprajjwal/LearningPlatform/node_modules/next/dist/compiled/next-server/app-page.runtime.dev.js:35:268784)
    at /Users/knowprajjwal/LearningPlatform/node_modules/next/dist/compiled/next-server/app-page.runtime.dev.js:35:266015
    at Array.toJSON (/Users/knowprajjwal/LearningPlatform/node_modules/next/dist/compiled/next-server/app-page.runtime.dev.js:35:266479)
    at stringify (<anonymous>)
    at eq (/Users/knowprajjwal/LearningPlatform/node_modules/next/dist/compiled/next-server/app-page.runtime.dev.js:35:274847)
    at eJ (/Users/knowprajjwal/LearningPlatform/node_modules/next/dist/compiled/next-server/app-page.runtime.dev.js:35:275365)
    at Timeout._onTimeout (/Users/knowprajjwal/LearningPlatform/node_modules/next/dist/compiled/next-server/app-page.runtime.dev.js:35:265152)
    at listOnTimeout (node:internal/timers:588:17)
    at process.processTimers (node:internal/timers:523:7)
[ 1979951ms] Error: TryItDemo is not defined
    at ComponentShowcasePage (webpack-internal:///(rsc)/./src/app/redesign/components/page.tsx:924:97)
    at e_ (/Users/knowprajjwal/LearningPlatform/node_modules/next/dist/compiled/next-server/app-page.runtime.dev.js:35:264164)
    at e (/Users/knowprajjwal/LearningPlatform/node_modules/next/dist/compiled/next-server/app-page.runtime.dev.js:35:268296)
    at eF (/Users/knowprajjwal/LearningPlatform/node_modules/next/dist/compiled/next-server/app-page.runtime.dev.js:35:268784)
    at eq (/Users/knowprajjwal/LearningPlatform/node_modules/next/dist/compiled/next-server/app-page.runtime.dev.js:35:274748)
    at ej (/Users/knowprajjwal/LearningPlatform/node_modules/next/dist/compiled/next-server/app-page.runtime.dev.js:35:264992)
    at e_ (/Users/knowprajjwal/LearningPlatform/node_modules/next/dist/compiled/next-server/app-page.runtime.dev.js:35:264034)
    at e (/Users/knowprajjwal/LearningPlatform/node_modules/next/dist/compiled/next-server/app-page.runtime.dev.js:35:268296)
    at eF (/Users/knowprajjwal/LearningPlatform/node_modules/next/dist/compiled/next-server/app-page.runtime.dev.js:35:268784)
    at /Users/knowprajjwal/LearningPlatform/node_modules/next/dist/compiled/next-server/app-page.runtime.dev.js:35:266015
    at Array.toJSON (/Users/knowprajjwal/LearningPlatform/node_modules/next/dist/compiled/next-server/app-page.runtime.dev.js:35:266479)
    at stringify (<anonymous>)
    at eq (/Users/knowprajjwal/LearningPlatform/node_modules/next/dist/compiled/next-server/app-page.runtime.dev.js:35:274847)
    at eJ (/Users/knowprajjwal/LearningPlatform/node_modules/next/dist/compiled/next-server/app-page.runtime.dev.js:35:275365)
    at Timeout._onTimeout (/Users/knowprajjwal/LearningPlatform/node_modules/next/dist/compiled/next-server/app-page.runtime.dev.js:35:265152)
    at listOnTimeout (node:internal/timers:588:17)
    at process.processTimers (node:internal/timers:523:7)
[ 1979952ms] Error: TryItDemo is not defined
    at ComponentShowcasePage (webpack-internal:///(rsc)/./src/app/redesign/components/page.tsx:924:97)
    at e_ (/Users/knowprajjwal/LearningPlatform/node_modules/next/dist/compiled/next-server/app-page.runtime.dev.js:35:264164)
    at e (/Users/knowprajjwal/LearningPlatform/node_modules/next/dist/compiled/next-server/app-page.runtime.dev.js:35:268296)
    at eF (/Users/knowprajjwal/LearningPlatform/node_modules/next/dist/compiled/next-server/app-page.runtime.dev.js:35:268784)
    at eq (/Users/knowprajjwal/LearningPlatform/node_modules/next/dist/compiled/next-server/app-page.runtime.dev.js:35:274748)
    at ej (/Users/knowprajjwal/LearningPlatform/node_modules/next/dist/compiled/next-server/app-page.runtime.dev.js:35:264992)
    at e_ (/Users/knowprajjwal/LearningPlatform/node_modules/next/dist/compiled/next-server/app-page.runtime.dev.js:35:264034)
    at e (/Users/knowprajjwal/LearningPlatform/node_modules/next/dist/compiled/next-server/app-page.runtime.dev.js:35:268296)
    at eF (/Users/knowprajjwal/LearningPlatform/node_modules/next/dist/compiled/next-server/app-page.runtime.dev.js:35:268784)
    at /Users/knowprajjwal/LearningPlatform/node_modules/next/dist/compiled/next-server/app-page.runtime.dev.js:35:266015
    at Array.toJSON (/Users/knowprajjwal/LearningPlatform/node_modules/next/dist/compiled/next-server/app-page.runtime.dev.js:35:266479)
    at stringify (<anonymous>)
    at eq (/Users/knowprajjwal/LearningPlatform/node_modules/next/dist/compiled/next-server/app-page.runtime.dev.js:35:274847)
    at eJ (/Users/knowprajjwal/LearningPlatform/node_modules/next/dist/compiled/next-server/app-page.runtime.dev.js:35:275365)
    at Timeout._onTimeout (/Users/knowprajjwal/LearningPlatform/node_modules/next/dist/compiled/next-server/app-page.runtime.dev.js:35:265152)
    at listOnTimeout (node:internal/timers:588:17)
    at process.processTimers (node:internal/timers:523:7)
[ 1979953ms] Error: TryItDemo is not defined
    at ComponentShowcasePage (webpack-internal:///(rsc)/./src/app/redesign/components/page.tsx:924:97)
    at e_ (/Users/knowprajjwal/LearningPlatform/node_modules/next/dist/compiled/next-server/app-page.runtime.dev.js:35:264164)
    at e (/Users/knowprajjwal/LearningPlatform/node_modules/next/dist/compiled/next-server/app-page.runtime.dev.js:35:268296)
    at eF (/Users/knowprajjwal/LearningPlatform/node_modules/next/dist/compiled/next-server/app-page.runtime.dev.js:35:268784)
    at eq (/Users/knowprajjwal/LearningPlatform/node_modules/next/dist/compiled/next-server/app-page.runtime.dev.js:35:274748)
    at ej (/Users/knowprajjwal/LearningPlatform/node_modules/next/dist/compiled/next-server/app-page.runtime.dev.js:35:264992)
    at e_ (/Users/knowprajjwal/LearningPlatform/node_modules/next/dist/compiled/next-server/app-page.runtime.dev.js:35:264034)
    at e (/Users/knowprajjwal/LearningPlatform/node_modules/next/dist/compiled/next-server/app-page.runtime.dev.js:35:268296)
    at eF (/Users/knowprajjwal/LearningPlatform/node_modules/next/dist/compiled/next-server/app-page.runtime.dev.js:35:268784)
    at /Users/knowprajjwal/LearningPlatform/node_modules/next/dist/compiled/next-server/app-page.runtime.dev.js:35:266015
    at Array.toJSON (/Users/knowprajjwal/LearningPlatform/node_modules/next/dist/compiled/next-server/app-page.runtime.dev.js:35:266479)
    at stringify (<anonymous>)
    at eq (/Users/knowprajjwal/LearningPlatform/node_modules/next/dist/compiled/next-server/app-page.runtime.dev.js:35:274847)
    at eJ (/Users/knowprajjwal/LearningPlatform/node_modules/next/dist/compiled/next-server/app-page.runtime.dev.js:35:275365)
    at Timeout._onTimeout (/Users/knowprajjwal/LearningPlatform/node_modules/next/dist/compiled/next-server/app-page.runtime.dev.js:35:265152)
    at listOnTimeout (node:internal/timers:588:17)
    at process.processTimers (node:internal/timers:523:7)
[ 1979953ms] Error: TryItDemo is not defined
    at ComponentShowcasePage (webpack-internal:///(rsc)/./src/app/redesign/components/page.tsx:924:97)
    at e_ (/Users/knowprajjwal/LearningPlatform/node_modules/next/dist/compiled/next-server/app-page.runtime.dev.js:35:264164)
    at e (/Users/knowprajjwal/LearningPlatform/node_modules/next/dist/compiled/next-server/app-page.runtime.dev.js:35:268296)
    at eF (/Users/knowprajjwal/LearningPlatform/node_modules/next/dist/compiled/next-server/app-page.runtime.dev.js:35:268784)
    at eq (/Users/knowprajjwal/LearningPlatform/node_modules/next/dist/compiled/next-server/app-page.runtime.dev.js:35:274748)
    at ej (/Users/knowprajjwal/LearningPlatform/node_modules/next/dist/compiled/next-server/app-page.runtime.dev.js:35:264992)
    at e_ (/Users/knowprajjwal/LearningPlatform/node_modules/next/dist/compiled/next-server/app-page.runtime.dev.js:35:264034)
    at e (/Users/knowprajjwal/LearningPlatform/node_modules/next/dist/compiled/next-server/app-page.runtime.dev.js:35:268296)
    at eF (/Users/knowprajjwal/LearningPlatform/node_modules/next/dist/compiled/next-server/app-page.runtime.dev.js:35:268784)
    at /Users/knowprajjwal/LearningPlatform/node_modules/next/dist/compiled/next-server/app-page.runtime.dev.js:35:266015
    at Array.toJSON (/Users/knowprajjwal/LearningPlatform/node_modules/next/dist/compiled/next-server/app-page.runtime.dev.js:35:266479)
    at stringify (<anonymous>)
    at eq (/Users/knowprajjwal/LearningPlatform/node_modules/next/dist/compiled/next-server/app-page.runtime.dev.js:35:274847)
    at eJ (/Users/knowprajjwal/LearningPlatform/node_modules/next/dist/compiled/next-server/app-page.runtime.dev.js:35:275365)
    at Timeout._onTimeout (/Users/knowprajjwal/LearningPlatform/node_modules/next/dist/compiled/next-server/app-page.runtime.dev.js:35:265152)
    at listOnTimeout (node:internal/timers:588:17)
    at process.processTimers (node:internal/timers:523:7)
[ 1979954ms] Error: TryItDemo is not defined
    at ComponentShowcasePage (webpack-internal:///(rsc)/./src/app/redesign/components/page.tsx:924:97)
    at e_ (/Users/knowprajjwal/LearningPlatform/node_modules/next/dist/compiled/next-server/app-page.runtime.dev.js:35:264164)
    at e (/Users/knowprajjwal/LearningPlatform/node_modules/next/dist/compiled/next-server/app-page.runtime.dev.js:35:268296)
    at eF (/Users/knowprajjwal/LearningPlatform/node_modules/next/dist/compiled/next-server/app-page.runtime.dev.js:35:268784)
    at eq (/Users/knowprajjwal/LearningPlatform/node_modules/next/dist/compiled/next-server/app-page.runtime.dev.js:35:274748)
    at ej (/Users/knowprajjwal/LearningPlatform/node_modules/next/dist/compiled/next-server/app-page.runtime.dev.js:35:264992)
    at e_ (/Users/knowprajjwal/LearningPlatform/node_modules/next/dist/compiled/next-server/app-page.runtime.dev.js:35:264034)
    at e (/Users/knowprajjwal/LearningPlatform/node_modules/next/dist/compiled/next-server/app-page.runtime.dev.js:35:268296)
    at eF (/Users/knowprajjwal/LearningPlatform/node_modules/next/dist/compiled/next-server/app-page.runtime.dev.js:35:268784)
    at /Users/knowprajjwal/LearningPlatform/node_modules/next/dist/compiled/next-server/app-page.runtime.dev.js:35:266015
    at Array.toJSON (/Users/knowprajjwal/LearningPlatform/node_modules/next/dist/compiled/next-server/app-page.runtime.dev.js:35:266479)
    at stringify (<anonymous>)
    at eq (/Users/knowprajjwal/LearningPlatform/node_modules/next/dist/compiled/next-server/app-page.runtime.dev.js:35:274847)
    at eJ (/Users/knowprajjwal/LearningPlatform/node_modules/next/dist/compiled/next-server/app-page.runtime.dev.js:35:275365)
    at Timeout._onTimeout (/Users/knowprajjwal/LearningPlatform/node_modules/next/dist/compiled/next-server/app-page.runtime.dev.js:35:265152)
    at listOnTimeout (node:internal/timers:588:17)
    at process.processTimers (node:internal/timers:523:7)
[ 1979955ms] Error: TryItDemo is not defined
    at ComponentShowcasePage (webpack-internal:///(rsc)/./src/app/redesign/components/page.tsx:924:97)
    at e_ (/Users/knowprajjwal/LearningPlatform/node_modules/next/dist/compiled/next-server/app-page.runtime.dev.js:35:264164)
    at e (/Users/knowprajjwal/LearningPlatform/node_modules/next/dist/compiled/next-server/app-page.runtime.dev.js:35:268296)
    at eF (/Users/knowprajjwal/LearningPlatform/node_modules/next/dist/compiled/next-server/app-page.runtime.dev.js:35:268784)
    at eq (/Users/knowprajjwal/LearningPlatform/node_modules/next/dist/compiled/next-server/app-page.runtime.dev.js:35:274748)
    at ej (/Users/knowprajjwal/LearningPlatform/node_modules/next/dist/compiled/next-server/app-page.runtime.dev.js:35:264992)
    at e_ (/Users/knowprajjwal/LearningPlatform/node_modules/next/dist/compiled/next-server/app-page.runtime.dev.js:35:264034)
    at e (/Users/knowprajjwal/LearningPlatform/node_modules/next/dist/compiled/next-server/app-page.runtime.dev.js:35:268296)
    at eF (/Users/knowprajjwal/LearningPlatform/node_modules/next/dist/compiled/next-server/app-page.runtime.dev.js:35:268784)
    at /Users/knowprajjwal/LearningPlatform/node_modules/next/dist/compiled/next-server/app-page.runtime.dev.js:35:266015
    at Array.toJSON (/Users/knowprajjwal/LearningPlatform/node_modules/next/dist/compiled/next-server/app-page.runtime.dev.js:35:266479)
    at stringify (<anonymous>)
    at eq (/Users/knowprajjwal/LearningPlatform/node_modules/next/dist/compiled/next-server/app-page.runtime.dev.js:35:274847)
    at eJ (/Users/knowprajjwal/LearningPlatform/node_modules/next/dist/compiled/next-server/app-page.runtime.dev.js:35:275365)
    at Timeout._onTimeout (/Users/knowprajjwal/LearningPlatform/node_modules/next/dist/compiled/next-server/app-page.runtime.dev.js:35:265152)
    at listOnTimeout (node:internal/timers:588:17)
    at process.processTimers (node:internal/timers:523:7)
[ 1979958ms] Error: TryItDemo is not defined
    at ComponentShowcasePage (webpack-internal:///(rsc)/./src/app/redesign/components/page.tsx:924:97)
    at e_ (/Users/knowprajjwal/LearningPlatform/node_modules/next/dist/compiled/next-server/app-page.runtime.dev.js:35:264164)
    at e (/Users/knowprajjwal/LearningPlatform/node_modules/next/dist/compiled/next-server/app-page.runtime.dev.js:35:268296)
    at eF (/Users/knowprajjwal/LearningPlatform/node_modules/next/dist/compiled/next-server/app-page.runtime.dev.js:35:268784)
    at eq (/Users/knowprajjwal/LearningPlatform/node_modules/next/dist/compiled/next-server/app-page.runtime.dev.js:35:274748)
    at ej (/Users/knowprajjwal/LearningPlatform/node_modules/next/dist/compiled/next-server/app-page.runtime.dev.js:35:264992)
    at e_ (/Users/knowprajjwal/LearningPlatform/node_modules/next/dist/compiled/next-server/app-page.runtime.dev.js:35:264034)
    at e (/Users/knowprajjwal/LearningPlatform/node_modules/next/dist/compiled/next-server/app-page.runtime.dev.js:35:268296)
    at eF (/Users/knowprajjwal/LearningPlatform/node_modules/next/dist/compiled/next-server/app-page.runtime.dev.js:35:268784)
    at /Users/knowprajjwal/LearningPlatform/node_modules/next/dist/compiled/next-server/app-page.runtime.dev.js:35:266015
    at Array.toJSON (/Users/knowprajjwal/LearningPlatform/node_modules/next/dist/compiled/next-server/app-page.runtime.dev.js:35:266479)
    at stringify (<anonymous>)
    at eq (/Users/knowprajjwal/LearningPlatform/node_modules/next/dist/compiled/next-server/app-page.runtime.dev.js:35:274847)
    at eJ (/Users/knowprajjwal/LearningPlatform/node_modules/next/dist/compiled/next-server/app-page.runtime.dev.js:35:275365)
    at Timeout._onTimeout (/Users/knowprajjwal/LearningPlatform/node_modules/next/dist/compiled/next-server/app-page.runtime.dev.js:35:265152)
    at listOnTimeout (node:internal/timers:588:17)
    at process.processTimers (node:internal/timers:523:7)
[ 1979959ms] Error: TryItDemo is not defined
    at ComponentShowcasePage (webpack-internal:///(rsc)/./src/app/redesign/components/page.tsx:924:97)
    at e_ (/Users/knowprajjwal/LearningPlatform/node_modules/next/dist/compiled/next-server/app-page.runtime.dev.js:35:264164)
    at e (/Users/knowprajjwal/LearningPlatform/node_modules/next/dist/compiled/next-server/app-page.runtime.dev.js:35:268296)
    at eF (/Users/knowprajjwal/LearningPlatform/node_modules/next/dist/compiled/next-server/app-page.runtime.dev.js:35:268784)
    at eq (/Users/knowprajjwal/LearningPlatform/node_modules/next/dist/compiled/next-server/app-page.runtime.dev.js:35:274748)
    at ej (/Users/knowprajjwal/LearningPlatform/node_modules/next/dist/compiled/next-server/app-page.runtime.dev.js:35:264992)
    at e_ (/Users/knowprajjwal/LearningPlatform/node_modules/next/dist/compiled/next-server/app-page.runtime.dev.js:35:264034)
    at e (/Users/knowprajjwal/LearningPlatform/node_modules/next/dist/compiled/next-server/app-page.runtime.dev.js:35:268296)
    at eF (/Users/knowprajjwal/LearningPlatform/node_modules/next/dist/compiled/next-server/app-page.runtime.dev.js:35:268784)
    at /Users/knowprajjwal/LearningPlatform/node_modules/next/dist/compiled/next-server/app-page.runtime.dev.js:35:266015
    at Array.toJSON (/Users/knowprajjwal/LearningPlatform/node_modules/next/dist/compiled/next-server/app-page.runtime.dev.js:35:266479)
    at stringify (<anonymous>)
    at eq (/Users/knowprajjwal/LearningPlatform/node_modules/next/dist/compiled/next-server/app-page.runtime.dev.js:35:274847)
    at eJ (/Users/knowprajjwal/LearningPlatform/node_modules/next/dist/compiled/next-server/app-page.runtime.dev.js:35:275365)
    at Timeout._onTimeout (/Users/knowprajjwal/LearningPlatform/node_modules/next/dist/compiled/next-server/app-page.runtime.dev.js:35:265152)
    at listOnTimeout (node:internal/timers:588:17)
    at process.processTimers (node:internal/timers:523:7)
[ 1979961ms] Error: TryItDemo is not defined
    at ComponentShowcasePage (webpack-internal:///(rsc)/./src/app/redesign/components/page.tsx:924:97)
    at e_ (/Users/knowprajjwal/LearningPlatform/node_modules/next/dist/compiled/next-server/app-page.runtime.dev.js:35:264164)
    at e (/Users/knowprajjwal/LearningPlatform/node_modules/next/dist/compiled/next-server/app-page.runtime.dev.js:35:268296)
    at eF (/Users/knowprajjwal/LearningPlatform/node_modules/next/dist/compiled/next-server/app-page.runtime.dev.js:35:268784)
    at eq (/Users/knowprajjwal/LearningPlatform/node_modules/next/dist/compiled/next-server/app-page.runtime.dev.js:35:274748)
    at ej (/Users/knowprajjwal/LearningPlatform/node_modules/next/dist/compiled/next-server/app-page.runtime.dev.js:35:264992)
    at e_ (/Users/knowprajjwal/LearningPlatform/node_modules/next/dist/compiled/next-server/app-page.runtime.dev.js:35:264034)
    at e (/Users/knowprajjwal/LearningPlatform/node_modules/next/dist/compiled/next-server/app-page.runtime.dev.js:35:268296)
    at eF (/Users/knowprajjwal/LearningPlatform/node_modules/next/dist/compiled/next-server/app-page.runtime.dev.js:35:268784)
    at /Users/knowprajjwal/LearningPlatform/node_modules/next/dist/compiled/next-server/app-page.runtime.dev.js:35:266015
    at Array.toJSON (/Users/knowprajjwal/LearningPlatform/node_modules/next/dist/compiled/next-server/app-page.runtime.dev.js:35:266479)
    at stringify (<anonymous>)
    at eq (/Users/knowprajjwal/LearningPlatform/node_modules/next/dist/compiled/next-server/app-page.runtime.dev.js:35:274847)
    at eJ (/Users/knowprajjwal/LearningPlatform/node_modules/next/dist/compiled/next-server/app-page.runtime.dev.js:35:275365)
    at Timeout._onTimeout (/Users/knowprajjwal/LearningPlatform/node_modules/next/dist/compiled/next-server/app-page.runtime.dev.js:35:265152)
    at listOnTimeout (node:internal/timers:588:17)
    at process.processTimers (node:internal/timers:523:7)
[ 1979964ms] [ERROR] The above error occurred in the <NotFoundErrorBoundary> component:

    at InnerLayoutRouter (webpack-internal:///(app-pages-browser)/./node_modules/next/dist/client/components/layout-router.js:243:11)
    at RedirectErrorBoundary (webpack-internal:///(app-pages-browser)/./node_modules/next/dist/client/components/redirect-boundary.js:74:9)
    at RedirectBoundary (webpack-internal:///(app-pages-browser)/./node_modules/next/dist/client/components/redirect-boundary.js:82:11)
    at NotFoundBoundary (webpack-internal:///(app-pages-browser)/./node_modules/next/dist/client/components/not-found-boundary.js:84:11)
    at LoadingBoundary (webpack-internal:///(app-pages-browser)/./node_modules/next/dist/client/components/layout-router.js:349:11)
    at ErrorBoundary (webpack-internal:///(app-pages-browser)/./node_modules/next/dist/client/components/error-boundary.js:160:11)
    at InnerScrollAndFocusHandler (webpack-internal:///(app-pages-browser)/./node_modules/next/dist/client/components/layout-router.js:153:9)
    at ScrollAndFocusHandler (webpack-internal:///(app-pages-browser)/./node_modules/next/dist/client/components/layout-router.js:228:11)
    at RenderFromTemplateContext (webpack-internal:///(app-pages-browser)/./node_modules/next/dist/client/components/render-from-template-context.js:16:44)
    at OuterLayoutRouter (webpack-internal:///(app-pages-browser)/./node_modules/next/dist/client/components/layout-router.js:370:11)
    at InnerLayoutRouter (webpack-internal:///(app-pages-browser)/./node_modules/next/dist/client/components/layout-router.js:243:11)
    at RedirectErrorBoundary (webpack-internal:///(app-pages-browser)/./node_modules/next/dist/client/components/redirect-boundary.js:74:9)
    at RedirectBoundary (webpack-internal:///(app-pages-browser)/./node_modules/next/dist/client/components/redirect-boundary.js:82:11)
    at NotFoundBoundary (webpack-internal:///(app-pages-browser)/./node_modules/next/dist/client/components/not-found-boundary.js:84:11)
    at LoadingBoundary (webpack-internal:///(app-pages-browser)/./node_modules/next/dist/client/components/layout-router.js:349:11)
    at ErrorBoundary (webpack-internal:///(app-pages-browser)/./node_modules/next/dist/client/components/error-boundary.js:160:11)
    at InnerScrollAndFocusHandler (webpack-internal:///(app-pages-browser)/./node_modules/next/dist/client/components/layout-router.js:153:9)
    at ScrollAndFocusHandler (webpack-internal:///(app-pages-browser)/./node_modules/next/dist/client/components/layout-router.js:228:11)
    at RenderFromTemplateContext (webpack-internal:///(app-pages-browser)/./node_modules/next/dist/client/components/render-from-template-context.js:16:44)
    at OuterLayoutRouter (webpack-internal:///(app-pages-browser)/./node_modules/next/dist/client/components/layout-router.js:370:11)
    at div
    at RedesignLayout (Server)
    at InnerLayoutRouter (webpack-internal:///(app-pages-browser)/./node_modules/next/dist/client/components/layout-router.js:243:11)
    at RedirectErrorBoundary (webpack-internal:///(app-pages-browser)/./node_modules/next/dist/client/components/redirect-boundary.js:74:9)
    at RedirectBoundary (webpack-internal:///(app-pages-browser)/./node_modules/next/dist/client/components/redirect-boundary.js:82:11)
    at NotFoundErrorBoundary (webpack-internal:///(app-pages-browser)/./node_modules/next/dist/client/components/not-found-boundary.js:76:9)
    at NotFoundBoundary (webpack-internal:///(app-pages-browser)/./node_modules/next/dist/client/components/not-found-boundary.js:84:11)
    at LoadingBoundary (webpack-internal:///(app-pages-browser)/./node_modules/next/dist/client/components/layout-router.js:349:11)
    at ErrorBoundary (webpack-internal:///(app-pages-browser)/./node_modules/next/dist/client/components/error-boundary.js:160:11)
    at InnerScrollAndFocusHandler (webpack-internal:///(app-pages-browser)/./node_modules/next/dist/client/components/layout-router.js:153:9)
    at ScrollAndFocusHandler (webpack-internal:///(app-pages-browser)/./node_modules/next/dist/client/components/layout-router.js:228:11)
    at RenderFromTemplateContext (webpack-internal:///(app-pages-browser)/./node_modules/next/dist/client/components/render-from-template-context.js:16:44)
    at OuterLayoutRouter (webpack-internal:///(app-pages-browser)/./node_modules/next/dist/client/components/layout-router.js:370:11)
    at __experimental_CheckoutProvider (webpack-internal:///(app-pages-browser)/./node_modules/@clerk/shared/dist/runtime/react/index.mjs:136:44)
    at SWRConfig (webpack-internal:///(app-pages-browser)/./node_modules/swr/dist/_internal/config-context-client-BoS53ST9.mjs:554:13)
    at SWRConfigCompat (webpack-internal:///(app-pages-browser)/./node_modules/@clerk/shared/dist/runtime/react/index.mjs:124:28)
    at OrganizationProvider (webpack-internal:///(app-pages-browser)/./node_modules/@clerk/shared/dist/runtime/react/index.mjs:148:33)
    at ClerkContextProvider (webpack-internal:///(app-pages-browser)/./node_modules/@clerk/clerk-react/dist/index.mjs:1849:11)
    at ClerkProviderBase (webpack-internal:///(app-pages-browser)/./node_modules/@clerk/clerk-react/dist/index.mjs:1941:11)
    at Hoc (webpack-internal:///(app-pages-browser)/./node_modules/@clerk/clerk-react/dist/chunk-THNCS7QR.mjs:84:5)
    at ClerkNextOptionsProvider (webpack-internal:///(app-pages-browser)/./node_modules/@clerk/nextjs/dist/esm/client-boundary/NextOptionsContext.js:17:11)
    at NextClientClerkProvider (webpack-internal:///(app-pages-browser)/./node_modules/@clerk/nextjs/dist/esm/app-router/client/ClerkProvider.js:62:13)
    at ClientClerkProvider (webpack-internal:///(app-pages-browser)/./node_modules/@clerk/nextjs/dist/esm/app-router/client/ClerkProvider.js:135:13)
    at ClerkProvider (Server)
    at body
    at html
    at RootLayout (Server)
    at RedirectErrorBoundary (webpack-internal:///(app-pages-browser)/./node_modules/next/dist/client/components/redirect-boundary.js:74:9)
    at RedirectBoundary (webpack-internal:///(app-pages-browser)/./node_modules/next/dist/client/components/redirect-boundary.js:82:11)
    at NotFoundErrorBoundary (webpack-internal:///(app-pages-browser)/./node_modules/next/dist/client/components/not-found-boundary.js:76:9)
    at NotFoundBoundary (webpack-internal:///(app-pages-browser)/./node_modules/next/dist/client/components/not-found-boundary.js:84:11)
    at DevRootNotFoundBoundary (webpack-internal:///(app-pages-browser)/./node_modules/next/dist/client/components/dev-root-not-found-boundary.js:33:11)
    at ReactDevOverlay (webpack-internal:///(app-pages-browser)/./node_modules/next/dist/client/components/react-dev-overlay/app/ReactDevOverlay.js:87:9)
    at HotReload (webpack-internal:///(app-pages-browser)/./node_modules/next/dist/client/components/react-dev-overlay/app/hot-reloader-client.js:321:11)
    at Router (webpack-internal:///(app-pages-browser)/./node_modules/next/dist/client/components/app-router.js:207:11)
    at ErrorBoundaryHandler (webpack-internal:///(app-pages-browser)/./node_modules/next/dist/client/components/error-boundary.js:113:9)
    at ErrorBoundary (webpack-internal:///(app-pages-browser)/./node_modules/next/dist/client/components/error-boundary.js:160:11)
    at AppRouter (webpack-internal:///(app-pages-browser)/./node_modules/next/dist/client/components/app-router.js:585:13)
    at ServerRoot (webpack-internal:///(app-pages-browser)/./node_modules/next/dist/client/app-index.js:112:27)
    at Root (webpack-internal:///(app-pages-browser)/./node_modules/next/dist/client/app-index.js:117:11)
    at ReactDevOverlay (webpack-internal:///(app-pages-browser)/./node_modules/next/dist/client/components/react-dev-overlay/app/ReactDevOverlay.js:87:9)

React will try to recreate this component tree from scratch using the error boundary you provided, ReactDevOverlay. @ webpack-internal:///(app-pages-browser)/./node_modules/next/dist/client/app-index.js:32
[ 1980383ms] [ERROR] Failed to load resource: the server responded with a status of 400 () @ https://clerk.greentryst.com/v1/client?__clerk_api_version=2025-11-10&_clerk_js_version=5.125.7:0
[ 1980446ms] [ERROR] Failed to load resource: the server responded with a status of 400 () @ https://clerk.greentryst.com/v1/environment?__clerk_api_version=2025-11-10&_clerk_js_version=5.125.7:0
[ 1980447ms] [ERROR] e: Clerk: Production Keys are only allowed for domain "greentryst.com". 
API Error: The Request HTTP Origin header must be equal to or a subdomain of the requesting URL.
    at https://clerk.greentryst.com/npm/@clerk/clerk-js@5/dist/clerk.browser.js:2:7182
    at u._baseFetch (https://clerk.greentryst.com/npm/@clerk/clerk-js@5/dist/clerk.browser.js:3:38)
    at async d.execute (https://clerk.greentryst.com/npm/@clerk/clerk-js@5/dist/clerk.browser.js:2:5226)
    at async s._baseGet (https://clerk.greentryst.com/npm/@clerk/clerk-js@5/dist/clerk.browser.js:3:567)
    at async Promise.all (index 1)
    at async #U (https://clerk.greentryst.com/npm/@clerk/clerk-js@5/dist/clerk.browser.js:5:73541)
    at async e5.load (https://clerk.greentryst.com/npm/@clerk/clerk-js@5/dist/clerk.browser.js:5:34322)
    at async _IsomorphicClerk.loadClerkJS (webpack-internal:///(app-pages-browser)/./node_modules/@clerk/clerk-react/dist/index.mjs:1746:9) @ webpack-internal:///(app-pages-browser)/./node_modules/next/dist/client/app-index.js:32
[ 1983448ms] [WARNING] The resource http://localhost:5001/_next/static/css/app/layout.css?v=1775843224903 was preloaded using link preload but not used within a few seconds from the window's load event. Please make sure it has an appropriate `as` value and it is preloaded intentionally. @ http://localhost:5001/redesign/components:0
[ 1983448ms] [WARNING] The resource http://localhost:5001/_next/static/css/app/redesign/layout.css?v=1775843224903 was preloaded using link preload but not used within a few seconds from the window's load event. Please make sure it has an appropriate `as` value and it is preloaded intentionally. @ http://localhost:5001/redesign/components:0
[ 1983448ms] [WARNING] The resource https://www.googletagmanager.com/gtag/js?id=G-SGMKCB3SRY was preloaded using link preload but not used within a few seconds from the window's load event. Please make sure it has an appropriate `as` value and it is preloaded intentionally. @ http://localhost:5001/redesign/components:0
[ 1988734ms] [LOG] [Fast Refresh] rebuilding @ webpack-internal:///(app-pages-browser)/./node_modules/next/dist/client/components/react-dev-overlay/app/hot-reloader-client.js:186
[ 1989215ms] [WARNING] [Fast Refresh] performing full reload because your application had an unrecoverable error @ webpack-internal:///(app-pages-browser)/./node_modules/next/dist/client/components/react-dev-overlay/app/hot-reloader-client.js:114
[ 1989727ms] [ERROR] Failed to load resource: the server responded with a status of 500 (Internal Server Error) @ http://localhost:5001/redesign/components:0
[ 1989856ms] [INFO] %cDownload the React DevTools for a better development experience: https://reactjs.org/link/react-devtools font-weight:bold @ webpack-internal:///(app-pages-browser)/./node_modules/next/dist/compiled/react-dom/cjs/react-dom.development.js:38559
[ 1989915ms] Error: TryItDemo is not defined
    at ComponentShowcasePage (webpack-internal:///(rsc)/./src/app/redesign/components/page.tsx:924:97)
    at e_ (/Users/knowprajjwal/LearningPlatform/node_modules/next/dist/compiled/next-server/app-page.runtime.dev.js:35:264164)
    at e (/Users/knowprajjwal/LearningPlatform/node_modules/next/dist/compiled/next-server/app-page.runtime.dev.js:35:268296)
    at eF (/Users/knowprajjwal/LearningPlatform/node_modules/next/dist/compiled/next-server/app-page.runtime.dev.js:35:268784)
    at eq (/Users/knowprajjwal/LearningPlatform/node_modules/next/dist/compiled/next-server/app-page.runtime.dev.js:35:274748)
    at ej (/Users/knowprajjwal/LearningPlatform/node_modules/next/dist/compiled/next-server/app-page.runtime.dev.js:35:264992)
    at e_ (/Users/knowprajjwal/LearningPlatform/node_modules/next/dist/compiled/next-server/app-page.runtime.dev.js:35:264034)
    at e (/Users/knowprajjwal/LearningPlatform/node_modules/next/dist/compiled/next-server/app-page.runtime.dev.js:35:268296)
    at eF (/Users/knowprajjwal/LearningPlatform/node_modules/next/dist/compiled/next-server/app-page.runtime.dev.js:35:268784)
    at /Users/knowprajjwal/LearningPlatform/node_modules/next/dist/compiled/next-server/app-page.runtime.dev.js:35:266015
    at Array.toJSON (/Users/knowprajjwal/LearningPlatform/node_modules/next/dist/compiled/next-server/app-page.runtime.dev.js:35:266479)
    at stringify (<anonymous>)
    at eq (/Users/knowprajjwal/LearningPlatform/node_modules/next/dist/compiled/next-server/app-page.runtime.dev.js:35:274847)
    at eJ (/Users/knowprajjwal/LearningPlatform/node_modules/next/dist/compiled/next-server/app-page.runtime.dev.js:35:275365)
    at Timeout._onTimeout (/Users/knowprajjwal/LearningPlatform/node_modules/next/dist/compiled/next-server/app-page.runtime.dev.js:35:265152)
    at listOnTimeout (node:internal/timers:588:17)
    at process.processTimers (node:internal/timers:523:7)
[ 1989918ms] Error: TryItDemo is not defined
    at ComponentShowcasePage (webpack-internal:///(rsc)/./src/app/redesign/components/page.tsx:924:97)
    at e_ (/Users/knowprajjwal/LearningPlatform/node_modules/next/dist/compiled/next-server/app-page.runtime.dev.js:35:264164)
    at e (/Users/knowprajjwal/LearningPlatform/node_modules/next/dist/compiled/next-server/app-page.runtime.dev.js:35:268296)
    at eF (/Users/knowprajjwal/LearningPlatform/node_modules/next/dist/compiled/next-server/app-page.runtime.dev.js:35:268784)
    at eq (/Users/knowprajjwal/LearningPlatform/node_modules/next/dist/compiled/next-server/app-page.runtime.dev.js:35:274748)
    at ej (/Users/knowprajjwal/LearningPlatform/node_modules/next/dist/compiled/next-server/app-page.runtime.dev.js:35:264992)
    at e_ (/Users/knowprajjwal/LearningPlatform/node_modules/next/dist/compiled/next-server/app-page.runtime.dev.js:35:264034)
    at e (/Users/knowprajjwal/LearningPlatform/node_modules/next/dist/compiled/next-server/app-page.runtime.dev.js:35:268296)
    at eF (/Users/knowprajjwal/LearningPlatform/node_modules/next/dist/compiled/next-server/app-page.runtime.dev.js:35:268784)
    at /Users/knowprajjwal/LearningPlatform/node_modules/next/dist/compiled/next-server/app-page.runtime.dev.js:35:266015
    at Array.toJSON (/Users/knowprajjwal/LearningPlatform/node_modules/next/dist/compiled/next-server/app-page.runtime.dev.js:35:266479)
    at stringify (<anonymous>)
    at eq (/Users/knowprajjwal/LearningPlatform/node_modules/next/dist/compiled/next-server/app-page.runtime.dev.js:35:274847)
    at eJ (/Users/knowprajjwal/LearningPlatform/node_modules/next/dist/compiled/next-server/app-page.runtime.dev.js:35:275365)
    at Timeout._onTimeout (/Users/knowprajjwal/LearningPlatform/node_modules/next/dist/compiled/next-server/app-page.runtime.dev.js:35:265152)
    at listOnTimeout (node:internal/timers:588:17)
    at process.processTimers (node:internal/timers:523:7)
[ 1989918ms] Error: TryItDemo is not defined
    at ComponentShowcasePage (webpack-internal:///(rsc)/./src/app/redesign/components/page.tsx:924:97)
    at e_ (/Users/knowprajjwal/LearningPlatform/node_modules/next/dist/compiled/next-server/app-page.runtime.dev.js:35:264164)
    at e (/Users/knowprajjwal/LearningPlatform/node_modules/next/dist/compiled/next-server/app-page.runtime.dev.js:35:268296)
    at eF (/Users/knowprajjwal/LearningPlatform/node_modules/next/dist/compiled/next-server/app-page.runtime.dev.js:35:268784)
    at eq (/Users/knowprajjwal/LearningPlatform/node_modules/next/dist/compiled/next-server/app-page.runtime.dev.js:35:274748)
    at ej (/Users/knowprajjwal/LearningPlatform/node_modules/next/dist/compiled/next-server/app-page.runtime.dev.js:35:264992)
    at e_ (/Users/knowprajjwal/LearningPlatform/node_modules/next/dist/compiled/next-server/app-page.runtime.dev.js:35:264034)
    at e (/Users/knowprajjwal/LearningPlatform/node_modules/next/dist/compiled/next-server/app-page.runtime.dev.js:35:268296)
    at eF (/Users/knowprajjwal/LearningPlatform/node_modules/next/dist/compiled/next-server/app-page.runtime.dev.js:35:268784)
    at /Users/knowprajjwal/LearningPlatform/node_modules/next/dist/compiled/next-server/app-page.runtime.dev.js:35:266015
    at Array.toJSON (/Users/knowprajjwal/LearningPlatform/node_modules/next/dist/compiled/next-server/app-page.runtime.dev.js:35:266479)
    at stringify (<anonymous>)
    at eq (/Users/knowprajjwal/LearningPlatform/node_modules/next/dist/compiled/next-server/app-page.runtime.dev.js:35:274847)
    at eJ (/Users/knowprajjwal/LearningPlatform/node_modules/next/dist/compiled/next-server/app-page.runtime.dev.js:35:275365)
    at Timeout._onTimeout (/Users/knowprajjwal/LearningPlatform/node_modules/next/dist/compiled/next-server/app-page.runtime.dev.js:35:265152)
    at listOnTimeout (node:internal/timers:588:17)
    at process.processTimers (node:internal/timers:523:7)
[ 1989918ms] Error: TryItDemo is not defined
    at ComponentShowcasePage (webpack-internal:///(rsc)/./src/app/redesign/components/page.tsx:924:97)
    at e_ (/Users/knowprajjwal/LearningPlatform/node_modules/next/dist/compiled/next-server/app-page.runtime.dev.js:35:264164)
    at e (/Users/knowprajjwal/LearningPlatform/node_modules/next/dist/compiled/next-server/app-page.runtime.dev.js:35:268296)
    at eF (/Users/knowprajjwal/LearningPlatform/node_modules/next/dist/compiled/next-server/app-page.runtime.dev.js:35:268784)
    at eq (/Users/knowprajjwal/LearningPlatform/node_modules/next/dist/compiled/next-server/app-page.runtime.dev.js:35:274748)
    at ej (/Users/knowprajjwal/LearningPlatform/node_modules/next/dist/compiled/next-server/app-page.runtime.dev.js:35:264992)
    at e_ (/Users/knowprajjwal/LearningPlatform/node_modules/next/dist/compiled/next-server/app-page.runtime.dev.js:35:264034)
    at e (/Users/knowprajjwal/LearningPlatform/node_modules/next/dist/compiled/next-server/app-page.runtime.dev.js:35:268296)
    at eF (/Users/knowprajjwal/LearningPlatform/node_modules/next/dist/compiled/next-server/app-page.runtime.dev.js:35:268784)
    at /Users/knowprajjwal/LearningPlatform/node_modules/next/dist/compiled/next-server/app-page.runtime.dev.js:35:266015
    at Array.toJSON (/Users/knowprajjwal/LearningPlatform/node_modules/next/dist/compiled/next-server/app-page.runtime.dev.js:35:266479)
    at stringify (<anonymous>)
    at eq (/Users/knowprajjwal/LearningPlatform/node_modules/next/dist/compiled/next-server/app-page.runtime.dev.js:35:274847)
    at eJ (/Users/knowprajjwal/LearningPlatform/node_modules/next/dist/compiled/next-server/app-page.runtime.dev.js:35:275365)
    at Timeout._onTimeout (/Users/knowprajjwal/LearningPlatform/node_modules/next/dist/compiled/next-server/app-page.runtime.dev.js:35:265152)
    at listOnTimeout (node:internal/timers:588:17)
    at process.processTimers (node:internal/timers:523:7)
[ 1989918ms] Error: TryItDemo is not defined
    at ComponentShowcasePage (webpack-internal:///(rsc)/./src/app/redesign/components/page.tsx:924:97)
    at e_ (/Users/knowprajjwal/LearningPlatform/node_modules/next/dist/compiled/next-server/app-page.runtime.dev.js:35:264164)
    at e (/Users/knowprajjwal/LearningPlatform/node_modules/next/dist/compiled/next-server/app-page.runtime.dev.js:35:268296)
    at eF (/Users/knowprajjwal/LearningPlatform/node_modules/next/dist/compiled/next-server/app-page.runtime.dev.js:35:268784)
    at eq (/Users/knowprajjwal/LearningPlatform/node_modules/next/dist/compiled/next-server/app-page.runtime.dev.js:35:274748)
    at ej (/Users/knowprajjwal/LearningPlatform/node_modules/next/dist/compiled/next-server/app-page.runtime.dev.js:35:264992)
    at e_ (/Users/knowprajjwal/LearningPlatform/node_modules/next/dist/compiled/next-server/app-page.runtime.dev.js:35:264034)
    at e (/Users/knowprajjwal/LearningPlatform/node_modules/next/dist/compiled/next-server/app-page.runtime.dev.js:35:268296)
    at eF (/Users/knowprajjwal/LearningPlatform/node_modules/next/dist/compiled/next-server/app-page.runtime.dev.js:35:268784)
    at /Users/knowprajjwal/LearningPlatform/node_modules/next/dist/compiled/next-server/app-page.runtime.dev.js:35:266015
    at Array.toJSON (/Users/knowprajjwal/LearningPlatform/node_modules/next/dist/compiled/next-server/app-page.runtime.dev.js:35:266479)
    at stringify (<anonymous>)
    at eq (/Users/knowprajjwal/LearningPlatform/node_modules/next/dist/compiled/next-server/app-page.runtime.dev.js:35:274847)
    at eJ (/Users/knowprajjwal/LearningPlatform/node_modules/next/dist/compiled/next-server/app-page.runtime.dev.js:35:275365)
    at Timeout._onTimeout (/Users/knowprajjwal/LearningPlatform/node_modules/next/dist/compiled/next-server/app-page.runtime.dev.js:35:265152)
    at listOnTimeout (node:internal/timers:588:17)
    at process.processTimers (node:internal/timers:523:7)
[ 1989918ms] Error: TryItDemo is not defined
    at ComponentShowcasePage (webpack-internal:///(rsc)/./src/app/redesign/components/page.tsx:924:97)
    at e_ (/Users/knowprajjwal/LearningPlatform/node_modules/next/dist/compiled/next-server/app-page.runtime.dev.js:35:264164)
    at e (/Users/knowprajjwal/LearningPlatform/node_modules/next/dist/compiled/next-server/app-page.runtime.dev.js:35:268296)
    at eF (/Users/knowprajjwal/LearningPlatform/node_modules/next/dist/compiled/next-server/app-page.runtime.dev.js:35:268784)
    at eq (/Users/knowprajjwal/LearningPlatform/node_modules/next/dist/compiled/next-server/app-page.runtime.dev.js:35:274748)
    at ej (/Users/knowprajjwal/LearningPlatform/node_modules/next/dist/compiled/next-server/app-page.runtime.dev.js:35:264992)
    at e_ (/Users/knowprajjwal/LearningPlatform/node_modules/next/dist/compiled/next-server/app-page.runtime.dev.js:35:264034)
    at e (/Users/knowprajjwal/LearningPlatform/node_modules/next/dist/compiled/next-server/app-page.runtime.dev.js:35:268296)
    at eF (/Users/knowprajjwal/LearningPlatform/node_modules/next/dist/compiled/next-server/app-page.runtime.dev.js:35:268784)
    at /Users/knowprajjwal/LearningPlatform/node_modules/next/dist/compiled/next-server/app-page.runtime.dev.js:35:266015
    at Array.toJSON (/Users/knowprajjwal/LearningPlatform/node_modules/next/dist/compiled/next-server/app-page.runtime.dev.js:35:266479)
    at stringify (<anonymous>)
    at eq (/Users/knowprajjwal/LearningPlatform/node_modules/next/dist/compiled/next-server/app-page.runtime.dev.js:35:274847)
    at eJ (/Users/knowprajjwal/LearningPlatform/node_modules/next/dist/compiled/next-server/app-page.runtime.dev.js:35:275365)
    at Timeout._onTimeout (/Users/knowprajjwal/LearningPlatform/node_modules/next/dist/compiled/next-server/app-page.runtime.dev.js:35:265152)
    at listOnTimeout (node:internal/timers:588:17)
    at process.processTimers (node:internal/timers:523:7)
[ 1989919ms] Error: TryItDemo is not defined
    at ComponentShowcasePage (webpack-internal:///(rsc)/./src/app/redesign/components/page.tsx:924:97)
    at e_ (/Users/knowprajjwal/LearningPlatform/node_modules/next/dist/compiled/next-server/app-page.runtime.dev.js:35:264164)
    at e (/Users/knowprajjwal/LearningPlatform/node_modules/next/dist/compiled/next-server/app-page.runtime.dev.js:35:268296)
    at eF (/Users/knowprajjwal/LearningPlatform/node_modules/next/dist/compiled/next-server/app-page.runtime.dev.js:35:268784)
    at eq (/Users/knowprajjwal/LearningPlatform/node_modules/next/dist/compiled/next-server/app-page.runtime.dev.js:35:274748)
    at ej (/Users/knowprajjwal/LearningPlatform/node_modules/next/dist/compiled/next-server/app-page.runtime.dev.js:35:264992)
    at e_ (/Users/knowprajjwal/LearningPlatform/node_modules/next/dist/compiled/next-server/app-page.runtime.dev.js:35:264034)
    at e (/Users/knowprajjwal/LearningPlatform/node_modules/next/dist/compiled/next-server/app-page.runtime.dev.js:35:268296)
    at eF (/Users/knowprajjwal/LearningPlatform/node_modules/next/dist/compiled/next-server/app-page.runtime.dev.js:35:268784)
    at /Users/knowprajjwal/LearningPlatform/node_modules/next/dist/compiled/next-server/app-page.runtime.dev.js:35:266015
    at Array.toJSON (/Users/knowprajjwal/LearningPlatform/node_modules/next/dist/compiled/next-server/app-page.runtime.dev.js:35:266479)
    at stringify (<anonymous>)
    at eq (/Users/knowprajjwal/LearningPlatform/node_modules/next/dist/compiled/next-server/app-page.runtime.dev.js:35:274847)
    at eJ (/Users/knowprajjwal/LearningPlatform/node_modules/next/dist/compiled/next-server/app-page.runtime.dev.js:35:275365)
    at Timeout._onTimeout (/Users/knowprajjwal/LearningPlatform/node_modules/next/dist/compiled/next-server/app-page.runtime.dev.js:35:265152)
    at listOnTimeout (node:internal/timers:588:17)
    at process.processTimers (node:internal/timers:523:7)
[ 1989920ms] Error: TryItDemo is not defined
    at ComponentShowcasePage (webpack-internal:///(rsc)/./src/app/redesign/components/page.tsx:924:97)
    at e_ (/Users/knowprajjwal/LearningPlatform/node_modules/next/dist/compiled/next-server/app-page.runtime.dev.js:35:264164)
    at e (/Users/knowprajjwal/LearningPlatform/node_modules/next/dist/compiled/next-server/app-page.runtime.dev.js:35:268296)
    at eF (/Users/knowprajjwal/LearningPlatform/node_modules/next/dist/compiled/next-server/app-page.runtime.dev.js:35:268784)
    at eq (/Users/knowprajjwal/LearningPlatform/node_modules/next/dist/compiled/next-server/app-page.runtime.dev.js:35:274748)
    at ej (/Users/knowprajjwal/LearningPlatform/node_modules/next/dist/compiled/next-server/app-page.runtime.dev.js:35:264992)
    at e_ (/Users/knowprajjwal/LearningPlatform/node_modules/next/dist/compiled/next-server/app-page.runtime.dev.js:35:264034)
    at e (/Users/knowprajjwal/LearningPlatform/node_modules/next/dist/compiled/next-server/app-page.runtime.dev.js:35:268296)
    at eF (/Users/knowprajjwal/LearningPlatform/node_modules/next/dist/compiled/next-server/app-page.runtime.dev.js:35:268784)
    at /Users/knowprajjwal/LearningPlatform/node_modules/next/dist/compiled/next-server/app-page.runtime.dev.js:35:266015
    at Array.toJSON (/Users/knowprajjwal/LearningPlatform/node_modules/next/dist/compiled/next-server/app-page.runtime.dev.js:35:266479)
    at stringify (<anonymous>)
    at eq (/Users/knowprajjwal/LearningPlatform/node_modules/next/dist/compiled/next-server/app-page.runtime.dev.js:35:274847)
    at eJ (/Users/knowprajjwal/LearningPlatform/node_modules/next/dist/compiled/next-server/app-page.runtime.dev.js:35:275365)
    at Timeout._onTimeout (/Users/knowprajjwal/LearningPlatform/node_modules/next/dist/compiled/next-server/app-page.runtime.dev.js:35:265152)
    at listOnTimeout (node:internal/timers:588:17)
    at process.processTimers (node:internal/timers:523:7)
[ 1989920ms] Error: TryItDemo is not defined
    at ComponentShowcasePage (webpack-internal:///(rsc)/./src/app/redesign/components/page.tsx:924:97)
    at e_ (/Users/knowprajjwal/LearningPlatform/node_modules/next/dist/compiled/next-server/app-page.runtime.dev.js:35:264164)
    at e (/Users/knowprajjwal/LearningPlatform/node_modules/next/dist/compiled/next-server/app-page.runtime.dev.js:35:268296)
    at eF (/Users/knowprajjwal/LearningPlatform/node_modules/next/dist/compiled/next-server/app-page.runtime.dev.js:35:268784)
    at eq (/Users/knowprajjwal/LearningPlatform/node_modules/next/dist/compiled/next-server/app-page.runtime.dev.js:35:274748)
    at ej (/Users/knowprajjwal/LearningPlatform/node_modules/next/dist/compiled/next-server/app-page.runtime.dev.js:35:264992)
    at e_ (/Users/knowprajjwal/LearningPlatform/node_modules/next/dist/compiled/next-server/app-page.runtime.dev.js:35:264034)
    at e (/Users/knowprajjwal/LearningPlatform/node_modules/next/dist/compiled/next-server/app-page.runtime.dev.js:35:268296)
    at eF (/Users/knowprajjwal/LearningPlatform/node_modules/next/dist/compiled/next-server/app-page.runtime.dev.js:35:268784)
    at /Users/knowprajjwal/LearningPlatform/node_modules/next/dist/compiled/next-server/app-page.runtime.dev.js:35:266015
    at Array.toJSON (/Users/knowprajjwal/LearningPlatform/node_modules/next/dist/compiled/next-server/app-page.runtime.dev.js:35:266479)
    at stringify (<anonymous>)
    at eq (/Users/knowprajjwal/LearningPlatform/node_modules/next/dist/compiled/next-server/app-page.runtime.dev.js:35:274847)
    at eJ (/Users/knowprajjwal/LearningPlatform/node_modules/next/dist/compiled/next-server/app-page.runtime.dev.js:35:275365)
    at Timeout._onTimeout (/Users/knowprajjwal/LearningPlatform/node_modules/next/dist/compiled/next-server/app-page.runtime.dev.js:35:265152)
    at listOnTimeout (node:internal/timers:588:17)
    at process.processTimers (node:internal/timers:523:7)
[ 1989920ms] Error: TryItDemo is not defined
    at ComponentShowcasePage (webpack-internal:///(rsc)/./src/app/redesign/components/page.tsx:924:97)
    at e_ (/Users/knowprajjwal/LearningPlatform/node_modules/next/dist/compiled/next-server/app-page.runtime.dev.js:35:264164)
    at e (/Users/knowprajjwal/LearningPlatform/node_modules/next/dist/compiled/next-server/app-page.runtime.dev.js:35:268296)
    at eF (/Users/knowprajjwal/LearningPlatform/node_modules/next/dist/compiled/next-server/app-page.runtime.dev.js:35:268784)
    at eq (/Users/knowprajjwal/LearningPlatform/node_modules/next/dist/compiled/next-server/app-page.runtime.dev.js:35:274748)
    at ej (/Users/knowprajjwal/LearningPlatform/node_modules/next/dist/compiled/next-server/app-page.runtime.dev.js:35:264992)
    at e_ (/Users/knowprajjwal/LearningPlatform/node_modules/next/dist/compiled/next-server/app-page.runtime.dev.js:35:264034)
    at e (/Users/knowprajjwal/LearningPlatform/node_modules/next/dist/compiled/next-server/app-page.runtime.dev.js:35:268296)
    at eF (/Users/knowprajjwal/LearningPlatform/node_modules/next/dist/compiled/next-server/app-page.runtime.dev.js:35:268784)
    at /Users/knowprajjwal/LearningPlatform/node_modules/next/dist/compiled/next-server/app-page.runtime.dev.js:35:266015
    at Array.toJSON (/Users/knowprajjwal/LearningPlatform/node_modules/next/dist/compiled/next-server/app-page.runtime.dev.js:35:266479)
    at stringify (<anonymous>)
    at eq (/Users/knowprajjwal/LearningPlatform/node_modules/next/dist/compiled/next-server/app-page.runtime.dev.js:35:274847)
    at eJ (/Users/knowprajjwal/LearningPlatform/node_modules/next/dist/compiled/next-server/app-page.runtime.dev.js:35:275365)
    at Timeout._onTimeout (/Users/knowprajjwal/LearningPlatform/node_modules/next/dist/compiled/next-server/app-page.runtime.dev.js:35:265152)
    at listOnTimeout (node:internal/timers:588:17)
    at process.processTimers (node:internal/timers:523:7)
[ 1989920ms] Error: TryItDemo is not defined
    at ComponentShowcasePage (webpack-internal:///(rsc)/./src/app/redesign/components/page.tsx:924:97)
    at e_ (/Users/knowprajjwal/LearningPlatform/node_modules/next/dist/compiled/next-server/app-page.runtime.dev.js:35:264164)
    at e (/Users/knowprajjwal/LearningPlatform/node_modules/next/dist/compiled/next-server/app-page.runtime.dev.js:35:268296)
    at eF (/Users/knowprajjwal/LearningPlatform/node_modules/next/dist/compiled/next-server/app-page.runtime.dev.js:35:268784)
    at eq (/Users/knowprajjwal/LearningPlatform/node_modules/next/dist/compiled/next-server/app-page.runtime.dev.js:35:274748)
    at ej (/Users/knowprajjwal/LearningPlatform/node_modules/next/dist/compiled/next-server/app-page.runtime.dev.js:35:264992)
    at e_ (/Users/knowprajjwal/LearningPlatform/node_modules/next/dist/compiled/next-server/app-page.runtime.dev.js:35:264034)
    at e (/Users/knowprajjwal/LearningPlatform/node_modules/next/dist/compiled/next-server/app-page.runtime.dev.js:35:268296)
    at eF (/Users/knowprajjwal/LearningPlatform/node_modules/next/dist/compiled/next-server/app-page.runtime.dev.js:35:268784)
    at /Users/knowprajjwal/LearningPlatform/node_modules/next/dist/compiled/next-server/app-page.runtime.dev.js:35:266015
    at Array.toJSON (/Users/knowprajjwal/LearningPlatform/node_modules/next/dist/compiled/next-server/app-page.runtime.dev.js:35:266479)
    at stringify (<anonymous>)
    at eq (/Users/knowprajjwal/LearningPlatform/node_modules/next/dist/compiled/next-server/app-page.runtime.dev.js:35:274847)
    at eJ (/Users/knowprajjwal/LearningPlatform/node_modules/next/dist/compiled/next-server/app-page.runtime.dev.js:35:275365)
    at Timeout._onTimeout (/Users/knowprajjwal/LearningPlatform/node_modules/next/dist/compiled/next-server/app-page.runtime.dev.js:35:265152)
    at listOnTimeout (node:internal/timers:588:17)
    at process.processTimers (node:internal/timers:523:7)
[ 1989920ms] Error: TryItDemo is not defined
    at ComponentShowcasePage (webpack-internal:///(rsc)/./src/app/redesign/components/page.tsx:924:97)
    at e_ (/Users/knowprajjwal/LearningPlatform/node_modules/next/dist/compiled/next-server/app-page.runtime.dev.js:35:264164)
    at e (/Users/knowprajjwal/LearningPlatform/node_modules/next/dist/compiled/next-server/app-page.runtime.dev.js:35:268296)
    at eF (/Users/knowprajjwal/LearningPlatform/node_modules/next/dist/compiled/next-server/app-page.runtime.dev.js:35:268784)
    at eq (/Users/knowprajjwal/LearningPlatform/node_modules/next/dist/compiled/next-server/app-page.runtime.dev.js:35:274748)
    at ej (/Users/knowprajjwal/LearningPlatform/node_modules/next/dist/compiled/next-server/app-page.runtime.dev.js:35:264992)
    at e_ (/Users/knowprajjwal/LearningPlatform/node_modules/next/dist/compiled/next-server/app-page.runtime.dev.js:35:264034)
    at e (/Users/knowprajjwal/LearningPlatform/node_modules/next/dist/compiled/next-server/app-page.runtime.dev.js:35:268296)
    at eF (/Users/knowprajjwal/LearningPlatform/node_modules/next/dist/compiled/next-server/app-page.runtime.dev.js:35:268784)
    at /Users/knowprajjwal/LearningPlatform/node_modules/next/dist/compiled/next-server/app-page.runtime.dev.js:35:266015
    at Array.toJSON (/Users/knowprajjwal/LearningPlatform/node_modules/next/dist/compiled/next-server/app-page.runtime.dev.js:35:266479)
    at stringify (<anonymous>)
    at eq (/Users/knowprajjwal/LearningPlatform/node_modules/next/dist/compiled/next-server/app-page.runtime.dev.js:35:274847)
    at eJ (/Users/knowprajjwal/LearningPlatform/node_modules/next/dist/compiled/next-server/app-page.runtime.dev.js:35:275365)
    at Timeout._onTimeout (/Users/knowprajjwal/LearningPlatform/node_modules/next/dist/compiled/next-server/app-page.runtime.dev.js:35:265152)
    at listOnTimeout (node:internal/timers:588:17)
    at process.processTimers (node:internal/timers:523:7)
[ 1989920ms] Error: TryItDemo is not defined
    at ComponentShowcasePage (webpack-internal:///(rsc)/./src/app/redesign/components/page.tsx:924:97)
    at e_ (/Users/knowprajjwal/LearningPlatform/node_modules/next/dist/compiled/next-server/app-page.runtime.dev.js:35:264164)
    at e (/Users/knowprajjwal/LearningPlatform/node_modules/next/dist/compiled/next-server/app-page.runtime.dev.js:35:268296)
    at eF (/Users/knowprajjwal/LearningPlatform/node_modules/next/dist/compiled/next-server/app-page.runtime.dev.js:35:268784)
    at eq (/Users/knowprajjwal/LearningPlatform/node_modules/next/dist/compiled/next-server/app-page.runtime.dev.js:35:274748)
    at ej (/Users/knowprajjwal/LearningPlatform/node_modules/next/dist/compiled/next-server/app-page.runtime.dev.js:35:264992)
    at e_ (/Users/knowprajjwal/LearningPlatform/node_modules/next/dist/compiled/next-server/app-page.runtime.dev.js:35:264034)
    at e (/Users/knowprajjwal/LearningPlatform/node_modules/next/dist/compiled/next-server/app-page.runtime.dev.js:35:268296)
    at eF (/Users/knowprajjwal/LearningPlatform/node_modules/next/dist/compiled/next-server/app-page.runtime.dev.js:35:268784)
    at /Users/knowprajjwal/LearningPlatform/node_modules/next/dist/compiled/next-server/app-page.runtime.dev.js:35:266015
    at Array.toJSON (/Users/knowprajjwal/LearningPlatform/node_modules/next/dist/compiled/next-server/app-page.runtime.dev.js:35:266479)
    at stringify (<anonymous>)
    at eq (/Users/knowprajjwal/LearningPlatform/node_modules/next/dist/compiled/next-server/app-page.runtime.dev.js:35:274847)
    at eJ (/Users/knowprajjwal/LearningPlatform/node_modules/next/dist/compiled/next-server/app-page.runtime.dev.js:35:275365)
    at Timeout._onTimeout (/Users/knowprajjwal/LearningPlatform/node_modules/next/dist/compiled/next-server/app-page.runtime.dev.js:35:265152)
    at listOnTimeout (node:internal/timers:588:17)
    at process.processTimers (node:internal/timers:523:7)
[ 1989920ms] Error: TryItDemo is not defined
    at ComponentShowcasePage (webpack-internal:///(rsc)/./src/app/redesign/components/page.tsx:924:97)
    at e_ (/Users/knowprajjwal/LearningPlatform/node_modules/next/dist/compiled/next-server/app-page.runtime.dev.js:35:264164)
    at e (/Users/knowprajjwal/LearningPlatform/node_modules/next/dist/compiled/next-server/app-page.runtime.dev.js:35:268296)
    at eF (/Users/knowprajjwal/LearningPlatform/node_modules/next/dist/compiled/next-server/app-page.runtime.dev.js:35:268784)
    at eq (/Users/knowprajjwal/LearningPlatform/node_modules/next/dist/compiled/next-server/app-page.runtime.dev.js:35:274748)
    at ej (/Users/knowprajjwal/LearningPlatform/node_modules/next/dist/compiled/next-server/app-page.runtime.dev.js:35:264992)
    at e_ (/Users/knowprajjwal/LearningPlatform/node_modules/next/dist/compiled/next-server/app-page.runtime.dev.js:35:264034)
    at e (/Users/knowprajjwal/LearningPlatform/node_modules/next/dist/compiled/next-server/app-page.runtime.dev.js:35:268296)
    at eF (/Users/knowprajjwal/LearningPlatform/node_modules/next/dist/compiled/next-server/app-page.runtime.dev.js:35:268784)
    at /Users/knowprajjwal/LearningPlatform/node_modules/next/dist/compiled/next-server/app-page.runtime.dev.js:35:266015
    at Array.toJSON (/Users/knowprajjwal/LearningPlatform/node_modules/next/dist/compiled/next-server/app-page.runtime.dev.js:35:266479)
    at stringify (<anonymous>)
    at eq (/Users/knowprajjwal/LearningPlatform/node_modules/next/dist/compiled/next-server/app-page.runtime.dev.js:35:274847)
    at eJ (/Users/knowprajjwal/LearningPlatform/node_modules/next/dist/compiled/next-server/app-page.runtime.dev.js:35:275365)
    at Timeout._onTimeout (/Users/knowprajjwal/LearningPlatform/node_modules/next/dist/compiled/next-server/app-page.runtime.dev.js:35:265152)
    at listOnTimeout (node:internal/timers:588:17)
    at process.processTimers (node:internal/timers:523:7)
[ 1989921ms] [ERROR] The above error occurred in the <NotFoundErrorBoundary> component:

    at InnerLayoutRouter (webpack-internal:///(app-pages-browser)/./node_modules/next/dist/client/components/layout-router.js:243:11)
    at RedirectErrorBoundary (webpack-internal:///(app-pages-browser)/./node_modules/next/dist/client/components/redirect-boundary.js:74:9)
    at RedirectBoundary (webpack-internal:///(app-pages-browser)/./node_modules/next/dist/client/components/redirect-boundary.js:82:11)
    at NotFoundBoundary (webpack-internal:///(app-pages-browser)/./node_modules/next/dist/client/components/not-found-boundary.js:84:11)
    at LoadingBoundary (webpack-internal:///(app-pages-browser)/./node_modules/next/dist/client/components/layout-router.js:349:11)
    at ErrorBoundary (webpack-internal:///(app-pages-browser)/./node_modules/next/dist/client/components/error-boundary.js:160:11)
    at InnerScrollAndFocusHandler (webpack-internal:///(app-pages-browser)/./node_modules/next/dist/client/components/layout-router.js:153:9)
    at ScrollAndFocusHandler (webpack-internal:///(app-pages-browser)/./node_modules/next/dist/client/components/layout-router.js:228:11)
    at RenderFromTemplateContext (webpack-internal:///(app-pages-browser)/./node_modules/next/dist/client/components/render-from-template-context.js:16:44)
    at OuterLayoutRouter (webpack-internal:///(app-pages-browser)/./node_modules/next/dist/client/components/layout-router.js:370:11)
    at InnerLayoutRouter (webpack-internal:///(app-pages-browser)/./node_modules/next/dist/client/components/layout-router.js:243:11)
    at RedirectErrorBoundary (webpack-internal:///(app-pages-browser)/./node_modules/next/dist/client/components/redirect-boundary.js:74:9)
    at RedirectBoundary (webpack-internal:///(app-pages-browser)/./node_modules/next/dist/client/components/redirect-boundary.js:82:11)
    at NotFoundBoundary (webpack-internal:///(app-pages-browser)/./node_modules/next/dist/client/components/not-found-boundary.js:84:11)
    at LoadingBoundary (webpack-internal:///(app-pages-browser)/./node_modules/next/dist/client/components/layout-router.js:349:11)
    at ErrorBoundary (webpack-internal:///(app-pages-browser)/./node_modules/next/dist/client/components/error-boundary.js:160:11)
    at InnerScrollAndFocusHandler (webpack-internal:///(app-pages-browser)/./node_modules/next/dist/client/components/layout-router.js:153:9)
    at ScrollAndFocusHandler (webpack-internal:///(app-pages-browser)/./node_modules/next/dist/client/components/layout-router.js:228:11)
    at RenderFromTemplateContext (webpack-internal:///(app-pages-browser)/./node_modules/next/dist/client/components/render-from-template-context.js:16:44)
    at OuterLayoutRouter (webpack-internal:///(app-pages-browser)/./node_modules/next/dist/client/components/layout-router.js:370:11)
    at div
    at RedesignLayout (Server)
    at InnerLayoutRouter (webpack-internal:///(app-pages-browser)/./node_modules/next/dist/client/components/layout-router.js:243:11)
    at RedirectErrorBoundary (webpack-internal:///(app-pages-browser)/./node_modules/next/dist/client/components/redirect-boundary.js:74:9)
    at RedirectBoundary (webpack-internal:///(app-pages-browser)/./node_modules/next/dist/client/components/redirect-boundary.js:82:11)
    at NotFoundErrorBoundary (webpack-internal:///(app-pages-browser)/./node_modules/next/dist/client/components/not-found-boundary.js:76:9)
    at NotFoundBoundary (webpack-internal:///(app-pages-browser)/./node_modules/next/dist/client/components/not-found-boundary.js:84:11)
    at LoadingBoundary (webpack-internal:///(app-pages-browser)/./node_modules/next/dist/client/components/layout-router.js:349:11)
    at ErrorBoundary (webpack-internal:///(app-pages-browser)/./node_modules/next/dist/client/components/error-boundary.js:160:11)
    at InnerScrollAndFocusHandler (webpack-internal:///(app-pages-browser)/./node_modules/next/dist/client/components/layout-router.js:153:9)
    at ScrollAndFocusHandler (webpack-internal:///(app-pages-browser)/./node_modules/next/dist/client/components/layout-router.js:228:11)
    at RenderFromTemplateContext (webpack-internal:///(app-pages-browser)/./node_modules/next/dist/client/components/render-from-template-context.js:16:44)
    at OuterLayoutRouter (webpack-internal:///(app-pages-browser)/./node_modules/next/dist/client/components/layout-router.js:370:11)
    at __experimental_CheckoutProvider (webpack-internal:///(app-pages-browser)/./node_modules/@clerk/shared/dist/runtime/react/index.mjs:136:44)
    at SWRConfig (webpack-internal:///(app-pages-browser)/./node_modules/swr/dist/_internal/config-context-client-BoS53ST9.mjs:554:13)
    at SWRConfigCompat (webpack-internal:///(app-pages-browser)/./node_modules/@clerk/shared/dist/runtime/react/index.mjs:124:28)
    at OrganizationProvider (webpack-internal:///(app-pages-browser)/./node_modules/@clerk/shared/dist/runtime/react/index.mjs:148:33)
    at ClerkContextProvider (webpack-internal:///(app-pages-browser)/./node_modules/@clerk/clerk-react/dist/index.mjs:1849:11)
    at ClerkProviderBase (webpack-internal:///(app-pages-browser)/./node_modules/@clerk/clerk-react/dist/index.mjs:1941:11)
    at Hoc (webpack-internal:///(app-pages-browser)/./node_modules/@clerk/clerk-react/dist/chunk-THNCS7QR.mjs:84:5)
    at ClerkNextOptionsProvider (webpack-internal:///(app-pages-browser)/./node_modules/@clerk/nextjs/dist/esm/client-boundary/NextOptionsContext.js:17:11)
    at NextClientClerkProvider (webpack-internal:///(app-pages-browser)/./node_modules/@clerk/nextjs/dist/esm/app-router/client/ClerkProvider.js:62:13)
    at ClientClerkProvider (webpack-internal:///(app-pages-browser)/./node_modules/@clerk/nextjs/dist/esm/app-router/client/ClerkProvider.js:135:13)
    at ClerkProvider (Server)
    at body
    at html
    at RootLayout (Server)
    at RedirectErrorBoundary (webpack-internal:///(app-pages-browser)/./node_modules/next/dist/client/components/redirect-boundary.js:74:9)
    at RedirectBoundary (webpack-internal:///(app-pages-browser)/./node_modules/next/dist/client/components/redirect-boundary.js:82:11)
    at NotFoundErrorBoundary (webpack-internal:///(app-pages-browser)/./node_modules/next/dist/client/components/not-found-boundary.js:76:9)
    at NotFoundBoundary (webpack-internal:///(app-pages-browser)/./node_modules/next/dist/client/components/not-found-boundary.js:84:11)
    at DevRootNotFoundBoundary (webpack-internal:///(app-pages-browser)/./node_modules/next/dist/client/components/dev-root-not-found-boundary.js:33:11)
    at ReactDevOverlay (webpack-internal:///(app-pages-browser)/./node_modules/next/dist/client/components/react-dev-overlay/app/ReactDevOverlay.js:87:9)
    at HotReload (webpack-internal:///(app-pages-browser)/./node_modules/next/dist/client/components/react-dev-overlay/app/hot-reloader-client.js:321:11)
    at Router (webpack-internal:///(app-pages-browser)/./node_modules/next/dist/client/components/app-router.js:207:11)
    at ErrorBoundaryHandler (webpack-internal:///(app-pages-browser)/./node_modules/next/dist/client/components/error-boundary.js:113:9)
    at ErrorBoundary (webpack-internal:///(app-pages-browser)/./node_modules/next/dist/client/components/error-boundary.js:160:11)
    at AppRouter (webpack-internal:///(app-pages-browser)/./node_modules/next/dist/client/components/app-router.js:585:13)
    at ServerRoot (webpack-internal:///(app-pages-browser)/./node_modules/next/dist/client/app-index.js:112:27)
    at Root (webpack-internal:///(app-pages-browser)/./node_modules/next/dist/client/app-index.js:117:11)
    at ReactDevOverlay (webpack-internal:///(app-pages-browser)/./node_modules/next/dist/client/components/react-dev-overlay/app/ReactDevOverlay.js:87:9)

React will try to recreate this component tree from scratch using the error boundary you provided, ReactDevOverlay. @ webpack-internal:///(app-pages-browser)/./node_modules/next/dist/client/app-index.js:32
[ 1990336ms] [ERROR] Failed to load resource: the server responded with a status of 400 () @ https://clerk.greentryst.com/v1/client?__clerk_api_version=2025-11-10&_clerk_js_version=5.125.7:0
[ 1990373ms] [ERROR] Failed to load resource: the server responded with a status of 400 () @ https://clerk.greentryst.com/v1/environment?__clerk_api_version=2025-11-10&_clerk_js_version=5.125.7:0
[ 1990375ms] [ERROR] e: Clerk: Production Keys are only allowed for domain "greentryst.com". 
API Error: The Request HTTP Origin header must be equal to or a subdomain of the requesting URL.
    at https://clerk.greentryst.com/npm/@clerk/clerk-js@5/dist/clerk.browser.js:2:7182
    at u._baseFetch (https://clerk.greentryst.com/npm/@clerk/clerk-js@5/dist/clerk.browser.js:3:38)
    at async d.execute (https://clerk.greentryst.com/npm/@clerk/clerk-js@5/dist/clerk.browser.js:2:5226)
    at async s._baseGet (https://clerk.greentryst.com/npm/@clerk/clerk-js@5/dist/clerk.browser.js:3:567)
    at async Promise.all (index 1)
    at async #U (https://clerk.greentryst.com/npm/@clerk/clerk-js@5/dist/clerk.browser.js:5:73541)
    at async e5.load (https://clerk.greentryst.com/npm/@clerk/clerk-js@5/dist/clerk.browser.js:5:34322)
    at async _IsomorphicClerk.loadClerkJS (webpack-internal:///(app-pages-browser)/./node_modules/@clerk/clerk-react/dist/index.mjs:1746:9) @ webpack-internal:///(app-pages-browser)/./node_modules/next/dist/client/app-index.js:32
[ 1993376ms] [WARNING] The resource https://www.googletagmanager.com/gtag/js?id=G-SGMKCB3SRY was preloaded using link preload but not used within a few seconds from the window's load event. Please make sure it has an appropriate `as` value and it is preloaded intentionally. @ http://localhost:5001/redesign/components:0
[ 1993376ms] [WARNING] The resource http://localhost:5001/_next/static/css/app/layout.css?v=1775843235026 was preloaded using link preload but not used within a few seconds from the window's load event. Please make sure it has an appropriate `as` value and it is preloaded intentionally. @ http://localhost:5001/redesign/components:0
[ 1993376ms] [WARNING] The resource http://localhost:5001/_next/static/css/app/redesign/layout.css?v=1775843235026 was preloaded using link preload but not used within a few seconds from the window's load event. Please make sure it has an appropriate `as` value and it is preloaded intentionally. @ http://localhost:5001/redesign/components:0
[ 1998974ms] [LOG] [Fast Refresh] rebuilding @ webpack-internal:///(app-pages-browser)/./node_modules/next/dist/client/components/react-dev-overlay/app/hot-reloader-client.js:186
[ 2000015ms] [WARNING] [Fast Refresh] performing full reload because your application had an unrecoverable error @ webpack-internal:///(app-pages-browser)/./node_modules/next/dist/client/components/react-dev-overlay/app/hot-reloader-client.js:114
[ 2000506ms] [ERROR] Failed to load resource: the server responded with a status of 500 (Internal Server Error) @ http://localhost:5001/redesign/components:0
[ 2000648ms] [INFO] %cDownload the React DevTools for a better development experience: https://reactjs.org/link/react-devtools font-weight:bold @ webpack-internal:///(app-pages-browser)/./node_modules/next/dist/compiled/react-dom/cjs/react-dom.development.js:38559
[ 2000730ms] Error: TryItDemo is not defined
    at ComponentShowcasePage (webpack-internal:///(rsc)/./src/app/redesign/components/page.tsx:924:97)
    at e_ (/Users/knowprajjwal/LearningPlatform/node_modules/next/dist/compiled/next-server/app-page.runtime.dev.js:35:264164)
    at e (/Users/knowprajjwal/LearningPlatform/node_modules/next/dist/compiled/next-server/app-page.runtime.dev.js:35:268296)
    at eF (/Users/knowprajjwal/LearningPlatform/node_modules/next/dist/compiled/next-server/app-page.runtime.dev.js:35:268784)
    at eq (/Users/knowprajjwal/LearningPlatform/node_modules/next/dist/compiled/next-server/app-page.runtime.dev.js:35:274748)
    at ej (/Users/knowprajjwal/LearningPlatform/node_modules/next/dist/compiled/next-server/app-page.runtime.dev.js:35:264992)
    at e_ (/Users/knowprajjwal/LearningPlatform/node_modules/next/dist/compiled/next-server/app-page.runtime.dev.js:35:264034)
    at e (/Users/knowprajjwal/LearningPlatform/node_modules/next/dist/compiled/next-server/app-page.runtime.dev.js:35:268296)
    at eF (/Users/knowprajjwal/LearningPlatform/node_modules/next/dist/compiled/next-server/app-page.runtime.dev.js:35:268784)
    at /Users/knowprajjwal/LearningPlatform/node_modules/next/dist/compiled/next-server/app-page.runtime.dev.js:35:266015
    at Array.toJSON (/Users/knowprajjwal/LearningPlatform/node_modules/next/dist/compiled/next-server/app-page.runtime.dev.js:35:266479)
    at stringify (<anonymous>)
    at eq (/Users/knowprajjwal/LearningPlatform/node_modules/next/dist/compiled/next-server/app-page.runtime.dev.js:35:274847)
    at eJ (/Users/knowprajjwal/LearningPlatform/node_modules/next/dist/compiled/next-server/app-page.runtime.dev.js:35:275365)
    at Timeout._onTimeout (/Users/knowprajjwal/LearningPlatform/node_modules/next/dist/compiled/next-server/app-page.runtime.dev.js:35:265152)
    at listOnTimeout (node:internal/timers:588:17)
    at process.processTimers (node:internal/timers:523:7)
[ 2000733ms] Error: TryItDemo is not defined
    at ComponentShowcasePage (webpack-internal:///(rsc)/./src/app/redesign/components/page.tsx:924:97)
    at e_ (/Users/knowprajjwal/LearningPlatform/node_modules/next/dist/compiled/next-server/app-page.runtime.dev.js:35:264164)
    at e (/Users/knowprajjwal/LearningPlatform/node_modules/next/dist/compiled/next-server/app-page.runtime.dev.js:35:268296)
    at eF (/Users/knowprajjwal/LearningPlatform/node_modules/next/dist/compiled/next-server/app-page.runtime.dev.js:35:268784)
    at eq (/Users/knowprajjwal/LearningPlatform/node_modules/next/dist/compiled/next-server/app-page.runtime.dev.js:35:274748)
    at ej (/Users/knowprajjwal/LearningPlatform/node_modules/next/dist/compiled/next-server/app-page.runtime.dev.js:35:264992)
    at e_ (/Users/knowprajjwal/LearningPlatform/node_modules/next/dist/compiled/next-server/app-page.runtime.dev.js:35:264034)
    at e (/Users/knowprajjwal/LearningPlatform/node_modules/next/dist/compiled/next-server/app-page.runtime.dev.js:35:268296)
    at eF (/Users/knowprajjwal/LearningPlatform/node_modules/next/dist/compiled/next-server/app-page.runtime.dev.js:35:268784)
    at /Users/knowprajjwal/LearningPlatform/node_modules/next/dist/compiled/next-server/app-page.runtime.dev.js:35:266015
    at Array.toJSON (/Users/knowprajjwal/LearningPlatform/node_modules/next/dist/compiled/next-server/app-page.runtime.dev.js:35:266479)
    at stringify (<anonymous>)
    at eq (/Users/knowprajjwal/LearningPlatform/node_modules/next/dist/compiled/next-server/app-page.runtime.dev.js:35:274847)
    at eJ (/Users/knowprajjwal/LearningPlatform/node_modules/next/dist/compiled/next-server/app-page.runtime.dev.js:35:275365)
    at Timeout._onTimeout (/Users/knowprajjwal/LearningPlatform/node_modules/next/dist/compiled/next-server/app-page.runtime.dev.js:35:265152)
    at listOnTimeout (node:internal/timers:588:17)
    at process.processTimers (node:internal/timers:523:7)
[ 2000733ms] Error: TryItDemo is not defined
    at ComponentShowcasePage (webpack-internal:///(rsc)/./src/app/redesign/components/page.tsx:924:97)
    at e_ (/Users/knowprajjwal/LearningPlatform/node_modules/next/dist/compiled/next-server/app-page.runtime.dev.js:35:264164)
    at e (/Users/knowprajjwal/LearningPlatform/node_modules/next/dist/compiled/next-server/app-page.runtime.dev.js:35:268296)
    at eF (/Users/knowprajjwal/LearningPlatform/node_modules/next/dist/compiled/next-server/app-page.runtime.dev.js:35:268784)
    at eq (/Users/knowprajjwal/LearningPlatform/node_modules/next/dist/compiled/next-server/app-page.runtime.dev.js:35:274748)
    at ej (/Users/knowprajjwal/LearningPlatform/node_modules/next/dist/compiled/next-server/app-page.runtime.dev.js:35:264992)
    at e_ (/Users/knowprajjwal/LearningPlatform/node_modules/next/dist/compiled/next-server/app-page.runtime.dev.js:35:264034)
    at e (/Users/knowprajjwal/LearningPlatform/node_modules/next/dist/compiled/next-server/app-page.runtime.dev.js:35:268296)
    at eF (/Users/knowprajjwal/LearningPlatform/node_modules/next/dist/compiled/next-server/app-page.runtime.dev.js:35:268784)
    at /Users/knowprajjwal/LearningPlatform/node_modules/next/dist/compiled/next-server/app-page.runtime.dev.js:35:266015
    at Array.toJSON (/Users/knowprajjwal/LearningPlatform/node_modules/next/dist/compiled/next-server/app-page.runtime.dev.js:35:266479)
    at stringify (<anonymous>)
    at eq (/Users/knowprajjwal/LearningPlatform/node_modules/next/dist/compiled/next-server/app-page.runtime.dev.js:35:274847)
    at eJ (/Users/knowprajjwal/LearningPlatform/node_modules/next/dist/compiled/next-server/app-page.runtime.dev.js:35:275365)
    at Timeout._onTimeout (/Users/knowprajjwal/LearningPlatform/node_modules/next/dist/compiled/next-server/app-page.runtime.dev.js:35:265152)
    at listOnTimeout (node:internal/timers:588:17)
    at process.processTimers (node:internal/timers:523:7)
[ 2000734ms] Error: TryItDemo is not defined
    at ComponentShowcasePage (webpack-internal:///(rsc)/./src/app/redesign/components/page.tsx:924:97)
    at e_ (/Users/knowprajjwal/LearningPlatform/node_modules/next/dist/compiled/next-server/app-page.runtime.dev.js:35:264164)
    at e (/Users/knowprajjwal/LearningPlatform/node_modules/next/dist/compiled/next-server/app-page.runtime.dev.js:35:268296)
    at eF (/Users/knowprajjwal/LearningPlatform/node_modules/next/dist/compiled/next-server/app-page.runtime.dev.js:35:268784)
    at eq (/Users/knowprajjwal/LearningPlatform/node_modules/next/dist/compiled/next-server/app-page.runtime.dev.js:35:274748)
    at ej (/Users/knowprajjwal/LearningPlatform/node_modules/next/dist/compiled/next-server/app-page.runtime.dev.js:35:264992)
    at e_ (/Users/knowprajjwal/LearningPlatform/node_modules/next/dist/compiled/next-server/app-page.runtime.dev.js:35:264034)
    at e (/Users/knowprajjwal/LearningPlatform/node_modules/next/dist/compiled/next-server/app-page.runtime.dev.js:35:268296)
    at eF (/Users/knowprajjwal/LearningPlatform/node_modules/next/dist/compiled/next-server/app-page.runtime.dev.js:35:268784)
    at /Users/knowprajjwal/LearningPlatform/node_modules/next/dist/compiled/next-server/app-page.runtime.dev.js:35:266015
    at Array.toJSON (/Users/knowprajjwal/LearningPlatform/node_modules/next/dist/compiled/next-server/app-page.runtime.dev.js:35:266479)
    at stringify (<anonymous>)
    at eq (/Users/knowprajjwal/LearningPlatform/node_modules/next/dist/compiled/next-server/app-page.runtime.dev.js:35:274847)
    at eJ (/Users/knowprajjwal/LearningPlatform/node_modules/next/dist/compiled/next-server/app-page.runtime.dev.js:35:275365)
    at Timeout._onTimeout (/Users/knowprajjwal/LearningPlatform/node_modules/next/dist/compiled/next-server/app-page.runtime.dev.js:35:265152)
    at listOnTimeout (node:internal/timers:588:17)
    at process.processTimers (node:internal/timers:523:7)
[ 2000734ms] Error: TryItDemo is not defined
    at ComponentShowcasePage (webpack-internal:///(rsc)/./src/app/redesign/components/page.tsx:924:97)
    at e_ (/Users/knowprajjwal/LearningPlatform/node_modules/next/dist/compiled/next-server/app-page.runtime.dev.js:35:264164)
    at e (/Users/knowprajjwal/LearningPlatform/node_modules/next/dist/compiled/next-server/app-page.runtime.dev.js:35:268296)
    at eF (/Users/knowprajjwal/LearningPlatform/node_modules/next/dist/compiled/next-server/app-page.runtime.dev.js:35:268784)
    at eq (/Users/knowprajjwal/LearningPlatform/node_modules/next/dist/compiled/next-server/app-page.runtime.dev.js:35:274748)
    at ej (/Users/knowprajjwal/LearningPlatform/node_modules/next/dist/compiled/next-server/app-page.runtime.dev.js:35:264992)
    at e_ (/Users/knowprajjwal/LearningPlatform/node_modules/next/dist/compiled/next-server/app-page.runtime.dev.js:35:264034)
    at e (/Users/knowprajjwal/LearningPlatform/node_modules/next/dist/compiled/next-server/app-page.runtime.dev.js:35:268296)
    at eF (/Users/knowprajjwal/LearningPlatform/node_modules/next/dist/compiled/next-server/app-page.runtime.dev.js:35:268784)
    at /Users/knowprajjwal/LearningPlatform/node_modules/next/dist/compiled/next-server/app-page.runtime.dev.js:35:266015
    at Array.toJSON (/Users/knowprajjwal/LearningPlatform/node_modules/next/dist/compiled/next-server/app-page.runtime.dev.js:35:266479)
    at stringify (<anonymous>)
    at eq (/Users/knowprajjwal/LearningPlatform/node_modules/next/dist/compiled/next-server/app-page.runtime.dev.js:35:274847)
    at eJ (/Users/knowprajjwal/LearningPlatform/node_modules/next/dist/compiled/next-server/app-page.runtime.dev.js:35:275365)
    at Timeout._onTimeout (/Users/knowprajjwal/LearningPlatform/node_modules/next/dist/compiled/next-server/app-page.runtime.dev.js:35:265152)
    at listOnTimeout (node:internal/timers:588:17)
    at process.processTimers (node:internal/timers:523:7)
[ 2000734ms] Error: TryItDemo is not defined
    at ComponentShowcasePage (webpack-internal:///(rsc)/./src/app/redesign/components/page.tsx:924:97)
    at e_ (/Users/knowprajjwal/LearningPlatform/node_modules/next/dist/compiled/next-server/app-page.runtime.dev.js:35:264164)
    at e (/Users/knowprajjwal/LearningPlatform/node_modules/next/dist/compiled/next-server/app-page.runtime.dev.js:35:268296)
    at eF (/Users/knowprajjwal/LearningPlatform/node_modules/next/dist/compiled/next-server/app-page.runtime.dev.js:35:268784)
    at eq (/Users/knowprajjwal/LearningPlatform/node_modules/next/dist/compiled/next-server/app-page.runtime.dev.js:35:274748)
    at ej (/Users/knowprajjwal/LearningPlatform/node_modules/next/dist/compiled/next-server/app-page.runtime.dev.js:35:264992)
    at e_ (/Users/knowprajjwal/LearningPlatform/node_modules/next/dist/compiled/next-server/app-page.runtime.dev.js:35:264034)
    at e (/Users/knowprajjwal/LearningPlatform/node_modules/next/dist/compiled/next-server/app-page.runtime.dev.js:35:268296)
    at eF (/Users/knowprajjwal/LearningPlatform/node_modules/next/dist/compiled/next-server/app-page.runtime.dev.js:35:268784)
    at /Users/knowprajjwal/LearningPlatform/node_modules/next/dist/compiled/next-server/app-page.runtime.dev.js:35:266015
    at Array.toJSON (/Users/knowprajjwal/LearningPlatform/node_modules/next/dist/compiled/next-server/app-page.runtime.dev.js:35:266479)
    at stringify (<anonymous>)
    at eq (/Users/knowprajjwal/LearningPlatform/node_modules/next/dist/compiled/next-server/app-page.runtime.dev.js:35:274847)
    at eJ (/Users/knowprajjwal/LearningPlatform/node_modules/next/dist/compiled/next-server/app-page.runtime.dev.js:35:275365)
    at Timeout._onTimeout (/Users/knowprajjwal/LearningPlatform/node_modules/next/dist/compiled/next-server/app-page.runtime.dev.js:35:265152)
    at listOnTimeout (node:internal/timers:588:17)
    at process.processTimers (node:internal/timers:523:7)
[ 2000734ms] Error: TryItDemo is not defined
    at ComponentShowcasePage (webpack-internal:///(rsc)/./src/app/redesign/components/page.tsx:924:97)
    at e_ (/Users/knowprajjwal/LearningPlatform/node_modules/next/dist/compiled/next-server/app-page.runtime.dev.js:35:264164)
    at e (/Users/knowprajjwal/LearningPlatform/node_modules/next/dist/compiled/next-server/app-page.runtime.dev.js:35:268296)
    at eF (/Users/knowprajjwal/LearningPlatform/node_modules/next/dist/compiled/next-server/app-page.runtime.dev.js:35:268784)
    at eq (/Users/knowprajjwal/LearningPlatform/node_modules/next/dist/compiled/next-server/app-page.runtime.dev.js:35:274748)
    at ej (/Users/knowprajjwal/LearningPlatform/node_modules/next/dist/compiled/next-server/app-page.runtime.dev.js:35:264992)
    at e_ (/Users/knowprajjwal/LearningPlatform/node_modules/next/dist/compiled/next-server/app-page.runtime.dev.js:35:264034)
    at e (/Users/knowprajjwal/LearningPlatform/node_modules/next/dist/compiled/next-server/app-page.runtime.dev.js:35:268296)
    at eF (/Users/knowprajjwal/LearningPlatform/node_modules/next/dist/compiled/next-server/app-page.runtime.dev.js:35:268784)
    at /Users/knowprajjwal/LearningPlatform/node_modules/next/dist/compiled/next-server/app-page.runtime.dev.js:35:266015
    at Array.toJSON (/Users/knowprajjwal/LearningPlatform/node_modules/next/dist/compiled/next-server/app-page.runtime.dev.js:35:266479)
    at stringify (<anonymous>)
    at eq (/Users/knowprajjwal/LearningPlatform/node_modules/next/dist/compiled/next-server/app-page.runtime.dev.js:35:274847)
    at eJ (/Users/knowprajjwal/LearningPlatform/node_modules/next/dist/compiled/next-server/app-page.runtime.dev.js:35:275365)
    at Timeout._onTimeout (/Users/knowprajjwal/LearningPlatform/node_modules/next/dist/compiled/next-server/app-page.runtime.dev.js:35:265152)
    at listOnTimeout (node:internal/timers:588:17)
    at process.processTimers (node:internal/timers:523:7)
[ 2000736ms] Error: TryItDemo is not defined
    at ComponentShowcasePage (webpack-internal:///(rsc)/./src/app/redesign/components/page.tsx:924:97)
    at e_ (/Users/knowprajjwal/LearningPlatform/node_modules/next/dist/compiled/next-server/app-page.runtime.dev.js:35:264164)
    at e (/Users/knowprajjwal/LearningPlatform/node_modules/next/dist/compiled/next-server/app-page.runtime.dev.js:35:268296)
    at eF (/Users/knowprajjwal/LearningPlatform/node_modules/next/dist/compiled/next-server/app-page.runtime.dev.js:35:268784)
    at eq (/Users/knowprajjwal/LearningPlatform/node_modules/next/dist/compiled/next-server/app-page.runtime.dev.js:35:274748)
    at ej (/Users/knowprajjwal/LearningPlatform/node_modules/next/dist/compiled/next-server/app-page.runtime.dev.js:35:264992)
    at e_ (/Users/knowprajjwal/LearningPlatform/node_modules/next/dist/compiled/next-server/app-page.runtime.dev.js:35:264034)
    at e (/Users/knowprajjwal/LearningPlatform/node_modules/next/dist/compiled/next-server/app-page.runtime.dev.js:35:268296)
    at eF (/Users/knowprajjwal/LearningPlatform/node_modules/next/dist/compiled/next-server/app-page.runtime.dev.js:35:268784)
    at /Users/knowprajjwal/LearningPlatform/node_modules/next/dist/compiled/next-server/app-page.runtime.dev.js:35:266015
    at Array.toJSON (/Users/knowprajjwal/LearningPlatform/node_modules/next/dist/compiled/next-server/app-page.runtime.dev.js:35:266479)
    at stringify (<anonymous>)
    at eq (/Users/knowprajjwal/LearningPlatform/node_modules/next/dist/compiled/next-server/app-page.runtime.dev.js:35:274847)
    at eJ (/Users/knowprajjwal/LearningPlatform/node_modules/next/dist/compiled/next-server/app-page.runtime.dev.js:35:275365)
    at Timeout._onTimeout (/Users/knowprajjwal/LearningPlatform/node_modules/next/dist/compiled/next-server/app-page.runtime.dev.js:35:265152)
    at listOnTimeout (node:internal/timers:588:17)
    at process.processTimers (node:internal/timers:523:7)
[ 2000736ms] Error: TryItDemo is not defined
    at ComponentShowcasePage (webpack-internal:///(rsc)/./src/app/redesign/components/page.tsx:924:97)
    at e_ (/Users/knowprajjwal/LearningPlatform/node_modules/next/dist/compiled/next-server/app-page.runtime.dev.js:35:264164)
    at e (/Users/knowprajjwal/LearningPlatform/node_modules/next/dist/compiled/next-server/app-page.runtime.dev.js:35:268296)
    at eF (/Users/knowprajjwal/LearningPlatform/node_modules/next/dist/compiled/next-server/app-page.runtime.dev.js:35:268784)
    at eq (/Users/knowprajjwal/LearningPlatform/node_modules/next/dist/compiled/next-server/app-page.runtime.dev.js:35:274748)
    at ej (/Users/knowprajjwal/LearningPlatform/node_modules/next/dist/compiled/next-server/app-page.runtime.dev.js:35:264992)
    at e_ (/Users/knowprajjwal/LearningPlatform/node_modules/next/dist/compiled/next-server/app-page.runtime.dev.js:35:264034)
    at e (/Users/knowprajjwal/LearningPlatform/node_modules/next/dist/compiled/next-server/app-page.runtime.dev.js:35:268296)
    at eF (/Users/knowprajjwal/LearningPlatform/node_modules/next/dist/compiled/next-server/app-page.runtime.dev.js:35:268784)
    at /Users/knowprajjwal/LearningPlatform/node_modules/next/dist/compiled/next-server/app-page.runtime.dev.js:35:266015
    at Array.toJSON (/Users/knowprajjwal/LearningPlatform/node_modules/next/dist/compiled/next-server/app-page.runtime.dev.js:35:266479)
    at stringify (<anonymous>)
    at eq (/Users/knowprajjwal/LearningPlatform/node_modules/next/dist/compiled/next-server/app-page.runtime.dev.js:35:274847)
    at eJ (/Users/knowprajjwal/LearningPlatform/node_modules/next/dist/compiled/next-server/app-page.runtime.dev.js:35:275365)
    at Timeout._onTimeout (/Users/knowprajjwal/LearningPlatform/node_modules/next/dist/compiled/next-server/app-page.runtime.dev.js:35:265152)
    at listOnTimeout (node:internal/timers:588:17)
    at process.processTimers (node:internal/timers:523:7)
[ 2000736ms] Error: TryItDemo is not defined
    at ComponentShowcasePage (webpack-internal:///(rsc)/./src/app/redesign/components/page.tsx:924:97)
    at e_ (/Users/knowprajjwal/LearningPlatform/node_modules/next/dist/compiled/next-server/app-page.runtime.dev.js:35:264164)
    at e (/Users/knowprajjwal/LearningPlatform/node_modules/next/dist/compiled/next-server/app-page.runtime.dev.js:35:268296)
    at eF (/Users/knowprajjwal/LearningPlatform/node_modules/next/dist/compiled/next-server/app-page.runtime.dev.js:35:268784)
    at eq (/Users/knowprajjwal/LearningPlatform/node_modules/next/dist/compiled/next-server/app-page.runtime.dev.js:35:274748)
    at ej (/Users/knowprajjwal/LearningPlatform/node_modules/next/dist/compiled/next-server/app-page.runtime.dev.js:35:264992)
    at e_ (/Users/knowprajjwal/LearningPlatform/node_modules/next/dist/compiled/next-server/app-page.runtime.dev.js:35:264034)
    at e (/Users/knowprajjwal/LearningPlatform/node_modules/next/dist/compiled/next-server/app-page.runtime.dev.js:35:268296)
    at eF (/Users/knowprajjwal/LearningPlatform/node_modules/next/dist/compiled/next-server/app-page.runtime.dev.js:35:268784)
    at /Users/knowprajjwal/LearningPlatform/node_modules/next/dist/compiled/next-server/app-page.runtime.dev.js:35:266015
    at Array.toJSON (/Users/knowprajjwal/LearningPlatform/node_modules/next/dist/compiled/next-server/app-page.runtime.dev.js:35:266479)
    at stringify (<anonymous>)
    at eq (/Users/knowprajjwal/LearningPlatform/node_modules/next/dist/compiled/next-server/app-page.runtime.dev.js:35:274847)
    at eJ (/Users/knowprajjwal/LearningPlatform/node_modules/next/dist/compiled/next-server/app-page.runtime.dev.js:35:275365)
    at Timeout._onTimeout (/Users/knowprajjwal/LearningPlatform/node_modules/next/dist/compiled/next-server/app-page.runtime.dev.js:35:265152)
    at listOnTimeout (node:internal/timers:588:17)
    at process.processTimers (node:internal/timers:523:7)
[ 2000736ms] Error: TryItDemo is not defined
    at ComponentShowcasePage (webpack-internal:///(rsc)/./src/app/redesign/components/page.tsx:924:97)
    at e_ (/Users/knowprajjwal/LearningPlatform/node_modules/next/dist/compiled/next-server/app-page.runtime.dev.js:35:264164)
    at e (/Users/knowprajjwal/LearningPlatform/node_modules/next/dist/compiled/next-server/app-page.runtime.dev.js:35:268296)
    at eF (/Users/knowprajjwal/LearningPlatform/node_modules/next/dist/compiled/next-server/app-page.runtime.dev.js:35:268784)
    at eq (/Users/knowprajjwal/LearningPlatform/node_modules/next/dist/compiled/next-server/app-page.runtime.dev.js:35:274748)
    at ej (/Users/knowprajjwal/LearningPlatform/node_modules/next/dist/compiled/next-server/app-page.runtime.dev.js:35:264992)
    at e_ (/Users/knowprajjwal/LearningPlatform/node_modules/next/dist/compiled/next-server/app-page.runtime.dev.js:35:264034)
    at e (/Users/knowprajjwal/LearningPlatform/node_modules/next/dist/compiled/next-server/app-page.runtime.dev.js:35:268296)
    at eF (/Users/knowprajjwal/LearningPlatform/node_modules/next/dist/compiled/next-server/app-page.runtime.dev.js:35:268784)
    at /Users/knowprajjwal/LearningPlatform/node_modules/next/dist/compiled/next-server/app-page.runtime.dev.js:35:266015
    at Array.toJSON (/Users/knowprajjwal/LearningPlatform/node_modules/next/dist/compiled/next-server/app-page.runtime.dev.js:35:266479)
    at stringify (<anonymous>)
    at eq (/Users/knowprajjwal/LearningPlatform/node_modules/next/dist/compiled/next-server/app-page.runtime.dev.js:35:274847)
    at eJ (/Users/knowprajjwal/LearningPlatform/node_modules/next/dist/compiled/next-server/app-page.runtime.dev.js:35:275365)
    at Timeout._onTimeout (/Users/knowprajjwal/LearningPlatform/node_modules/next/dist/compiled/next-server/app-page.runtime.dev.js:35:265152)
    at listOnTimeout (node:internal/timers:588:17)
    at process.processTimers (node:internal/timers:523:7)
[ 2000736ms] Error: TryItDemo is not defined
    at ComponentShowcasePage (webpack-internal:///(rsc)/./src/app/redesign/components/page.tsx:924:97)
    at e_ (/Users/knowprajjwal/LearningPlatform/node_modules/next/dist/compiled/next-server/app-page.runtime.dev.js:35:264164)
    at e (/Users/knowprajjwal/LearningPlatform/node_modules/next/dist/compiled/next-server/app-page.runtime.dev.js:35:268296)
    at eF (/Users/knowprajjwal/LearningPlatform/node_modules/next/dist/compiled/next-server/app-page.runtime.dev.js:35:268784)
    at eq (/Users/knowprajjwal/LearningPlatform/node_modules/next/dist/compiled/next-server/app-page.runtime.dev.js:35:274748)
    at ej (/Users/knowprajjwal/LearningPlatform/node_modules/next/dist/compiled/next-server/app-page.runtime.dev.js:35:264992)
    at e_ (/Users/knowprajjwal/LearningPlatform/node_modules/next/dist/compiled/next-server/app-page.runtime.dev.js:35:264034)
    at e (/Users/knowprajjwal/LearningPlatform/node_modules/next/dist/compiled/next-server/app-page.runtime.dev.js:35:268296)
    at eF (/Users/knowprajjwal/LearningPlatform/node_modules/next/dist/compiled/next-server/app-page.runtime.dev.js:35:268784)
    at /Users/knowprajjwal/LearningPlatform/node_modules/next/dist/compiled/next-server/app-page.runtime.dev.js:35:266015
    at Array.toJSON (/Users/knowprajjwal/LearningPlatform/node_modules/next/dist/compiled/next-server/app-page.runtime.dev.js:35:266479)
    at stringify (<anonymous>)
    at eq (/Users/knowprajjwal/LearningPlatform/node_modules/next/dist/compiled/next-server/app-page.runtime.dev.js:35:274847)
    at eJ (/Users/knowprajjwal/LearningPlatform/node_modules/next/dist/compiled/next-server/app-page.runtime.dev.js:35:275365)
    at Timeout._onTimeout (/Users/knowprajjwal/LearningPlatform/node_modules/next/dist/compiled/next-server/app-page.runtime.dev.js:35:265152)
    at listOnTimeout (node:internal/timers:588:17)
    at process.processTimers (node:internal/timers:523:7)
[ 2000736ms] Error: TryItDemo is not defined
    at ComponentShowcasePage (webpack-internal:///(rsc)/./src/app/redesign/components/page.tsx:924:97)
    at e_ (/Users/knowprajjwal/LearningPlatform/node_modules/next/dist/compiled/next-server/app-page.runtime.dev.js:35:264164)
    at e (/Users/knowprajjwal/LearningPlatform/node_modules/next/dist/compiled/next-server/app-page.runtime.dev.js:35:268296)
    at eF (/Users/knowprajjwal/LearningPlatform/node_modules/next/dist/compiled/next-server/app-page.runtime.dev.js:35:268784)
    at eq (/Users/knowprajjwal/LearningPlatform/node_modules/next/dist/compiled/next-server/app-page.runtime.dev.js:35:274748)
    at ej (/Users/knowprajjwal/LearningPlatform/node_modules/next/dist/compiled/next-server/app-page.runtime.dev.js:35:264992)
    at e_ (/Users/knowprajjwal/LearningPlatform/node_modules/next/dist/compiled/next-server/app-page.runtime.dev.js:35:264034)
    at e (/Users/knowprajjwal/LearningPlatform/node_modules/next/dist/compiled/next-server/app-page.runtime.dev.js:35:268296)
    at eF (/Users/knowprajjwal/LearningPlatform/node_modules/next/dist/compiled/next-server/app-page.runtime.dev.js:35:268784)
    at /Users/knowprajjwal/LearningPlatform/node_modules/next/dist/compiled/next-server/app-page.runtime.dev.js:35:266015
    at Array.toJSON (/Users/knowprajjwal/LearningPlatform/node_modules/next/dist/compiled/next-server/app-page.runtime.dev.js:35:266479)
    at stringify (<anonymous>)
    at eq (/Users/knowprajjwal/LearningPlatform/node_modules/next/dist/compiled/next-server/app-page.runtime.dev.js:35:274847)
    at eJ (/Users/knowprajjwal/LearningPlatform/node_modules/next/dist/compiled/next-server/app-page.runtime.dev.js:35:275365)
    at Timeout._onTimeout (/Users/knowprajjwal/LearningPlatform/node_modules/next/dist/compiled/next-server/app-page.runtime.dev.js:35:265152)
    at listOnTimeout (node:internal/timers:588:17)
    at process.processTimers (node:internal/timers:523:7)
[ 2000737ms] Error: TryItDemo is not defined
    at ComponentShowcasePage (webpack-internal:///(rsc)/./src/app/redesign/components/page.tsx:924:97)
    at e_ (/Users/knowprajjwal/LearningPlatform/node_modules/next/dist/compiled/next-server/app-page.runtime.dev.js:35:264164)
    at e (/Users/knowprajjwal/LearningPlatform/node_modules/next/dist/compiled/next-server/app-page.runtime.dev.js:35:268296)
    at eF (/Users/knowprajjwal/LearningPlatform/node_modules/next/dist/compiled/next-server/app-page.runtime.dev.js:35:268784)
    at eq (/Users/knowprajjwal/LearningPlatform/node_modules/next/dist/compiled/next-server/app-page.runtime.dev.js:35:274748)
    at ej (/Users/knowprajjwal/LearningPlatform/node_modules/next/dist/compiled/next-server/app-page.runtime.dev.js:35:264992)
    at e_ (/Users/knowprajjwal/LearningPlatform/node_modules/next/dist/compiled/next-server/app-page.runtime.dev.js:35:264034)
    at e (/Users/knowprajjwal/LearningPlatform/node_modules/next/dist/compiled/next-server/app-page.runtime.dev.js:35:268296)
    at eF (/Users/knowprajjwal/LearningPlatform/node_modules/next/dist/compiled/next-server/app-page.runtime.dev.js:35:268784)
    at /Users/knowprajjwal/LearningPlatform/node_modules/next/dist/compiled/next-server/app-page.runtime.dev.js:35:266015
    at Array.toJSON (/Users/knowprajjwal/LearningPlatform/node_modules/next/dist/compiled/next-server/app-page.runtime.dev.js:35:266479)
    at stringify (<anonymous>)
    at eq (/Users/knowprajjwal/LearningPlatform/node_modules/next/dist/compiled/next-server/app-page.runtime.dev.js:35:274847)
    at eJ (/Users/knowprajjwal/LearningPlatform/node_modules/next/dist/compiled/next-server/app-page.runtime.dev.js:35:275365)
    at Timeout._onTimeout (/Users/knowprajjwal/LearningPlatform/node_modules/next/dist/compiled/next-server/app-page.runtime.dev.js:35:265152)
    at listOnTimeout (node:internal/timers:588:17)
    at process.processTimers (node:internal/timers:523:7)
[ 2000738ms] [ERROR] The above error occurred in the <NotFoundErrorBoundary> component:

    at InnerLayoutRouter (webpack-internal:///(app-pages-browser)/./node_modules/next/dist/client/components/layout-router.js:243:11)
    at RedirectErrorBoundary (webpack-internal:///(app-pages-browser)/./node_modules/next/dist/client/components/redirect-boundary.js:74:9)
    at RedirectBoundary (webpack-internal:///(app-pages-browser)/./node_modules/next/dist/client/components/redirect-boundary.js:82:11)
    at NotFoundBoundary (webpack-internal:///(app-pages-browser)/./node_modules/next/dist/client/components/not-found-boundary.js:84:11)
    at LoadingBoundary (webpack-internal:///(app-pages-browser)/./node_modules/next/dist/client/components/layout-router.js:349:11)
    at ErrorBoundary (webpack-internal:///(app-pages-browser)/./node_modules/next/dist/client/components/error-boundary.js:160:11)
    at InnerScrollAndFocusHandler (webpack-internal:///(app-pages-browser)/./node_modules/next/dist/client/components/layout-router.js:153:9)
    at ScrollAndFocusHandler (webpack-internal:///(app-pages-browser)/./node_modules/next/dist/client/components/layout-router.js:228:11)
    at RenderFromTemplateContext (webpack-internal:///(app-pages-browser)/./node_modules/next/dist/client/components/render-from-template-context.js:16:44)
    at OuterLayoutRouter (webpack-internal:///(app-pages-browser)/./node_modules/next/dist/client/components/layout-router.js:370:11)
    at InnerLayoutRouter (webpack-internal:///(app-pages-browser)/./node_modules/next/dist/client/components/layout-router.js:243:11)
    at RedirectErrorBoundary (webpack-internal:///(app-pages-browser)/./node_modules/next/dist/client/components/redirect-boundary.js:74:9)
    at RedirectBoundary (webpack-internal:///(app-pages-browser)/./node_modules/next/dist/client/components/redirect-boundary.js:82:11)
    at NotFoundBoundary (webpack-internal:///(app-pages-browser)/./node_modules/next/dist/client/components/not-found-boundary.js:84:11)
    at LoadingBoundary (webpack-internal:///(app-pages-browser)/./node_modules/next/dist/client/components/layout-router.js:349:11)
    at ErrorBoundary (webpack-internal:///(app-pages-browser)/./node_modules/next/dist/client/components/error-boundary.js:160:11)
    at InnerScrollAndFocusHandler (webpack-internal:///(app-pages-browser)/./node_modules/next/dist/client/components/layout-router.js:153:9)
    at ScrollAndFocusHandler (webpack-internal:///(app-pages-browser)/./node_modules/next/dist/client/components/layout-router.js:228:11)
    at RenderFromTemplateContext (webpack-internal:///(app-pages-browser)/./node_modules/next/dist/client/components/render-from-template-context.js:16:44)
    at OuterLayoutRouter (webpack-internal:///(app-pages-browser)/./node_modules/next/dist/client/components/layout-router.js:370:11)
    at div
    at RedesignLayout (Server)
    at InnerLayoutRouter (webpack-internal:///(app-pages-browser)/./node_modules/next/dist/client/components/layout-router.js:243:11)
    at RedirectErrorBoundary (webpack-internal:///(app-pages-browser)/./node_modules/next/dist/client/components/redirect-boundary.js:74:9)
    at RedirectBoundary (webpack-internal:///(app-pages-browser)/./node_modules/next/dist/client/components/redirect-boundary.js:82:11)
    at NotFoundErrorBoundary (webpack-internal:///(app-pages-browser)/./node_modules/next/dist/client/components/not-found-boundary.js:76:9)
    at NotFoundBoundary (webpack-internal:///(app-pages-browser)/./node_modules/next/dist/client/components/not-found-boundary.js:84:11)
    at LoadingBoundary (webpack-internal:///(app-pages-browser)/./node_modules/next/dist/client/components/layout-router.js:349:11)
    at ErrorBoundary (webpack-internal:///(app-pages-browser)/./node_modules/next/dist/client/components/error-boundary.js:160:11)
    at InnerScrollAndFocusHandler (webpack-internal:///(app-pages-browser)/./node_modules/next/dist/client/components/layout-router.js:153:9)
    at ScrollAndFocusHandler (webpack-internal:///(app-pages-browser)/./node_modules/next/dist/client/components/layout-router.js:228:11)
    at RenderFromTemplateContext (webpack-internal:///(app-pages-browser)/./node_modules/next/dist/client/components/render-from-template-context.js:16:44)
    at OuterLayoutRouter (webpack-internal:///(app-pages-browser)/./node_modules/next/dist/client/components/layout-router.js:370:11)
    at __experimental_CheckoutProvider (webpack-internal:///(app-pages-browser)/./node_modules/@clerk/shared/dist/runtime/react/index.mjs:136:44)
    at SWRConfig (webpack-internal:///(app-pages-browser)/./node_modules/swr/dist/_internal/config-context-client-BoS53ST9.mjs:554:13)
    at SWRConfigCompat (webpack-internal:///(app-pages-browser)/./node_modules/@clerk/shared/dist/runtime/react/index.mjs:124:28)
    at OrganizationProvider (webpack-internal:///(app-pages-browser)/./node_modules/@clerk/shared/dist/runtime/react/index.mjs:148:33)
    at ClerkContextProvider (webpack-internal:///(app-pages-browser)/./node_modules/@clerk/clerk-react/dist/index.mjs:1849:11)
    at ClerkProviderBase (webpack-internal:///(app-pages-browser)/./node_modules/@clerk/clerk-react/dist/index.mjs:1941:11)
    at Hoc (webpack-internal:///(app-pages-browser)/./node_modules/@clerk/clerk-react/dist/chunk-THNCS7QR.mjs:84:5)
    at ClerkNextOptionsProvider (webpack-internal:///(app-pages-browser)/./node_modules/@clerk/nextjs/dist/esm/client-boundary/NextOptionsContext.js:17:11)
    at NextClientClerkProvider (webpack-internal:///(app-pages-browser)/./node_modules/@clerk/nextjs/dist/esm/app-router/client/ClerkProvider.js:62:13)
    at ClientClerkProvider (webpack-internal:///(app-pages-browser)/./node_modules/@clerk/nextjs/dist/esm/app-router/client/ClerkProvider.js:135:13)
    at ClerkProvider (Server)
    at body
    at html
    at RootLayout (Server)
    at RedirectErrorBoundary (webpack-internal:///(app-pages-browser)/./node_modules/next/dist/client/components/redirect-boundary.js:74:9)
    at RedirectBoundary (webpack-internal:///(app-pages-browser)/./node_modules/next/dist/client/components/redirect-boundary.js:82:11)
    at NotFoundErrorBoundary (webpack-internal:///(app-pages-browser)/./node_modules/next/dist/client/components/not-found-boundary.js:76:9)
    at NotFoundBoundary (webpack-internal:///(app-pages-browser)/./node_modules/next/dist/client/components/not-found-boundary.js:84:11)
    at DevRootNotFoundBoundary (webpack-internal:///(app-pages-browser)/./node_modules/next/dist/client/components/dev-root-not-found-boundary.js:33:11)
    at ReactDevOverlay (webpack-internal:///(app-pages-browser)/./node_modules/next/dist/client/components/react-dev-overlay/app/ReactDevOverlay.js:87:9)
    at HotReload (webpack-internal:///(app-pages-browser)/./node_modules/next/dist/client/components/react-dev-overlay/app/hot-reloader-client.js:321:11)
    at Router (webpack-internal:///(app-pages-browser)/./node_modules/next/dist/client/components/app-router.js:207:11)
    at ErrorBoundaryHandler (webpack-internal:///(app-pages-browser)/./node_modules/next/dist/client/components/error-boundary.js:113:9)
    at ErrorBoundary (webpack-internal:///(app-pages-browser)/./node_modules/next/dist/client/components/error-boundary.js:160:11)
    at AppRouter (webpack-internal:///(app-pages-browser)/./node_modules/next/dist/client/components/app-router.js:585:13)
    at ServerRoot (webpack-internal:///(app-pages-browser)/./node_modules/next/dist/client/app-index.js:112:27)
    at Root (webpack-internal:///(app-pages-browser)/./node_modules/next/dist/client/app-index.js:117:11)
    at ReactDevOverlay (webpack-internal:///(app-pages-browser)/./node_modules/next/dist/client/components/react-dev-overlay/app/ReactDevOverlay.js:87:9)

React will try to recreate this component tree from scratch using the error boundary you provided, ReactDevOverlay. @ webpack-internal:///(app-pages-browser)/./node_modules/next/dist/client/app-index.js:32
[ 2001230ms] [ERROR] Failed to load resource: the server responded with a status of 400 () @ https://clerk.greentryst.com/v1/client?__clerk_api_version=2025-11-10&_clerk_js_version=5.125.7:0
[ 2001231ms] [ERROR] Failed to load resource: the server responded with a status of 400 () @ https://clerk.greentryst.com/v1/environment?__clerk_api_version=2025-11-10&_clerk_js_version=5.125.7:0
[ 2001231ms] [ERROR] e: Clerk: Production Keys are only allowed for domain "greentryst.com". 
API Error: The Request HTTP Origin header must be equal to or a subdomain of the requesting URL.
    at https://clerk.greentryst.com/npm/@clerk/clerk-js@5/dist/clerk.browser.js:2:7182
    at u._baseFetch (https://clerk.greentryst.com/npm/@clerk/clerk-js@5/dist/clerk.browser.js:3:38)
    at async d.execute (https://clerk.greentryst.com/npm/@clerk/clerk-js@5/dist/clerk.browser.js:2:5226)
    at async s._baseGet (https://clerk.greentryst.com/npm/@clerk/clerk-js@5/dist/clerk.browser.js:3:567)
    at async Promise.all (index 1)
    at async #U (https://clerk.greentryst.com/npm/@clerk/clerk-js@5/dist/clerk.browser.js:5:73541)
    at async e5.load (https://clerk.greentryst.com/npm/@clerk/clerk-js@5/dist/clerk.browser.js:5:34322)
    at async _IsomorphicClerk.loadClerkJS (webpack-internal:///(app-pages-browser)/./node_modules/@clerk/clerk-react/dist/index.mjs:1746:9) @ webpack-internal:///(app-pages-browser)/./node_modules/next/dist/client/app-index.js:32
[ 2004233ms] [WARNING] The resource http://localhost:5001/_next/static/css/app/redesign/layout.css?v=1775843245804 was preloaded using link preload but not used within a few seconds from the window's load event. Please make sure it has an appropriate `as` value and it is preloaded intentionally. @ http://localhost:5001/redesign/components:0
[ 2004233ms] [WARNING] The resource http://localhost:5001/_next/static/css/app/layout.css?v=1775843245804 was preloaded using link preload but not used within a few seconds from the window's load event. Please make sure it has an appropriate `as` value and it is preloaded intentionally. @ http://localhost:5001/redesign/components:0
[ 2004233ms] [WARNING] The resource https://www.googletagmanager.com/gtag/js?id=G-SGMKCB3SRY was preloaded using link preload but not used within a few seconds from the window's load event. Please make sure it has an appropriate `as` value and it is preloaded intentionally. @ http://localhost:5001/redesign/components:0
[ 2009287ms] [LOG] [Fast Refresh] rebuilding @ webpack-internal:///(app-pages-browser)/./node_modules/next/dist/client/components/react-dev-overlay/app/hot-reloader-client.js:186
[ 2009712ms] [WARNING] [Fast Refresh] performing full reload because your application had an unrecoverable error @ webpack-internal:///(app-pages-browser)/./node_modules/next/dist/client/components/react-dev-overlay/app/hot-reloader-client.js:114
[ 2010392ms] [INFO] %cDownload the React DevTools for a better development experience: https://reactjs.org/link/react-devtools font-weight:bold @ webpack-internal:///(app-pages-browser)/./node_modules/next/dist/compiled/react-dom/cjs/react-dom.development.js:38559
[ 2011147ms] [ERROR] Failed to load resource: the server responded with a status of 400 () @ https://clerk.greentryst.com/v1/client?__clerk_api_version=2025-11-10&_clerk_js_version=5.125.7:0
[ 2011149ms] [ERROR] Failed to load resource: the server responded with a status of 400 () @ https://clerk.greentryst.com/v1/environment?__clerk_api_version=2025-11-10&_clerk_js_version=5.125.7:0
[ 2011150ms] [ERROR] e: Clerk: Production Keys are only allowed for domain "greentryst.com". 
API Error: The Request HTTP Origin header must be equal to or a subdomain of the requesting URL.
    at https://clerk.greentryst.com/npm/@clerk/clerk-js@5/dist/clerk.browser.js:2:7182
    at u._baseFetch (https://clerk.greentryst.com/npm/@clerk/clerk-js@5/dist/clerk.browser.js:3:38)
    at async d.execute (https://clerk.greentryst.com/npm/@clerk/clerk-js@5/dist/clerk.browser.js:2:5226)
    at async s._baseGet (https://clerk.greentryst.com/npm/@clerk/clerk-js@5/dist/clerk.browser.js:3:567)
    at async Promise.all (index 1)
    at async #U (https://clerk.greentryst.com/npm/@clerk/clerk-js@5/dist/clerk.browser.js:5:73541)
    at async e5.load (https://clerk.greentryst.com/npm/@clerk/clerk-js@5/dist/clerk.browser.js:5:34322)
    at async _IsomorphicClerk.loadClerkJS (webpack-internal:///(app-pages-browser)/./node_modules/@clerk/clerk-react/dist/index.mjs:1746:9) @ webpack-internal:///(app-pages-browser)/./node_modules/next/dist/client/app-index.js:32
[ 2012937ms] [ERROR] Failed to load resource: the server responded with a status of 400 () @ https://clerk.greentryst.com/v1/client?__clerk_api_version=2025-11-10&_clerk_js_version=5.125.7:0
[ 2012938ms] [ERROR] Failed to load resource: the server responded with a status of 400 () @ https://clerk.greentryst.com/v1/environment?__clerk_api_version=2025-11-10&_clerk_js_version=5.125.7:0
[ 2012939ms] [ERROR] e: Clerk: Production Keys are only allowed for domain "greentryst.com". 
API Error: The Request HTTP Origin header must be equal to or a subdomain of the requesting URL.
    at https://clerk.greentryst.com/npm/@clerk/clerk-js@5/dist/clerk.browser.js:2:7182
    at u._baseFetch (https://clerk.greentryst.com/npm/@clerk/clerk-js@5/dist/clerk.browser.js:3:38)
    at async d.execute (https://clerk.greentryst.com/npm/@clerk/clerk-js@5/dist/clerk.browser.js:2:5226)
    at async s._baseGet (https://clerk.greentryst.com/npm/@clerk/clerk-js@5/dist/clerk.browser.js:3:567)
    at async Promise.all (index 1)
    at async #U (https://clerk.greentryst.com/npm/@clerk/clerk-js@5/dist/clerk.browser.js:5:73541)
    at async e5.load (https://clerk.greentryst.com/npm/@clerk/clerk-js@5/dist/clerk.browser.js:5:34322)
    at async _IsomorphicClerk.loadClerkJS (webpack-internal:///(app-pages-browser)/./node_modules/@clerk/clerk-react/dist/index.mjs:1746:9) @ webpack-internal:///(app-pages-browser)/./node_modules/next/dist/client/app-index.js:32
[ 2022192ms] [LOG] [Fast Refresh] rebuilding @ webpack-internal:///(app-pages-browser)/./node_modules/next/dist/client/components/react-dev-overlay/app/hot-reloader-client.js:186
[ 2022592ms] [LOG] [Fast Refresh] done in 401ms @ webpack-internal:///(app-pages-browser)/./node_modules/next/dist/client/components/react-dev-overlay/app/hot-reloader-client.js:43
