[     473ms] [INFO] %cDownload the React DevTools for a better development experience: https://reactjs.org/link/react-devtools font-weight:bold @ webpack-internal:///(app-pages-browser)/./node_modules/next/dist/compiled/react-dom/cjs/react-dom.development.js:38559
[    1058ms] [ERROR] Failed to load resource: the server responded with a status of 400 () @ https://clerk.greentryst.com/v1/client?__clerk_api_version=2025-11-10&_clerk_js_version=5.125.7:0
[    1058ms] [ERROR] Failed to load resource: the server responded with a status of 400 () @ https://clerk.greentryst.com/v1/environment?__clerk_api_version=2025-11-10&_clerk_js_version=5.125.7:0
[    1061ms] [ERROR] e: Clerk: Production Keys are only allowed for domain "greentryst.com". 
API Error: The Request HTTP Origin header must be equal to or a subdomain of the requesting URL.
    at https://clerk.greentryst.com/npm/@clerk/clerk-js@5/dist/clerk.browser.js:2:7182
    at u._baseFetch (https://clerk.greentryst.com/npm/@clerk/clerk-js@5/dist/clerk.browser.js:3:38)
    at async d.execute (https://clerk.greentryst.com/npm/@clerk/clerk-js@5/dist/clerk.browser.js:2:5226)
    at async s._baseGet (https://clerk.greentryst.com/npm/@clerk/clerk-js@5/dist/clerk.browser.js:3:567)
    at async Promise.all (index 1)
    at async #U (https://clerk.greentryst.com/npm/@clerk/clerk-js@5/dist/clerk.browser.js:5:73541)
    at async e5.load (https://clerk.greentryst.com/npm/@clerk/clerk-js@5/dist/clerk.browser.js:5:34322)
    at async _IsomorphicClerk.loadClerkJS (webpack-internal:///(app-pages-browser)/./node_modules/@clerk/clerk-react/dist/index.mjs:1746:9) @ webpack-internal:///(app-pages-browser)/./node_modules/next/dist/client/app-index.js:32
[    1387ms] [ERROR] Failed to load resource: the server responded with a status of 400 () @ https://clerk.greentryst.com/v1/client?__clerk_api_version=2025-11-10&_clerk_js_version=5.125.7:0
[    1403ms] [ERROR] Failed to load resource: the server responded with a status of 400 () @ https://clerk.greentryst.com/v1/environment?__clerk_api_version=2025-11-10&_clerk_js_version=5.125.7:0
[    1404ms] [ERROR] e: Clerk: Production Keys are only allowed for domain "greentryst.com". 
API Error: The Request HTTP Origin header must be equal to or a subdomain of the requesting URL.
    at https://clerk.greentryst.com/npm/@clerk/clerk-js@5/dist/clerk.browser.js:2:7182
    at u._baseFetch (https://clerk.greentryst.com/npm/@clerk/clerk-js@5/dist/clerk.browser.js:3:38)
    at async d.execute (https://clerk.greentryst.com/npm/@clerk/clerk-js@5/dist/clerk.browser.js:2:5226)
    at async s._baseGet (https://clerk.greentryst.com/npm/@clerk/clerk-js@5/dist/clerk.browser.js:3:567)
    at async Promise.all (index 1)
    at async #U (https://clerk.greentryst.com/npm/@clerk/clerk-js@5/dist/clerk.browser.js:5:73541)
    at async e5.load (https://clerk.greentryst.com/npm/@clerk/clerk-js@5/dist/clerk.browser.js:5:34322)
    at async _IsomorphicClerk.loadClerkJS (webpack-internal:///(app-pages-browser)/./node_modules/@clerk/clerk-react/dist/index.mjs:1746:9) @ webpack-internal:///(app-pages-browser)/./node_modules/next/dist/client/app-index.js:32
[   56063ms] [LOG] [Fast Refresh] rebuilding @ webpack-internal:///(app-pages-browser)/./node_modules/next/dist/client/components/react-dev-overlay/app/hot-reloader-client.js:186
[   57192ms] [LOG] [Fast Refresh] rebuilding @ webpack-internal:///(app-pages-browser)/./node_modules/next/dist/client/components/react-dev-overlay/app/hot-reloader-client.js:186
[   58628ms] [LOG] [Fast Refresh] done in 1437ms @ webpack-internal:///(app-pages-browser)/./node_modules/next/dist/client/components/react-dev-overlay/app/hot-reloader-client.js:43
[   70481ms] [LOG] [Fast Refresh] rebuilding @ webpack-internal:///(app-pages-browser)/./node_modules/next/dist/client/components/react-dev-overlay/app/hot-reloader-client.js:186
[   72373ms] [LOG] [Fast Refresh] done in 1893ms @ webpack-internal:///(app-pages-browser)/./node_modules/next/dist/client/components/react-dev-overlay/app/hot-reloader-client.js:43
[   77102ms] [LOG] [Fast Refresh] rebuilding @ webpack-internal:///(app-pages-browser)/./node_modules/next/dist/client/components/react-dev-overlay/app/hot-reloader-client.js:186
[   77720ms] [ERROR] ./src/app/redesign/guides/page.tsx:11:1
Module not found: Can't resolve './_components/GuidesClient'
   9 | import { RedesignNav, RedesignFooter } from '@/components/redesign';
  10 | import { getAllGuides, type GuideMeta } from '@/lib/guides';
> 11 | import { GuidesClient } from './_components/GuidesClient';
     | ^
  12 |
  13 | export const metadata: Metadata = {
  14 |   title: 'Guides',

https://nextjs.org/docs/messages/module-not-found @ webpack-internal:///(app-pages-browser)/./node_modules/next/dist/client/app-index.js:32
[   79418ms] [ERROR] Failed to load resource: the server responded with a status of 500 (Internal Server Error) @ http://localhost:5001/redesign/guides/how-to-calculate-financed-emissions?_rsc=1q7lr:0
[   79697ms] [ERROR] Failed to load resource: the server responded with a status of 500 (Internal Server Error) @ http://localhost:5001/redesign/guides/how-to-calculate-financed-emissions:0
[   80296ms] [INFO] %cDownload the React DevTools for a better development experience: https://reactjs.org/link/react-devtools font-weight:bold @ webpack-internal:///./node_modules/react-dom/cjs/react-dom.development.js:29889
[   80626ms] Error: Module not found: Can't resolve './_components/GuidesClient'
   9 | import { RedesignNav, RedesignFooter } from '@/components/redesign';
  10 | import { getAllGuides, type GuideMeta } from '@/lib/guides';
> 11 | import { GuidesClient } from './_components/GuidesClient';
     | ^
  12 |
  13 | export const metadata: Metadata = {
  14 |   title: 'Guides',

https://nextjs.org/docs/messages/module-not-found

    at <unknown> (https://nextjs.org/docs/messages/module-not-found)
    at getNotFoundError (file:///Users/knowprajjwal/LearningPlatform/node_modules/next/dist/build/webpack/plugins/wellknown-errors-plugin/parseNotFoundError.js:124:16)
    at async getModuleBuildError (file:///Users/knowprajjwal/LearningPlatform/node_modules/next/dist/build/webpack/plugins/wellknown-errors-plugin/webpackModuleError.js:104:27)
    at async (file:///Users/knowprajjwal/LearningPlatform/node_modules/next/dist/build/webpack/plugins/wellknown-errors-plugin/index.js:29:49)
    at async (file:///Users/knowprajjwal/LearningPlatform/node_modules/next/dist/build/webpack/plugins/wellknown-errors-plugin/index.js:27:21)
[   80373ms] [LOG] [HMR] connected @ webpack-internal:///./node_modules/next/dist/client/components/react-dev-overlay/pages/websocket.js:38
[   80376ms] [ERROR] ./src/app/redesign/guides/page.tsx:11:1
Module not found: Can't resolve './_components/GuidesClient'
   9 | import { RedesignNav, RedesignFooter } from '@/components/redesign';
  10 | import { getAllGuides, type GuideMeta } from '@/lib/guides';
> 11 | import { GuidesClient } from './_components/GuidesClient';
     | ^
  12 |
  13 | export const metadata: Metadata = {
  14 |   title: 'Guides',

https://nextjs.org/docs/messages/module-not-found @ webpack-internal:///./node_modules/next/dist/client/components/react-dev-overlay/internal/helpers/hydration-error-info.js:62
[   80472ms] [ERROR] ./src/app/redesign/guides/page.tsx:11:1
Module not found: Can't resolve './_components/GuidesClient'
   9 | import { RedesignNav, RedesignFooter } from '@/components/redesign';
  10 | import { getAllGuides, type GuideMeta } from '@/lib/guides';
> 11 | import { GuidesClient } from './_components/GuidesClient';
     | ^
  12 |
  13 | export const metadata: Metadata = {
  14 |   title: 'Guides',

https://nextjs.org/docs/messages/module-not-found @ webpack-internal:///./node_modules/next/dist/client/components/react-dev-overlay/internal/helpers/hydration-error-info.js:62
[   80553ms] [ERROR] ./src/app/redesign/guides/page.tsx:11:1
Module not found: Can't resolve './_components/GuidesClient'
   9 | import { RedesignNav, RedesignFooter } from '@/components/redesign';
  10 | import { getAllGuides, type GuideMeta } from '@/lib/guides';
> 11 | import { GuidesClient } from './_components/GuidesClient';
     | ^
  12 |
  13 | export const metadata: Metadata = {
  14 |   title: 'Guides',

https://nextjs.org/docs/messages/module-not-found @ webpack-internal:///./node_modules/next/dist/client/components/react-dev-overlay/internal/helpers/hydration-error-info.js:62
[   80584ms] [ERROR] ./src/app/redesign/guides/page.tsx:11:1
Module not found: Can't resolve './_components/GuidesClient'
   9 | import { RedesignNav, RedesignFooter } from '@/components/redesign';
  10 | import { getAllGuides, type GuideMeta } from '@/lib/guides';
> 11 | import { GuidesClient } from './_components/GuidesClient';
     | ^
  12 |
  13 | export const metadata: Metadata = {
  14 |   title: 'Guides',

https://nextjs.org/docs/messages/module-not-found @ webpack-internal:///./node_modules/next/dist/client/components/react-dev-overlay/internal/helpers/hydration-error-info.js:62
[   80711ms] [ERROR] ./src/app/redesign/guides/page.tsx:11:1
Module not found: Can't resolve './_components/GuidesClient'
   9 | import { RedesignNav, RedesignFooter } from '@/components/redesign';
  10 | import { getAllGuides, type GuideMeta } from '@/lib/guides';
> 11 | import { GuidesClient } from './_components/GuidesClient';
     | ^
  12 |
  13 | export const metadata: Metadata = {
  14 |   title: 'Guides',

https://nextjs.org/docs/messages/module-not-found @ webpack-internal:///./node_modules/next/dist/client/components/react-dev-overlay/internal/helpers/hydration-error-info.js:62
[   80984ms] [ERROR] ./src/app/redesign/guides/page.tsx:11:1
Module not found: Can't resolve './_components/GuidesClient'
   9 | import { RedesignNav, RedesignFooter } from '@/components/redesign';
  10 | import { getAllGuides, type GuideMeta } from '@/lib/guides';
> 11 | import { GuidesClient } from './_components/GuidesClient';
     | ^
  12 |
  13 | export const metadata: Metadata = {
  14 |   title: 'Guides',

https://nextjs.org/docs/messages/module-not-found @ webpack-internal:///./node_modules/next/dist/client/components/react-dev-overlay/internal/helpers/hydration-error-info.js:62
[   81007ms] [ERROR] ./src/app/redesign/guides/page.tsx:11:1
Module not found: Can't resolve './_components/GuidesClient'
   9 | import { RedesignNav, RedesignFooter } from '@/components/redesign';
  10 | import { getAllGuides, type GuideMeta } from '@/lib/guides';
> 11 | import { GuidesClient } from './_components/GuidesClient';
     | ^
  12 |
  13 | export const metadata: Metadata = {
  14 |   title: 'Guides',

https://nextjs.org/docs/messages/module-not-found @ webpack-internal:///./node_modules/next/dist/client/components/react-dev-overlay/internal/helpers/hydration-error-info.js:62
[   81122ms] [ERROR] ./src/app/redesign/guides/page.tsx:11:1
Module not found: Can't resolve './_components/GuidesClient'
   9 | import { RedesignNav, RedesignFooter } from '@/components/redesign';
  10 | import { getAllGuides, type GuideMeta } from '@/lib/guides';
> 11 | import { GuidesClient } from './_components/GuidesClient';
     | ^
  12 |
  13 | export const metadata: Metadata = {
  14 |   title: 'Guides',

https://nextjs.org/docs/messages/module-not-found @ webpack-internal:///./node_modules/next/dist/client/components/react-dev-overlay/internal/helpers/hydration-error-info.js:62
[   81173ms] [ERROR] ./src/app/redesign/guides/page.tsx:11:1
Module not found: Can't resolve './_components/GuidesClient'
   9 | import { RedesignNav, RedesignFooter } from '@/components/redesign';
  10 | import { getAllGuides, type GuideMeta } from '@/lib/guides';
> 11 | import { GuidesClient } from './_components/GuidesClient';
     | ^
  12 |
  13 | export const metadata: Metadata = {
  14 |   title: 'Guides',

https://nextjs.org/docs/messages/module-not-found @ webpack-internal:///./node_modules/next/dist/client/components/react-dev-overlay/internal/helpers/hydration-error-info.js:62
[   81225ms] [ERROR] ./src/app/redesign/guides/page.tsx:11:1
Module not found: Can't resolve './_components/GuidesClient'
   9 | import { RedesignNav, RedesignFooter } from '@/components/redesign';
  10 | import { getAllGuides, type GuideMeta } from '@/lib/guides';
> 11 | import { GuidesClient } from './_components/GuidesClient';
     | ^
  12 |
  13 | export const metadata: Metadata = {
  14 |   title: 'Guides',

https://nextjs.org/docs/messages/module-not-found @ webpack-internal:///./node_modules/next/dist/client/components/react-dev-overlay/internal/helpers/hydration-error-info.js:62
[   82747ms] [ERROR] Failed to load resource: the server responded with a status of 500 (Internal Server Error) @ http://localhost:5001/redesign/guides/how-to-calculate-financed-emissions:0
[   83313ms] [INFO] %cDownload the React DevTools for a better development experience: https://reactjs.org/link/react-devtools font-weight:bold @ webpack-internal:///./node_modules/react-dom/cjs/react-dom.development.js:29889
[   83636ms] Error: Module not found: Can't resolve './_components/GuidesClient'
   9 | import { RedesignNav, RedesignFooter } from '@/components/redesign';
  10 | import { getAllGuides, type GuideMeta } from '@/lib/guides';
> 11 | import { GuidesClient } from './_components/GuidesClient';
     | ^
  12 |
  13 | export const metadata: Metadata = {
  14 |   title: 'Guides',

https://nextjs.org/docs/messages/module-not-found

    at <unknown> (https://nextjs.org/docs/messages/module-not-found)
    at getNotFoundError (file:///Users/knowprajjwal/LearningPlatform/node_modules/next/dist/build/webpack/plugins/wellknown-errors-plugin/parseNotFoundError.js:124:16)
    at async getModuleBuildError (file:///Users/knowprajjwal/LearningPlatform/node_modules/next/dist/build/webpack/plugins/wellknown-errors-plugin/webpackModuleError.js:104:27)
    at async (file:///Users/knowprajjwal/LearningPlatform/node_modules/next/dist/build/webpack/plugins/wellknown-errors-plugin/index.js:29:49)
    at async (file:///Users/knowprajjwal/LearningPlatform/node_modules/next/dist/build/webpack/plugins/wellknown-errors-plugin/index.js:27:21)
[   83382ms] [LOG] [HMR] connected @ webpack-internal:///./node_modules/next/dist/client/components/react-dev-overlay/pages/websocket.js:38
[   83385ms] [ERROR] ./src/app/redesign/guides/page.tsx:11:1
Module not found: Can't resolve './_components/GuidesClient'
   9 | import { RedesignNav, RedesignFooter } from '@/components/redesign';
  10 | import { getAllGuides, type GuideMeta } from '@/lib/guides';
> 11 | import { GuidesClient } from './_components/GuidesClient';
     | ^
  12 |
  13 | export const metadata: Metadata = {
  14 |   title: 'Guides',

https://nextjs.org/docs/messages/module-not-found @ webpack-internal:///./node_modules/next/dist/client/components/react-dev-overlay/internal/helpers/hydration-error-info.js:62
[   83400ms] [ERROR] ./src/app/redesign/guides/page.tsx:11:1
Module not found: Can't resolve './_components/GuidesClient'
   9 | import { RedesignNav, RedesignFooter } from '@/components/redesign';
  10 | import { getAllGuides, type GuideMeta } from '@/lib/guides';
> 11 | import { GuidesClient } from './_components/GuidesClient';
     | ^
  12 |
  13 | export const metadata: Metadata = {
  14 |   title: 'Guides',

https://nextjs.org/docs/messages/module-not-found @ webpack-internal:///./node_modules/next/dist/client/components/react-dev-overlay/internal/helpers/hydration-error-info.js:62
[   83517ms] [ERROR] ./src/app/redesign/guides/page.tsx:11:1
Module not found: Can't resolve './_components/GuidesClient'
   9 | import { RedesignNav, RedesignFooter } from '@/components/redesign';
  10 | import { getAllGuides, type GuideMeta } from '@/lib/guides';
> 11 | import { GuidesClient } from './_components/GuidesClient';
     | ^
  12 |
  13 | export const metadata: Metadata = {
  14 |   title: 'Guides',

https://nextjs.org/docs/messages/module-not-found @ webpack-internal:///./node_modules/next/dist/client/components/react-dev-overlay/internal/helpers/hydration-error-info.js:62
[   83776ms] [ERROR] ./src/app/redesign/guides/page.tsx:11:1
Module not found: Can't resolve './_components/GuidesClient'
   9 | import { RedesignNav, RedesignFooter } from '@/components/redesign';
  10 | import { getAllGuides, type GuideMeta } from '@/lib/guides';
> 11 | import { GuidesClient } from './_components/GuidesClient';
     | ^
  12 |
  13 | export const metadata: Metadata = {
  14 |   title: 'Guides',

https://nextjs.org/docs/messages/module-not-found @ webpack-internal:///./node_modules/next/dist/client/components/react-dev-overlay/internal/helpers/hydration-error-info.js:62
[   83848ms] [ERROR] ./src/app/redesign/guides/page.tsx:11:1
Module not found: Can't resolve './_components/GuidesClient'
   9 | import { RedesignNav, RedesignFooter } from '@/components/redesign';
  10 | import { getAllGuides, type GuideMeta } from '@/lib/guides';
> 11 | import { GuidesClient } from './_components/GuidesClient';
     | ^
  12 |
  13 | export const metadata: Metadata = {
  14 |   title: 'Guides',

https://nextjs.org/docs/messages/module-not-found @ webpack-internal:///./node_modules/next/dist/client/components/react-dev-overlay/internal/helpers/hydration-error-info.js:62
[   84023ms] [ERROR] ./src/app/redesign/guides/page.tsx:11:1
Module not found: Can't resolve './_components/GuidesClient'
   9 | import { RedesignNav, RedesignFooter } from '@/components/redesign';
  10 | import { getAllGuides, type GuideMeta } from '@/lib/guides';
> 11 | import { GuidesClient } from './_components/GuidesClient';
     | ^
  12 |
  13 | export const metadata: Metadata = {
  14 |   title: 'Guides',

https://nextjs.org/docs/messages/module-not-found @ webpack-internal:///./node_modules/next/dist/client/components/react-dev-overlay/internal/helpers/hydration-error-info.js:62
[   84161ms] [ERROR] ./src/app/redesign/guides/page.tsx:11:1
Module not found: Can't resolve './_components/GuidesClient'
   9 | import { RedesignNav, RedesignFooter } from '@/components/redesign';
  10 | import { getAllGuides, type GuideMeta } from '@/lib/guides';
> 11 | import { GuidesClient } from './_components/GuidesClient';
     | ^
  12 |
  13 | export const metadata: Metadata = {
  14 |   title: 'Guides',

https://nextjs.org/docs/messages/module-not-found @ webpack-internal:///./node_modules/next/dist/client/components/react-dev-overlay/internal/helpers/hydration-error-info.js:62
[   84276ms] [ERROR] ./src/app/redesign/guides/page.tsx:11:1
Module not found: Can't resolve './_components/GuidesClient'
   9 | import { RedesignNav, RedesignFooter } from '@/components/redesign';
  10 | import { getAllGuides, type GuideMeta } from '@/lib/guides';
> 11 | import { GuidesClient } from './_components/GuidesClient';
     | ^
  12 |
  13 | export const metadata: Metadata = {
  14 |   title: 'Guides',

https://nextjs.org/docs/messages/module-not-found @ webpack-internal:///./node_modules/next/dist/client/components/react-dev-overlay/internal/helpers/hydration-error-info.js:62
[  102067ms] [ERROR] Failed to load resource: the server responded with a status of 500 (Internal Server Error) @ http://localhost:5001/redesign/guides/how-to-calculate-financed-emissions:0
[  102562ms] [INFO] %cDownload the React DevTools for a better development experience: https://reactjs.org/link/react-devtools font-weight:bold @ webpack-internal:///./node_modules/react-dom/cjs/react-dom.development.js:29889
[  102716ms] Error: Module not found: Can't resolve './_components/GuidesClient'
   9 | import { RedesignNav, RedesignFooter } from '@/components/redesign';
  10 | import { getAllGuides, type GuideMeta } from '@/lib/guides';
> 11 | import { GuidesClient } from './_components/GuidesClient';
     | ^
  12 |
  13 | export const metadata: Metadata = {
  14 |   title: 'Guides',

https://nextjs.org/docs/messages/module-not-found

    at <unknown> (https://nextjs.org/docs/messages/module-not-found)
    at getNotFoundError (file:///Users/knowprajjwal/LearningPlatform/node_modules/next/dist/build/webpack/plugins/wellknown-errors-plugin/parseNotFoundError.js:124:16)
    at async getModuleBuildError (file:///Users/knowprajjwal/LearningPlatform/node_modules/next/dist/build/webpack/plugins/wellknown-errors-plugin/webpackModuleError.js:104:27)
    at async (file:///Users/knowprajjwal/LearningPlatform/node_modules/next/dist/build/webpack/plugins/wellknown-errors-plugin/index.js:29:49)
    at async (file:///Users/knowprajjwal/LearningPlatform/node_modules/next/dist/build/webpack/plugins/wellknown-errors-plugin/index.js:27:21)
[  102615ms] [LOG] [HMR] connected @ webpack-internal:///./node_modules/next/dist/client/components/react-dev-overlay/pages/websocket.js:38
[  102617ms] [ERROR] ./src/app/redesign/guides/page.tsx:11:1
Module not found: Can't resolve './_components/GuidesClient'
   9 | import { RedesignNav, RedesignFooter } from '@/components/redesign';
  10 | import { getAllGuides, type GuideMeta } from '@/lib/guides';
> 11 | import { GuidesClient } from './_components/GuidesClient';
     | ^
  12 |
  13 | export const metadata: Metadata = {
  14 |   title: 'Guides',

https://nextjs.org/docs/messages/module-not-found @ webpack-internal:///./node_modules/next/dist/client/components/react-dev-overlay/internal/helpers/hydration-error-info.js:62
[  102634ms] [ERROR] ./src/app/redesign/guides/page.tsx:11:1
Module not found: Can't resolve './_components/GuidesClient'
   9 | import { RedesignNav, RedesignFooter } from '@/components/redesign';
  10 | import { getAllGuides, type GuideMeta } from '@/lib/guides';
> 11 | import { GuidesClient } from './_components/GuidesClient';
     | ^
  12 |
  13 | export const metadata: Metadata = {
  14 |   title: 'Guides',

https://nextjs.org/docs/messages/module-not-found @ webpack-internal:///./node_modules/next/dist/client/components/react-dev-overlay/internal/helpers/hydration-error-info.js:62
[  102732ms] [ERROR] ./src/app/redesign/guides/page.tsx:11:1
Module not found: Can't resolve './_components/GuidesClient'
   9 | import { RedesignNav, RedesignFooter } from '@/components/redesign';
  10 | import { getAllGuides, type GuideMeta } from '@/lib/guides';
> 11 | import { GuidesClient } from './_components/GuidesClient';
     | ^
  12 |
  13 | export const metadata: Metadata = {
  14 |   title: 'Guides',

https://nextjs.org/docs/messages/module-not-found @ webpack-internal:///./node_modules/next/dist/client/components/react-dev-overlay/internal/helpers/hydration-error-info.js:62
[  102913ms] [ERROR] ./src/app/redesign/guides/page.tsx:11:1
Module not found: Can't resolve './_components/GuidesClient'
   9 | import { RedesignNav, RedesignFooter } from '@/components/redesign';
  10 | import { getAllGuides, type GuideMeta } from '@/lib/guides';
> 11 | import { GuidesClient } from './_components/GuidesClient';
     | ^
  12 |
  13 | export const metadata: Metadata = {
  14 |   title: 'Guides',

https://nextjs.org/docs/messages/module-not-found @ webpack-internal:///./node_modules/next/dist/client/components/react-dev-overlay/internal/helpers/hydration-error-info.js:62
[  102998ms] [ERROR] ./src/app/redesign/guides/page.tsx:11:1
Module not found: Can't resolve './_components/GuidesClient'
   9 | import { RedesignNav, RedesignFooter } from '@/components/redesign';
  10 | import { getAllGuides, type GuideMeta } from '@/lib/guides';
> 11 | import { GuidesClient } from './_components/GuidesClient';
     | ^
  12 |
  13 | export const metadata: Metadata = {
  14 |   title: 'Guides',

https://nextjs.org/docs/messages/module-not-found @ webpack-internal:///./node_modules/next/dist/client/components/react-dev-overlay/internal/helpers/hydration-error-info.js:62
[  103060ms] [ERROR] ./src/app/redesign/guides/page.tsx:11:1
Module not found: Can't resolve './_components/GuidesClient'
   9 | import { RedesignNav, RedesignFooter } from '@/components/redesign';
  10 | import { getAllGuides, type GuideMeta } from '@/lib/guides';
> 11 | import { GuidesClient } from './_components/GuidesClient';
     | ^
  12 |
  13 | export const metadata: Metadata = {
  14 |   title: 'Guides',

https://nextjs.org/docs/messages/module-not-found @ webpack-internal:///./node_modules/next/dist/client/components/react-dev-overlay/internal/helpers/hydration-error-info.js:62
[  103102ms] [ERROR] ./src/app/redesign/guides/page.tsx:11:1
Module not found: Can't resolve './_components/GuidesClient'
   9 | import { RedesignNav, RedesignFooter } from '@/components/redesign';
  10 | import { getAllGuides, type GuideMeta } from '@/lib/guides';
> 11 | import { GuidesClient } from './_components/GuidesClient';
     | ^
  12 |
  13 | export const metadata: Metadata = {
  14 |   title: 'Guides',

https://nextjs.org/docs/messages/module-not-found @ webpack-internal:///./node_modules/next/dist/client/components/react-dev-overlay/internal/helpers/hydration-error-info.js:62
[  103225ms] [ERROR] ./src/app/redesign/guides/page.tsx:11:1
Module not found: Can't resolve './_components/GuidesClient'
   9 | import { RedesignNav, RedesignFooter } from '@/components/redesign';
  10 | import { getAllGuides, type GuideMeta } from '@/lib/guides';
> 11 | import { GuidesClient } from './_components/GuidesClient';
     | ^
  12 |
  13 | export const metadata: Metadata = {
  14 |   title: 'Guides',

https://nextjs.org/docs/messages/module-not-found @ webpack-internal:///./node_modules/next/dist/client/components/react-dev-overlay/internal/helpers/hydration-error-info.js:62
[  107095ms] [LOG] [Fast Refresh] rebuilding @ webpack-internal:///./node_modules/next/dist/client/components/react-dev-overlay/pages/hot-reloader-client.js:221
[  108806ms] [LOG] [Fast Refresh] rebuilding @ webpack-internal:///./node_modules/next/dist/client/components/react-dev-overlay/pages/hot-reloader-client.js:221
[  109719ms] [WARNING] [Fast Refresh] performing full reload

Fast Refresh will perform a full reload when you edit a file that's imported by modules outside of the React rendering tree.
You might have a file which exports a React component but also exports a value that is imported by a non-React component file.
Consider migrating the non-React component export to a separate file and importing it into both files.

It is also possible the parent component of the component you edited is a class component, which disables Fast Refresh.
Fast Refresh requires at least one parent function component in your React tree. @ webpack-internal:///./node_modules/next/dist/client/components/react-dev-overlay/pages/hot-reloader-client.js:347
[  112669ms] [INFO] %cDownload the React DevTools for a better development experience: https://reactjs.org/link/react-devtools font-weight:bold @ webpack-internal:///(app-pages-browser)/./node_modules/next/dist/compiled/react-dom/cjs/react-dom.development.js:38559
[  116645ms] [ERROR] Failed to load resource: the server responded with a status of 400 () @ https://clerk.greentryst.com/v1/client?__clerk_api_version=2025-11-10&_clerk_js_version=5.125.7:0
[  116668ms] [ERROR] Failed to load resource: the server responded with a status of 400 () @ https://clerk.greentryst.com/v1/environment?__clerk_api_version=2025-11-10&_clerk_js_version=5.125.7:0
[  116670ms] [ERROR] e: Clerk: Production Keys are only allowed for domain "greentryst.com". 
API Error: The Request HTTP Origin header must be equal to or a subdomain of the requesting URL.
    at https://clerk.greentryst.com/npm/@clerk/clerk-js@5/dist/clerk.browser.js:2:7182
    at u._baseFetch (https://clerk.greentryst.com/npm/@clerk/clerk-js@5/dist/clerk.browser.js:3:38)
    at async d.execute (https://clerk.greentryst.com/npm/@clerk/clerk-js@5/dist/clerk.browser.js:2:5226)
    at async s._baseGet (https://clerk.greentryst.com/npm/@clerk/clerk-js@5/dist/clerk.browser.js:3:567)
    at async Promise.all (index 1)
    at async #U (https://clerk.greentryst.com/npm/@clerk/clerk-js@5/dist/clerk.browser.js:5:73541)
    at async e5.load (https://clerk.greentryst.com/npm/@clerk/clerk-js@5/dist/clerk.browser.js:5:34322)
    at async _IsomorphicClerk.loadClerkJS (webpack-internal:///(app-pages-browser)/./node_modules/@clerk/clerk-react/dist/index.mjs:1746:9) @ webpack-internal:///(app-pages-browser)/./node_modules/next/dist/client/app-index.js:32
[  118909ms] [ERROR] Failed to load resource: the server responded with a status of 400 () @ https://clerk.greentryst.com/v1/client?__clerk_api_version=2025-11-10&_clerk_js_version=5.125.7:0
[  119032ms] [ERROR] Failed to load resource: the server responded with a status of 400 () @ https://clerk.greentryst.com/v1/environment?__clerk_api_version=2025-11-10&_clerk_js_version=5.125.7:0
[  119033ms] [ERROR] e: Clerk: Production Keys are only allowed for domain "greentryst.com". 
API Error: The Request HTTP Origin header must be equal to or a subdomain of the requesting URL.
    at https://clerk.greentryst.com/npm/@clerk/clerk-js@5/dist/clerk.browser.js:2:7182
    at u._baseFetch (https://clerk.greentryst.com/npm/@clerk/clerk-js@5/dist/clerk.browser.js:3:38)
    at async d.execute (https://clerk.greentryst.com/npm/@clerk/clerk-js@5/dist/clerk.browser.js:2:5226)
    at async s._baseGet (https://clerk.greentryst.com/npm/@clerk/clerk-js@5/dist/clerk.browser.js:3:567)
    at async Promise.all (index 1)
    at async #U (https://clerk.greentryst.com/npm/@clerk/clerk-js@5/dist/clerk.browser.js:5:73541)
    at async e5.load (https://clerk.greentryst.com/npm/@clerk/clerk-js@5/dist/clerk.browser.js:5:34322)
    at async _IsomorphicClerk.loadClerkJS (webpack-internal:///(app-pages-browser)/./node_modules/@clerk/clerk-react/dist/index.mjs:1746:9) @ webpack-internal:///(app-pages-browser)/./node_modules/next/dist/client/app-index.js:32
[  137787ms] [LOG] [Fast Refresh] rebuilding @ webpack-internal:///(app-pages-browser)/./node_modules/next/dist/client/components/react-dev-overlay/app/hot-reloader-client.js:186
[  138661ms] [LOG] [Fast Refresh] done in 875ms @ webpack-internal:///(app-pages-browser)/./node_modules/next/dist/client/components/react-dev-overlay/app/hot-reloader-client.js:43
[  145881ms] [LOG] [Fast Refresh] rebuilding @ webpack-internal:///(app-pages-browser)/./node_modules/next/dist/client/components/react-dev-overlay/app/hot-reloader-client.js:186
[  146693ms] [LOG] [Fast Refresh] done in 812ms @ webpack-internal:///(app-pages-browser)/./node_modules/next/dist/client/components/react-dev-overlay/app/hot-reloader-client.js:43
[  150944ms] [LOG] [Fast Refresh] rebuilding @ webpack-internal:///(app-pages-browser)/./node_modules/next/dist/client/components/react-dev-overlay/app/hot-reloader-client.js:186
[  152159ms] [LOG] [Fast Refresh] done in 1216ms @ webpack-internal:///(app-pages-browser)/./node_modules/next/dist/client/components/react-dev-overlay/app/hot-reloader-client.js:43
[  155823ms] [LOG] [Fast Refresh] rebuilding @ webpack-internal:///(app-pages-browser)/./node_modules/next/dist/client/components/react-dev-overlay/app/hot-reloader-client.js:186
[  156566ms] [LOG] [Fast Refresh] done in 743ms @ webpack-internal:///(app-pages-browser)/./node_modules/next/dist/client/components/react-dev-overlay/app/hot-reloader-client.js:43
[  159609ms] [LOG] [Fast Refresh] rebuilding @ webpack-internal:///(app-pages-browser)/./node_modules/next/dist/client/components/react-dev-overlay/app/hot-reloader-client.js:186
[  160356ms] [LOG] [Fast Refresh] done in 747ms @ webpack-internal:///(app-pages-browser)/./node_modules/next/dist/client/components/react-dev-overlay/app/hot-reloader-client.js:43
[  164589ms] [LOG] [Fast Refresh] rebuilding @ webpack-internal:///(app-pages-browser)/./node_modules/next/dist/client/components/react-dev-overlay/app/hot-reloader-client.js:186
[  166658ms] [LOG] [Fast Refresh] done in 2068ms @ webpack-internal:///(app-pages-browser)/./node_modules/next/dist/client/components/react-dev-overlay/app/hot-reloader-client.js:43
[  172098ms] [LOG] [Fast Refresh] rebuilding @ webpack-internal:///(app-pages-browser)/./node_modules/next/dist/client/components/react-dev-overlay/app/hot-reloader-client.js:186
[  174680ms] [LOG] [Fast Refresh] done in 2582ms @ webpack-internal:///(app-pages-browser)/./node_modules/next/dist/client/components/react-dev-overlay/app/hot-reloader-client.js:43
[  177212ms] [LOG] [Fast Refresh] rebuilding @ webpack-internal:///(app-pages-browser)/./node_modules/next/dist/client/components/react-dev-overlay/app/hot-reloader-client.js:186
[  179562ms] [LOG] [Fast Refresh] done in 2350ms @ webpack-internal:///(app-pages-browser)/./node_modules/next/dist/client/components/react-dev-overlay/app/hot-reloader-client.js:43
[  183811ms] [LOG] [Fast Refresh] rebuilding @ webpack-internal:///(app-pages-browser)/./node_modules/next/dist/client/components/react-dev-overlay/app/hot-reloader-client.js:186
[  184427ms] [LOG] [Fast Refresh] done in 616ms @ webpack-internal:///(app-pages-browser)/./node_modules/next/dist/client/components/react-dev-overlay/app/hot-reloader-client.js:43
[  191717ms] [LOG] [Fast Refresh] rebuilding @ webpack-internal:///(app-pages-browser)/./node_modules/next/dist/client/components/react-dev-overlay/app/hot-reloader-client.js:186
[  192400ms] [LOG] [Fast Refresh] done in 684ms @ webpack-internal:///(app-pages-browser)/./node_modules/next/dist/client/components/react-dev-overlay/app/hot-reloader-client.js:43
[  213153ms] [LOG] [Fast Refresh] rebuilding @ webpack-internal:///(app-pages-browser)/./node_modules/next/dist/client/components/react-dev-overlay/app/hot-reloader-client.js:186
[  213872ms] [LOG] [Fast Refresh] done in 719ms @ webpack-internal:///(app-pages-browser)/./node_modules/next/dist/client/components/react-dev-overlay/app/hot-reloader-client.js:43
[  224716ms] [LOG] [Fast Refresh] rebuilding @ webpack-internal:///(app-pages-browser)/./node_modules/next/dist/client/components/react-dev-overlay/app/hot-reloader-client.js:186
[  226436ms] [LOG] [Fast Refresh] done in 1720ms @ webpack-internal:///(app-pages-browser)/./node_modules/next/dist/client/components/react-dev-overlay/app/hot-reloader-client.js:43
[  254657ms] [LOG] [Fast Refresh] rebuilding @ webpack-internal:///(app-pages-browser)/./node_modules/next/dist/client/components/react-dev-overlay/app/hot-reloader-client.js:186
[  256310ms] [LOG] [Fast Refresh] done in 1653ms @ webpack-internal:///(app-pages-browser)/./node_modules/next/dist/client/components/react-dev-overlay/app/hot-reloader-client.js:43
[  304968ms] [LOG] [Fast Refresh] rebuilding @ webpack-internal:///(app-pages-browser)/./node_modules/next/dist/client/components/react-dev-overlay/app/hot-reloader-client.js:186
[  306915ms] [LOG] [Fast Refresh] done in 1948ms @ webpack-internal:///(app-pages-browser)/./node_modules/next/dist/client/components/react-dev-overlay/app/hot-reloader-client.js:43
[  352925ms] [LOG] [Fast Refresh] rebuilding @ webpack-internal:///(app-pages-browser)/./node_modules/next/dist/client/components/react-dev-overlay/app/hot-reloader-client.js:186
[  355956ms] [LOG] [Fast Refresh] done in 3032ms @ webpack-internal:///(app-pages-browser)/./node_modules/next/dist/client/components/react-dev-overlay/app/hot-reloader-client.js:43
[  399893ms] [LOG] [Fast Refresh] rebuilding @ webpack-internal:///(app-pages-browser)/./node_modules/next/dist/client/components/react-dev-overlay/app/hot-reloader-client.js:186
[  401688ms] [LOG] [Fast Refresh] done in 1795ms @ webpack-internal:///(app-pages-browser)/./node_modules/next/dist/client/components/react-dev-overlay/app/hot-reloader-client.js:43
[  436471ms] [LOG] [Fast Refresh] rebuilding @ webpack-internal:///(app-pages-browser)/./node_modules/next/dist/client/components/react-dev-overlay/app/hot-reloader-client.js:186
[  440392ms] [LOG] [Fast Refresh] done in 3921ms @ webpack-internal:///(app-pages-browser)/./node_modules/next/dist/client/components/react-dev-overlay/app/hot-reloader-client.js:43
[  445425ms] [LOG] [Fast Refresh] rebuilding @ webpack-internal:///(app-pages-browser)/./node_modules/next/dist/client/components/react-dev-overlay/app/hot-reloader-client.js:186
[  449193ms] [LOG] [Fast Refresh] done in 3768ms @ webpack-internal:///(app-pages-browser)/./node_modules/next/dist/client/components/react-dev-overlay/app/hot-reloader-client.js:43
[  466217ms] [LOG] [Fast Refresh] rebuilding @ webpack-internal:///(app-pages-browser)/./node_modules/next/dist/client/components/react-dev-overlay/app/hot-reloader-client.js:186
[  468522ms] [LOG] [Fast Refresh] done in 2305ms @ webpack-internal:///(app-pages-browser)/./node_modules/next/dist/client/components/react-dev-overlay/app/hot-reloader-client.js:43
[  479166ms] [LOG] [Fast Refresh] rebuilding @ webpack-internal:///(app-pages-browser)/./node_modules/next/dist/client/components/react-dev-overlay/app/hot-reloader-client.js:186
[  479910ms] [LOG] [Fast Refresh] done in 743ms @ webpack-internal:///(app-pages-browser)/./node_modules/next/dist/client/components/react-dev-overlay/app/hot-reloader-client.js:43
[  482984ms] Error: ChevronRight is not defined
    at GuidePage (webpack-internal:///(rsc)/./src/app/redesign/guides/[guideId]/page.tsx:176:113)
    at process.processTicksAndRejections (node:internal/process/task_queues:105:5)
[  482988ms] Error: ChevronRight is not defined
    at GuidePage (webpack-internal:///(rsc)/./src/app/redesign/guides/[guideId]/page.tsx:176:113)
    at process.processTicksAndRejections (node:internal/process/task_queues:105:5)
[  482989ms] Error: ChevronRight is not defined
    at GuidePage (webpack-internal:///(rsc)/./src/app/redesign/guides/[guideId]/page.tsx:176:113)
    at process.processTicksAndRejections (node:internal/process/task_queues:105:5)
[  482989ms] Error: ChevronRight is not defined
    at GuidePage (webpack-internal:///(rsc)/./src/app/redesign/guides/[guideId]/page.tsx:176:113)
    at process.processTicksAndRejections (node:internal/process/task_queues:105:5)
[  482991ms] Error: ChevronRight is not defined
    at GuidePage (webpack-internal:///(rsc)/./src/app/redesign/guides/[guideId]/page.tsx:176:113)
    at process.processTicksAndRejections (node:internal/process/task_queues:105:5)
[  482994ms] Error: ChevronRight is not defined
    at GuidePage (webpack-internal:///(rsc)/./src/app/redesign/guides/[guideId]/page.tsx:176:113)
    at process.processTicksAndRejections (node:internal/process/task_queues:105:5)
[  482995ms] Error: ChevronRight is not defined
    at GuidePage (webpack-internal:///(rsc)/./src/app/redesign/guides/[guideId]/page.tsx:176:113)
    at process.processTicksAndRejections (node:internal/process/task_queues:105:5)
[  482995ms] Error: ChevronRight is not defined
    at GuidePage (webpack-internal:///(rsc)/./src/app/redesign/guides/[guideId]/page.tsx:176:113)
    at process.processTicksAndRejections (node:internal/process/task_queues:105:5)
[  482995ms] Error: ChevronRight is not defined
    at GuidePage (webpack-internal:///(rsc)/./src/app/redesign/guides/[guideId]/page.tsx:176:113)
    at process.processTicksAndRejections (node:internal/process/task_queues:105:5)
[  482996ms] Error: ChevronRight is not defined
    at GuidePage (webpack-internal:///(rsc)/./src/app/redesign/guides/[guideId]/page.tsx:176:113)
    at process.processTicksAndRejections (node:internal/process/task_queues:105:5)
[  483095ms] [ERROR] The above error occurred in the <NotFoundErrorBoundary> component:

    at InnerLayoutRouter (webpack-internal:///(app-pages-browser)/./node_modules/next/dist/client/components/layout-router.js:243:11)
    at RedirectErrorBoundary (webpack-internal:///(app-pages-browser)/./node_modules/next/dist/client/components/redirect-boundary.js:74:9)
    at RedirectBoundary (webpack-internal:///(app-pages-browser)/./node_modules/next/dist/client/components/redirect-boundary.js:82:11)
    at NotFoundBoundary (webpack-internal:///(app-pages-browser)/./node_modules/next/dist/client/components/not-found-boundary.js:84:11)
    at LoadingBoundary (webpack-internal:///(app-pages-browser)/./node_modules/next/dist/client/components/layout-router.js:349:11)
    at ErrorBoundary (webpack-internal:///(app-pages-browser)/./node_modules/next/dist/client/components/error-boundary.js:160:11)
    at InnerScrollAndFocusHandler (webpack-internal:///(app-pages-browser)/./node_modules/next/dist/client/components/layout-router.js:153:9)
    at ScrollAndFocusHandler (webpack-internal:///(app-pages-browser)/./node_modules/next/dist/client/components/layout-router.js:228:11)
    at RenderFromTemplateContext (webpack-internal:///(app-pages-browser)/./node_modules/next/dist/client/components/render-from-template-context.js:16:44)
    at OuterLayoutRouter (webpack-internal:///(app-pages-browser)/./node_modules/next/dist/client/components/layout-router.js:370:11)
    at InnerLayoutRouter (webpack-internal:///(app-pages-browser)/./node_modules/next/dist/client/components/layout-router.js:243:11)
    at RedirectErrorBoundary (webpack-internal:///(app-pages-browser)/./node_modules/next/dist/client/components/redirect-boundary.js:74:9)
    at RedirectBoundary (webpack-internal:///(app-pages-browser)/./node_modules/next/dist/client/components/redirect-boundary.js:82:11)
    at NotFoundBoundary (webpack-internal:///(app-pages-browser)/./node_modules/next/dist/client/components/not-found-boundary.js:84:11)
    at LoadingBoundary (webpack-internal:///(app-pages-browser)/./node_modules/next/dist/client/components/layout-router.js:349:11)
    at ErrorBoundary (webpack-internal:///(app-pages-browser)/./node_modules/next/dist/client/components/error-boundary.js:160:11)
    at InnerScrollAndFocusHandler (webpack-internal:///(app-pages-browser)/./node_modules/next/dist/client/components/layout-router.js:153:9)
    at ScrollAndFocusHandler (webpack-internal:///(app-pages-browser)/./node_modules/next/dist/client/components/layout-router.js:228:11)
    at RenderFromTemplateContext (webpack-internal:///(app-pages-browser)/./node_modules/next/dist/client/components/render-from-template-context.js:16:44)
    at OuterLayoutRouter (webpack-internal:///(app-pages-browser)/./node_modules/next/dist/client/components/layout-router.js:370:11)
    at InnerLayoutRouter (webpack-internal:///(app-pages-browser)/./node_modules/next/dist/client/components/layout-router.js:243:11)
    at RedirectErrorBoundary (webpack-internal:///(app-pages-browser)/./node_modules/next/dist/client/components/redirect-boundary.js:74:9)
    at RedirectBoundary (webpack-internal:///(app-pages-browser)/./node_modules/next/dist/client/components/redirect-boundary.js:82:11)
    at NotFoundErrorBoundary (webpack-internal:///(app-pages-browser)/./node_modules/next/dist/client/components/not-found-boundary.js:76:9)
    at NotFoundBoundary (webpack-internal:///(app-pages-browser)/./node_modules/next/dist/client/components/not-found-boundary.js:84:11)
    at LoadingBoundary (webpack-internal:///(app-pages-browser)/./node_modules/next/dist/client/components/layout-router.js:349:11)
    at ErrorBoundaryHandler (webpack-internal:///(app-pages-browser)/./node_modules/next/dist/client/components/error-boundary.js:113:9)
    at ErrorBoundary (webpack-internal:///(app-pages-browser)/./node_modules/next/dist/client/components/error-boundary.js:160:11)
    at InnerScrollAndFocusHandler (webpack-internal:///(app-pages-browser)/./node_modules/next/dist/client/components/layout-router.js:153:9)
    at ScrollAndFocusHandler (webpack-internal:///(app-pages-browser)/./node_modules/next/dist/client/components/layout-router.js:228:11)
    at RenderFromTemplateContext (webpack-internal:///(app-pages-browser)/./node_modules/next/dist/client/components/render-from-template-context.js:16:44)
    at OuterLayoutRouter (webpack-internal:///(app-pages-browser)/./node_modules/next/dist/client/components/layout-router.js:370:11)
    at div
    at RedesignLayout (Server)
    at InnerLayoutRouter (webpack-internal:///(app-pages-browser)/./node_modules/next/dist/client/components/layout-router.js:243:11)
    at RedirectErrorBoundary (webpack-internal:///(app-pages-browser)/./node_modules/next/dist/client/components/redirect-boundary.js:74:9)
    at RedirectBoundary (webpack-internal:///(app-pages-browser)/./node_modules/next/dist/client/components/redirect-boundary.js:82:11)
    at NotFoundErrorBoundary (webpack-internal:///(app-pages-browser)/./node_modules/next/dist/client/components/not-found-boundary.js:76:9)
    at NotFoundBoundary (webpack-internal:///(app-pages-browser)/./node_modules/next/dist/client/components/not-found-boundary.js:84:11)
    at LoadingBoundary (webpack-internal:///(app-pages-browser)/./node_modules/next/dist/client/components/layout-router.js:349:11)
    at ErrorBoundary (webpack-internal:///(app-pages-browser)/./node_modules/next/dist/client/components/error-boundary.js:160:11)
    at InnerScrollAndFocusHandler (webpack-internal:///(app-pages-browser)/./node_modules/next/dist/client/components/layout-router.js:153:9)
    at ScrollAndFocusHandler (webpack-internal:///(app-pages-browser)/./node_modules/next/dist/client/components/layout-router.js:228:11)
    at RenderFromTemplateContext (webpack-internal:///(app-pages-browser)/./node_modules/next/dist/client/components/render-from-template-context.js:16:44)
    at OuterLayoutRouter (webpack-internal:///(app-pages-browser)/./node_modules/next/dist/client/components/layout-router.js:370:11)
    at __experimental_CheckoutProvider (webpack-internal:///(app-pages-browser)/./node_modules/@clerk/shared/dist/runtime/react/index.mjs:136:44)
    at SWRConfig (webpack-internal:///(app-pages-browser)/./node_modules/swr/dist/_internal/config-context-client-BoS53ST9.mjs:554:13)
    at SWRConfigCompat (webpack-internal:///(app-pages-browser)/./node_modules/@clerk/shared/dist/runtime/react/index.mjs:124:28)
    at OrganizationProvider (webpack-internal:///(app-pages-browser)/./node_modules/@clerk/shared/dist/runtime/react/index.mjs:148:33)
    at ClerkContextProvider (webpack-internal:///(app-pages-browser)/./node_modules/@clerk/clerk-react/dist/index.mjs:1849:11)
    at ClerkProviderBase (webpack-internal:///(app-pages-browser)/./node_modules/@clerk/clerk-react/dist/index.mjs:1941:11)
    at Hoc (webpack-internal:///(app-pages-browser)/./node_modules/@clerk/clerk-react/dist/chunk-THNCS7QR.mjs:84:5)
    at ClerkNextOptionsProvider (webpack-internal:///(app-pages-browser)/./node_modules/@clerk/nextjs/dist/esm/client-boundary/NextOptionsContext.js:17:11)
    at NextClientClerkProvider (webpack-internal:///(app-pages-browser)/./node_modules/@clerk/nextjs/dist/esm/app-router/client/ClerkProvider.js:62:13)
    at ClientClerkProvider (webpack-internal:///(app-pages-browser)/./node_modules/@clerk/nextjs/dist/esm/app-router/client/ClerkProvider.js:135:13)
    at ClerkProvider (Server)
    at body
    at html
    at RootLayout (Server)
    at RedirectErrorBoundary (webpack-internal:///(app-pages-browser)/./node_modules/next/dist/client/components/redirect-boundary.js:74:9)
    at RedirectBoundary (webpack-internal:///(app-pages-browser)/./node_modules/next/dist/client/components/redirect-boundary.js:82:11)
    at NotFoundErrorBoundary (webpack-internal:///(app-pages-browser)/./node_modules/next/dist/client/components/not-found-boundary.js:76:9)
    at NotFoundBoundary (webpack-internal:///(app-pages-browser)/./node_modules/next/dist/client/components/not-found-boundary.js:84:11)
    at DevRootNotFoundBoundary (webpack-internal:///(app-pages-browser)/./node_modules/next/dist/client/components/dev-root-not-found-boundary.js:33:11)
    at ReactDevOverlay (webpack-internal:///(app-pages-browser)/./node_modules/next/dist/client/components/react-dev-overlay/app/ReactDevOverlay.js:87:9)
    at HotReload (webpack-internal:///(app-pages-browser)/./node_modules/next/dist/client/components/react-dev-overlay/app/hot-reloader-client.js:321:11)
    at Router (webpack-internal:///(app-pages-browser)/./node_modules/next/dist/client/components/app-router.js:207:11)
    at ErrorBoundaryHandler (webpack-internal:///(app-pages-browser)/./node_modules/next/dist/client/components/error-boundary.js:113:9)
    at ErrorBoundary (webpack-internal:///(app-pages-browser)/./node_modules/next/dist/client/components/error-boundary.js:160:11)
    at AppRouter (webpack-internal:///(app-pages-browser)/./node_modules/next/dist/client/components/app-router.js:585:13)
    at ServerRoot (webpack-internal:///(app-pages-browser)/./node_modules/next/dist/client/app-index.js:112:27)
    at Root (webpack-internal:///(app-pages-browser)/./node_modules/next/dist/client/app-index.js:117:11)

React will try to recreate this component tree from scratch using the error boundary you provided, ErrorBoundaryHandler. @ webpack-internal:///(app-pages-browser)/./node_modules/next/dist/client/app-index.js:32
[  483100ms] [ERROR] Page error: Error: ChevronRight is not defined
    at GuidePage (webpack-internal:///(rsc)/./src/app/redesign/guides/[guideId]/page.tsx:176:113)
    at process.processTicksAndRejections (node:internal/process/task_queues:105:5) @ webpack-internal:///(app-pages-browser)/./node_modules/next/dist/client/app-index.js:32
[  483101ms] [ERROR] Page error: Error: ChevronRight is not defined
    at GuidePage (webpack-internal:///(rsc)/./src/app/redesign/guides/[guideId]/page.tsx:176:113)
    at process.processTicksAndRejections (node:internal/process/task_queues:105:5) @ webpack-internal:///(app-pages-browser)/./node_modules/next/dist/client/app-index.js:32
[  495282ms] [LOG] [Fast Refresh] rebuilding @ webpack-internal:///(app-pages-browser)/./node_modules/next/dist/client/components/react-dev-overlay/app/hot-reloader-client.js:186
[  498509ms] [LOG] [Fast Refresh] done in 3227ms @ webpack-internal:///(app-pages-browser)/./node_modules/next/dist/client/components/react-dev-overlay/app/hot-reloader-client.js:43
[  500594ms] [LOG] [Fast Refresh] rebuilding @ webpack-internal:///(app-pages-browser)/./node_modules/next/dist/client/components/react-dev-overlay/app/hot-reloader-client.js:186
[  501639ms] [LOG] [Fast Refresh] rebuilding @ webpack-internal:///(app-pages-browser)/./node_modules/next/dist/client/components/react-dev-overlay/app/hot-reloader-client.js:186
[  501758ms] [LOG] [Fast Refresh] done in 119ms @ webpack-internal:///(app-pages-browser)/./node_modules/next/dist/client/components/react-dev-overlay/app/hot-reloader-client.js:43
[  501875ms] [ERROR] ./src/app/redesign/guides/[guideId]/page.tsx
Error: 
  x Expression expected
     ,-[/Users/knowprajjwal/LearningPlatform/src/app/redesign/guides/[guideId]/page.tsx:99:1]
  99 |     .filter((c): c is NonNullable<typeof c> => c !== null);
 100 | 
 101 |   return (
 102 |     <>
     :      ^
 103 |       <RedesignNav />
 104 | 
 105 |       {/* Animated Hero Header */}
     `----

  x Expected ',', got '{'
     ,-[/Users/knowprajjwal/LearningPlatform/src/app/redesign/guides/[guideId]/page.tsx:102:1]
 102 |     <>
 103 |       <RedesignNav />
 104 | 
 105 |       {/* Animated Hero Header */}
     :       ^
 106 |       <AnimatedHero
 107 |         title={guide.title}
 108 |         description={guide.description}
     `----

Caused by:
    Syntax Error

Import trace for requested module:
./src/app/redesign/guides/[guideId]/page.tsx @ webpack-internal:///(app-pages-browser)/./node_modules/next/dist/client/app-index.js:32
[  504541ms] [LOG] [Fast Refresh] rebuilding @ webpack-internal:///(app-pages-browser)/./node_modules/next/dist/client/components/react-dev-overlay/app/hot-reloader-client.js:186
[  504993ms] [ERROR] ./src/app/redesign/guides/[guideId]/page.tsx
Error: 
  x Expression expected
     ,-[/Users/knowprajjwal/LearningPlatform/src/app/redesign/guides/[guideId]/page.tsx:99:1]
  99 |     .filter((c): c is NonNullable<typeof c> => c !== null);
 100 | 
 101 |   return (
 102 |     <>
     :      ^
 103 |       <RedesignNav />
 104 | 
 105 |       {/* Animated Hero Header */}
     `----

  x Expected ',', got '{'
     ,-[/Users/knowprajjwal/LearningPlatform/src/app/redesign/guides/[guideId]/page.tsx:102:1]
 102 |     <>
 103 |       <RedesignNav />
 104 | 
 105 |       {/* Animated Hero Header */}
     :       ^
 106 |       <AnimatedHero
 107 |         title={guide.title}
 108 |         description={guide.description}
     `----

Caused by:
    Syntax Error

Import trace for requested module:
./src/app/redesign/guides/[guideId]/page.tsx @ webpack-internal:///(app-pages-browser)/./node_modules/next/dist/client/app-index.js:32
[  507188ms] [ERROR] Failed to load resource: the server responded with a status of 500 (Internal Server Error) @ http://localhost:5001/redesign/guides/how-to-calculate-financed-emissions?_rsc=1q7lr:0
[  508273ms] [WARNING] [Fast Refresh] performing full reload

Fast Refresh will perform a full reload when you edit a file that's imported by modules outside of the React rendering tree.
You might have a file which exports a React component but also exports a value that is imported by a non-React component file.
Consider migrating the non-React component export to a separate file and importing it into both files.

It is also possible the parent component of the component you edited is a class component, which disables Fast Refresh.
Fast Refresh requires at least one parent function component in your React tree. @ webpack-internal:///(app-pages-browser)/./node_modules/next/dist/client/components/react-dev-overlay/app/hot-reloader-client.js:112
[  508282ms] [ERROR] Failed to load resource: the server responded with a status of 500 (Internal Server Error) @ http://localhost:5001/redesign/guides/how-to-calculate-financed-emissions:0
[  522673ms] [INFO] %cDownload the React DevTools for a better development experience: https://reactjs.org/link/react-devtools font-weight:bold @ webpack-internal:///./node_modules/react-dom/cjs/react-dom.development.js:29889
[  522889ms] ModuleBuildError: Module build failed (from ./node_modules/next/dist/build/webpack/loaders/next-swc-loader.js):
Error: 
  x Expression expected
     ,-[/Users/knowprajjwal/LearningPlatform/src/app/redesign/guides/[guideId]/page.tsx:99:1]
  99 |     .filter((c): c is NonNullable<typeof c> => c !== null);
 100 | 
 101 |   return (
 102 |     <>
     :      ^
 103 |       <RedesignNav />
 104 | 
 105 |       {/* Animated Hero Header */}
     `----

  x Expected ',', got '{'
     ,-[/Users/knowprajjwal/LearningPlatform/src/app/redesign/guides/[guideId]/page.tsx:102:1]
 102 |     <>
 103 |       <RedesignNav />
 104 | 
 105 |       {/* Animated Hero Header */}
     :       ^
 106 |       <AnimatedHero
 107 |         title={guide.title}
 108 |         description={guide.description}
     `----


Caused by:
    Syntax Error
    at processResult (file:///Users/knowprajjwal/LearningPlatform/node_modules/next/dist/compiled/webpack/bundle5.js:28:400590)
    at <unknown> (file:///Users/knowprajjwal/LearningPlatform/node_modules/next/dist/compiled/webpack/bundle5.js:28:402302)
    at <unknown> (file:///Users/knowprajjwal/LearningPlatform/node_modules/next/dist/compiled/loader-runner/LoaderRunner.js:1:8645)
    at <unknown> (file:///Users/knowprajjwal/LearningPlatform/node_modules/next/dist/compiled/loader-runner/LoaderRunner.js:1:5019)
    at r.callback (file:///Users/knowprajjwal/LearningPlatform/node_modules/next/dist/compiled/loader-runner/LoaderRunner.js:1:4039)
[  522896ms] [LOG] [HMR] connected @ webpack-internal:///./node_modules/next/dist/client/components/react-dev-overlay/pages/websocket.js:38
[  523623ms] [ERROR] Failed to load resource: the server responded with a status of 404 (Not Found) @ http://localhost:5001/_next/static/webpack/e730b22b990549b9.webpack.hot-update.json:0
[  523624ms] [WARNING] [Fast Refresh] performing full reload because your application had an unrecoverable error @ webpack-internal:///./node_modules/next/dist/client/components/react-dev-overlay/pages/hot-reloader-client.js:349
[  523913ms] [LOG] [Fast Refresh] rebuilding @ webpack-internal:///./node_modules/next/dist/client/components/react-dev-overlay/pages/hot-reloader-client.js:221
[  527947ms] [WARNING] [Fast Refresh] performing full reload

Fast Refresh will perform a full reload when you edit a file that's imported by modules outside of the React rendering tree.
You might have a file which exports a React component but also exports a value that is imported by a non-React component file.
Consider migrating the non-React component export to a separate file and importing it into both files.

It is also possible the parent component of the component you edited is a class component, which disables Fast Refresh.
Fast Refresh requires at least one parent function component in your React tree. @ webpack-internal:///./node_modules/next/dist/client/components/react-dev-overlay/pages/hot-reloader-client.js:347
[  535314ms] [INFO] %cDownload the React DevTools for a better development experience: https://reactjs.org/link/react-devtools font-weight:bold @ webpack-internal:///(app-pages-browser)/./node_modules/next/dist/compiled/react-dom/cjs/react-dom.development.js:38559
[  536115ms] [ERROR] Warning: %s a style property during rerender (%s) when a conflicting property is set (%s) can lead to styling bugs. To avoid this, don't mix shorthand and non-shorthand properties for the same value; instead, replace the shorthand with separate values.%s Updating animation animationDelay 
    at div
    at section
    at AnimatedHero (webpack-internal:///(app-pages-browser)/./src/app/redesign/guides/[guideId]/_components/AnimatedHero.tsx:33:11)
    at GuidePage (Server)
    at InnerLayoutRouter (webpack-internal:///(app-pages-browser)/./node_modules/next/dist/client/components/layout-router.js:243:11)
    at RedirectErrorBoundary (webpack-internal:///(app-pages-browser)/./node_modules/next/dist/client/components/redirect-boundary.js:74:9)
    at RedirectBoundary (webpack-internal:///(app-pages-browser)/./node_modules/next/dist/client/components/redirect-boundary.js:82:11)
    at NotFoundBoundary (webpack-internal:///(app-pages-browser)/./node_modules/next/dist/client/components/not-found-boundary.js:84:11)
    at LoadingBoundary (webpack-internal:///(app-pages-browser)/./node_modules/next/dist/client/components/layout-router.js:349:11)
    at ErrorBoundary (webpack-internal:///(app-pages-browser)/./node_modules/next/dist/client/components/error-boundary.js:160:11)
    at InnerScrollAndFocusHandler (webpack-internal:///(app-pages-browser)/./node_modules/next/dist/client/components/layout-router.js:153:9)
    at ScrollAndFocusHandler (webpack-internal:///(app-pages-browser)/./node_modules/next/dist/client/components/layout-router.js:228:11)
    at RenderFromTemplateContext (webpack-internal:///(app-pages-browser)/./node_modules/next/dist/client/components/render-from-template-context.js:16:44)
    at OuterLayoutRouter (webpack-internal:///(app-pages-browser)/./node_modules/next/dist/client/components/layout-router.js:370:11)
    at InnerLayoutRouter (webpack-internal:///(app-pages-browser)/./node_modules/next/dist/client/components/layout-router.js:243:11)
    at RedirectErrorBoundary (webpack-internal:///(app-pages-browser)/./node_modules/next/dist/client/components/redirect-boundary.js:74:9)
    at RedirectBoundary (webpack-internal:///(app-pages-browser)/./node_modules/next/dist/client/components/redirect-boundary.js:82:11)
    at NotFoundBoundary (webpack-internal:///(app-pages-browser)/./node_modules/next/dist/client/components/not-found-boundary.js:84:11)
    at LoadingBoundary (webpack-internal:///(app-pages-browser)/./node_modules/next/dist/client/components/layout-router.js:349:11)
    at ErrorBoundary (webpack-internal:///(app-pages-browser)/./node_modules/next/dist/client/components/error-boundary.js:160:11)
    at InnerScrollAndFocusHandler (webpack-internal:///(app-pages-browser)/./node_modules/next/dist/client/components/layout-router.js:153:9)
    at ScrollAndFocusHandler (webpack-internal:///(app-pages-browser)/./node_modules/next/dist/client/components/layout-router.js:228:11)
    at RenderFromTemplateContext (webpack-internal:///(app-pages-browser)/./node_modules/next/dist/client/components/render-from-template-context.js:16:44)
    at OuterLayoutRouter (webpack-internal:///(app-pages-browser)/./node_modules/next/dist/client/components/layout-router.js:370:11)
    at InnerLayoutRouter (webpack-internal:///(app-pages-browser)/./node_modules/next/dist/client/components/layout-router.js:243:11)
    at RedirectErrorBoundary (webpack-internal:///(app-pages-browser)/./node_modules/next/dist/client/components/redirect-boundary.js:74:9)
    at RedirectBoundary (webpack-internal:///(app-pages-browser)/./node_modules/next/dist/client/components/redirect-boundary.js:82:11)
    at NotFoundErrorBoundary (webpack-internal:///(app-pages-browser)/./node_modules/next/dist/client/components/not-found-boundary.js:76:9)
    at NotFoundBoundary (webpack-internal:///(app-pages-browser)/./node_modules/next/dist/client/components/not-found-boundary.js:84:11)
    at LoadingBoundary (webpack-internal:///(app-pages-browser)/./node_modules/next/dist/client/components/layout-router.js:349:11)
    at ErrorBoundaryHandler (webpack-internal:///(app-pages-browser)/./node_modules/next/dist/client/components/error-boundary.js:113:9)
    at ErrorBoundary (webpack-internal:///(app-pages-browser)/./node_modules/next/dist/client/components/error-boundary.js:160:11)
    at InnerScrollAndFocusHandler (webpack-internal:///(app-pages-browser)/./node_modules/next/dist/client/components/layout-router.js:153:9)
    at ScrollAndFocusHandler (webpack-internal:///(app-pages-browser)/./node_modules/next/dist/client/components/layout-router.js:228:11)
    at RenderFromTemplateContext (webpack-internal:///(app-pages-browser)/./node_modules/next/dist/client/components/render-from-template-context.js:16:44)
    at OuterLayoutRouter (webpack-internal:///(app-pages-browser)/./node_modules/next/dist/client/components/layout-router.js:370:11)
    at div
    at InnerLayoutRouter (webpack-internal:///(app-pages-browser)/./node_modules/next/dist/client/components/layout-router.js:243:11)
    at RedirectErrorBoundary (webpack-internal:///(app-pages-browser)/./node_modules/next/dist/client/components/redirect-boundary.js:74:9)
    at RedirectBoundary (webpack-internal:///(app-pages-browser)/./node_modules/next/dist/client/components/redirect-boundary.js:82:11)
    at NotFoundErrorBoundary (webpack-internal:///(app-pages-browser)/./node_modules/next/dist/client/components/not-found-boundary.js:76:9)
    at NotFoundBoundary (webpack-internal:///(app-pages-browser)/./node_modules/next/dist/client/components/not-found-boundary.js:84:11)
    at LoadingBoundary (webpack-internal:///(app-pages-browser)/./node_modules/next/dist/client/components/layout-router.js:349:11)
    at ErrorBoundary (webpack-internal:///(app-pages-browser)/./node_modules/next/dist/client/components/error-boundary.js:160:11)
    at InnerScrollAndFocusHandler (webpack-internal:///(app-pages-browser)/./node_modules/next/dist/client/components/layout-router.js:153:9)
    at ScrollAndFocusHandler (webpack-internal:///(app-pages-browser)/./node_modules/next/dist/client/components/layout-router.js:228:11)
    at RenderFromTemplateContext (webpack-internal:///(app-pages-browser)/./node_modules/next/dist/client/components/render-from-template-context.js:16:44)
    at OuterLayoutRouter (webpack-internal:///(app-pages-browser)/./node_modules/next/dist/client/components/layout-router.js:370:11)
    at __experimental_CheckoutProvider (webpack-internal:///(app-pages-browser)/./node_modules/@clerk/shared/dist/runtime/react/index.mjs:136:44)
    at SWRConfig (webpack-internal:///(app-pages-browser)/./node_modules/swr/dist/_internal/config-context-client-BoS53ST9.mjs:554:13)
    at SWRConfigCompat (webpack-internal:///(app-pages-browser)/./node_modules/@clerk/shared/dist/runtime/react/index.mjs:124:28)
    at OrganizationProvider (webpack-internal:///(app-pages-browser)/./node_modules/@clerk/shared/dist/runtime/react/index.mjs:148:33)
    at ClerkContextProvider (webpack-internal:///(app-pages-browser)/./node_modules/@clerk/clerk-react/dist/index.mjs:1849:11)
    at ClerkProviderBase (webpack-internal:///(app-pages-browser)/./node_modules/@clerk/clerk-react/dist/index.mjs:1941:11)
    at Hoc (webpack-internal:///(app-pages-browser)/./node_modules/@clerk/clerk-react/dist/chunk-THNCS7QR.mjs:84:5)
    at ClerkNextOptionsProvider (webpack-internal:///(app-pages-browser)/./node_modules/@clerk/nextjs/dist/esm/client-boundary/NextOptionsContext.js:17:11)
    at NextClientClerkProvider (webpack-internal:///(app-pages-browser)/./node_modules/@clerk/nextjs/dist/esm/app-router/client/ClerkProvider.js:62:13)
    at ClientClerkProvider (webpack-internal:///(app-pages-browser)/./node_modules/@clerk/nextjs/dist/esm/app-router/client/ClerkProvider.js:135:13)
    at ClerkProvider (Server)
    at body
    at html
    at RootLayout (Server)
    at RedirectErrorBoundary (webpack-internal:///(app-pages-browser)/./node_modules/next/dist/client/components/redirect-boundary.js:74:9)
    at RedirectBoundary (webpack-internal:///(app-pages-browser)/./node_modules/next/dist/client/components/redirect-boundary.js:82:11)
    at NotFoundErrorBoundary (webpack-internal:///(app-pages-browser)/./node_modules/next/dist/client/components/not-found-boundary.js:76:9)
    at NotFoundBoundary (webpack-internal:///(app-pages-browser)/./node_modules/next/dist/client/components/not-found-boundary.js:84:11)
    at DevRootNotFoundBoundary (webpack-internal:///(app-pages-browser)/./node_modules/next/dist/client/components/dev-root-not-found-boundary.js:33:11)
    at ReactDevOverlay (webpack-internal:///(app-pages-browser)/./node_modules/next/dist/client/components/react-dev-overlay/app/ReactDevOverlay.js:87:9)
    at HotReload (webpack-internal:///(app-pages-browser)/./node_modules/next/dist/client/components/react-dev-overlay/app/hot-reloader-client.js:321:11)
    at Router (webpack-internal:///(app-pages-browser)/./node_modules/next/dist/client/components/app-router.js:207:11)
    at ErrorBoundaryHandler (webpack-internal:///(app-pages-browser)/./node_modules/next/dist/client/components/error-boundary.js:113:9)
    at ErrorBoundary (webpack-internal:///(app-pages-browser)/./node_modules/next/dist/client/components/error-boundary.js:160:11)
    at AppRouter (webpack-internal:///(app-pages-browser)/./node_modules/next/dist/client/components/app-router.js:585:13)
    at ServerRoot (webpack-internal:///(app-pages-browser)/./node_modules/next/dist/client/app-index.js:112:27)
    at Root (webpack-internal:///(app-pages-browser)/./node_modules/next/dist/client/app-index.js:117:11) @ webpack-internal:///(app-pages-browser)/./node_modules/next/dist/client/app-index.js:32
[  536118ms] [ERROR] Warning: %s a style property during rerender (%s) when a conflicting property is set (%s) can lead to styling bugs. To avoid this, don't mix shorthand and non-shorthand properties for the same value; instead, replace the shorthand with separate values.%s Updating animation animationDelay 
    at div
    at section
    at AnimatedHero (webpack-internal:///(app-pages-browser)/./src/app/redesign/guides/[guideId]/_components/AnimatedHero.tsx:33:11)
    at GuidePage (Server)
    at InnerLayoutRouter (webpack-internal:///(app-pages-browser)/./node_modules/next/dist/client/components/layout-router.js:243:11)
    at RedirectErrorBoundary (webpack-internal:///(app-pages-browser)/./node_modules/next/dist/client/components/redirect-boundary.js:74:9)
    at RedirectBoundary (webpack-internal:///(app-pages-browser)/./node_modules/next/dist/client/components/redirect-boundary.js:82:11)
    at NotFoundBoundary (webpack-internal:///(app-pages-browser)/./node_modules/next/dist/client/components/not-found-boundary.js:84:11)
    at LoadingBoundary (webpack-internal:///(app-pages-browser)/./node_modules/next/dist/client/components/layout-router.js:349:11)
    at ErrorBoundary (webpack-internal:///(app-pages-browser)/./node_modules/next/dist/client/components/error-boundary.js:160:11)
    at InnerScrollAndFocusHandler (webpack-internal:///(app-pages-browser)/./node_modules/next/dist/client/components/layout-router.js:153:9)
    at ScrollAndFocusHandler (webpack-internal:///(app-pages-browser)/./node_modules/next/dist/client/components/layout-router.js:228:11)
    at RenderFromTemplateContext (webpack-internal:///(app-pages-browser)/./node_modules/next/dist/client/components/render-from-template-context.js:16:44)
    at OuterLayoutRouter (webpack-internal:///(app-pages-browser)/./node_modules/next/dist/client/components/layout-router.js:370:11)
    at InnerLayoutRouter (webpack-internal:///(app-pages-browser)/./node_modules/next/dist/client/components/layout-router.js:243:11)
    at RedirectErrorBoundary (webpack-internal:///(app-pages-browser)/./node_modules/next/dist/client/components/redirect-boundary.js:74:9)
    at RedirectBoundary (webpack-internal:///(app-pages-browser)/./node_modules/next/dist/client/components/redirect-boundary.js:82:11)
    at NotFoundBoundary (webpack-internal:///(app-pages-browser)/./node_modules/next/dist/client/components/not-found-boundary.js:84:11)
    at LoadingBoundary (webpack-internal:///(app-pages-browser)/./node_modules/next/dist/client/components/layout-router.js:349:11)
    at ErrorBoundary (webpack-internal:///(app-pages-browser)/./node_modules/next/dist/client/components/error-boundary.js:160:11)
    at InnerScrollAndFocusHandler (webpack-internal:///(app-pages-browser)/./node_modules/next/dist/client/components/layout-router.js:153:9)
    at ScrollAndFocusHandler (webpack-internal:///(app-pages-browser)/./node_modules/next/dist/client/components/layout-router.js:228:11)
    at RenderFromTemplateContext (webpack-internal:///(app-pages-browser)/./node_modules/next/dist/client/components/render-from-template-context.js:16:44)
    at OuterLayoutRouter (webpack-internal:///(app-pages-browser)/./node_modules/next/dist/client/components/layout-router.js:370:11)
    at InnerLayoutRouter (webpack-internal:///(app-pages-browser)/./node_modules/next/dist/client/components/layout-router.js:243:11)
    at RedirectErrorBoundary (webpack-internal:///(app-pages-browser)/./node_modules/next/dist/client/components/redirect-boundary.js:74:9)
    at RedirectBoundary (webpack-internal:///(app-pages-browser)/./node_modules/next/dist/client/components/redirect-boundary.js:82:11)
    at NotFoundErrorBoundary (webpack-internal:///(app-pages-browser)/./node_modules/next/dist/client/components/not-found-boundary.js:76:9)
    at NotFoundBoundary (webpack-internal:///(app-pages-browser)/./node_modules/next/dist/client/components/not-found-boundary.js:84:11)
    at LoadingBoundary (webpack-internal:///(app-pages-browser)/./node_modules/next/dist/client/components/layout-router.js:349:11)
    at ErrorBoundaryHandler (webpack-internal:///(app-pages-browser)/./node_modules/next/dist/client/components/error-boundary.js:113:9)
    at ErrorBoundary (webpack-internal:///(app-pages-browser)/./node_modules/next/dist/client/components/error-boundary.js:160:11)
    at InnerScrollAndFocusHandler (webpack-internal:///(app-pages-browser)/./node_modules/next/dist/client/components/layout-router.js:153:9)
    at ScrollAndFocusHandler (webpack-internal:///(app-pages-browser)/./node_modules/next/dist/client/components/layout-router.js:228:11)
    at RenderFromTemplateContext (webpack-internal:///(app-pages-browser)/./node_modules/next/dist/client/components/render-from-template-context.js:16:44)
    at OuterLayoutRouter (webpack-internal:///(app-pages-browser)/./node_modules/next/dist/client/components/layout-router.js:370:11)
    at div
    at InnerLayoutRouter (webpack-internal:///(app-pages-browser)/./node_modules/next/dist/client/components/layout-router.js:243:11)
    at RedirectErrorBoundary (webpack-internal:///(app-pages-browser)/./node_modules/next/dist/client/components/redirect-boundary.js:74:9)
    at RedirectBoundary (webpack-internal:///(app-pages-browser)/./node_modules/next/dist/client/components/redirect-boundary.js:82:11)
    at NotFoundErrorBoundary (webpack-internal:///(app-pages-browser)/./node_modules/next/dist/client/components/not-found-boundary.js:76:9)
    at NotFoundBoundary (webpack-internal:///(app-pages-browser)/./node_modules/next/dist/client/components/not-found-boundary.js:84:11)
    at LoadingBoundary (webpack-internal:///(app-pages-browser)/./node_modules/next/dist/client/components/layout-router.js:349:11)
    at ErrorBoundary (webpack-internal:///(app-pages-browser)/./node_modules/next/dist/client/components/error-boundary.js:160:11)
    at InnerScrollAndFocusHandler (webpack-internal:///(app-pages-browser)/./node_modules/next/dist/client/components/layout-router.js:153:9)
    at ScrollAndFocusHandler (webpack-internal:///(app-pages-browser)/./node_modules/next/dist/client/components/layout-router.js:228:11)
    at RenderFromTemplateContext (webpack-internal:///(app-pages-browser)/./node_modules/next/dist/client/components/render-from-template-context.js:16:44)
    at OuterLayoutRouter (webpack-internal:///(app-pages-browser)/./node_modules/next/dist/client/components/layout-router.js:370:11)
    at __experimental_CheckoutProvider (webpack-internal:///(app-pages-browser)/./node_modules/@clerk/shared/dist/runtime/react/index.mjs:136:44)
    at SWRConfig (webpack-internal:///(app-pages-browser)/./node_modules/swr/dist/_internal/config-context-client-BoS53ST9.mjs:554:13)
    at SWRConfigCompat (webpack-internal:///(app-pages-browser)/./node_modules/@clerk/shared/dist/runtime/react/index.mjs:124:28)
    at OrganizationProvider (webpack-internal:///(app-pages-browser)/./node_modules/@clerk/shared/dist/runtime/react/index.mjs:148:33)
    at ClerkContextProvider (webpack-internal:///(app-pages-browser)/./node_modules/@clerk/clerk-react/dist/index.mjs:1849:11)
    at ClerkProviderBase (webpack-internal:///(app-pages-browser)/./node_modules/@clerk/clerk-react/dist/index.mjs:1941:11)
    at Hoc (webpack-internal:///(app-pages-browser)/./node_modules/@clerk/clerk-react/dist/chunk-THNCS7QR.mjs:84:5)
    at ClerkNextOptionsProvider (webpack-internal:///(app-pages-browser)/./node_modules/@clerk/nextjs/dist/esm/client-boundary/NextOptionsContext.js:17:11)
    at NextClientClerkProvider (webpack-internal:///(app-pages-browser)/./node_modules/@clerk/nextjs/dist/esm/app-router/client/ClerkProvider.js:62:13)
    at ClientClerkProvider (webpack-internal:///(app-pages-browser)/./node_modules/@clerk/nextjs/dist/esm/app-router/client/ClerkProvider.js:135:13)
    at ClerkProvider (Server)
    at body
    at html
    at RootLayout (Server)
    at RedirectErrorBoundary (webpack-internal:///(app-pages-browser)/./node_modules/next/dist/client/components/redirect-boundary.js:74:9)
    at RedirectBoundary (webpack-internal:///(app-pages-browser)/./node_modules/next/dist/client/components/redirect-boundary.js:82:11)
    at NotFoundErrorBoundary (webpack-internal:///(app-pages-browser)/./node_modules/next/dist/client/components/not-found-boundary.js:76:9)
    at NotFoundBoundary (webpack-internal:///(app-pages-browser)/./node_modules/next/dist/client/components/not-found-boundary.js:84:11)
    at DevRootNotFoundBoundary (webpack-internal:///(app-pages-browser)/./node_modules/next/dist/client/components/dev-root-not-found-boundary.js:33:11)
    at ReactDevOverlay (webpack-internal:///(app-pages-browser)/./node_modules/next/dist/client/components/react-dev-overlay/app/ReactDevOverlay.js:87:9)
    at HotReload (webpack-internal:///(app-pages-browser)/./node_modules/next/dist/client/components/react-dev-overlay/app/hot-reloader-client.js:321:11)
    at Router (webpack-internal:///(app-pages-browser)/./node_modules/next/dist/client/components/app-router.js:207:11)
    at ErrorBoundaryHandler (webpack-internal:///(app-pages-browser)/./node_modules/next/dist/client/components/error-boundary.js:113:9)
    at ErrorBoundary (webpack-internal:///(app-pages-browser)/./node_modules/next/dist/client/components/error-boundary.js:160:11)
    at AppRouter (webpack-internal:///(app-pages-browser)/./node_modules/next/dist/client/components/app-router.js:585:13)
    at ServerRoot (webpack-internal:///(app-pages-browser)/./node_modules/next/dist/client/app-index.js:112:27)
    at Root (webpack-internal:///(app-pages-browser)/./node_modules/next/dist/client/app-index.js:117:11) @ webpack-internal:///(app-pages-browser)/./node_modules/next/dist/client/app-index.js:32
[  536119ms] [ERROR] Warning: %s a style property during rerender (%s) when a conflicting property is set (%s) can lead to styling bugs. To avoid this, don't mix shorthand and non-shorthand properties for the same value; instead, replace the shorthand with separate values.%s Updating animation animationDelay 
    at div
    at section
    at AnimatedHero (webpack-internal:///(app-pages-browser)/./src/app/redesign/guides/[guideId]/_components/AnimatedHero.tsx:33:11)
    at GuidePage (Server)
    at InnerLayoutRouter (webpack-internal:///(app-pages-browser)/./node_modules/next/dist/client/components/layout-router.js:243:11)
    at RedirectErrorBoundary (webpack-internal:///(app-pages-browser)/./node_modules/next/dist/client/components/redirect-boundary.js:74:9)
    at RedirectBoundary (webpack-internal:///(app-pages-browser)/./node_modules/next/dist/client/components/redirect-boundary.js:82:11)
    at NotFoundBoundary (webpack-internal:///(app-pages-browser)/./node_modules/next/dist/client/components/not-found-boundary.js:84:11)
    at LoadingBoundary (webpack-internal:///(app-pages-browser)/./node_modules/next/dist/client/components/layout-router.js:349:11)
    at ErrorBoundary (webpack-internal:///(app-pages-browser)/./node_modules/next/dist/client/components/error-boundary.js:160:11)
    at InnerScrollAndFocusHandler (webpack-internal:///(app-pages-browser)/./node_modules/next/dist/client/components/layout-router.js:153:9)
    at ScrollAndFocusHandler (webpack-internal:///(app-pages-browser)/./node_modules/next/dist/client/components/layout-router.js:228:11)
    at RenderFromTemplateContext (webpack-internal:///(app-pages-browser)/./node_modules/next/dist/client/components/render-from-template-context.js:16:44)
    at OuterLayoutRouter (webpack-internal:///(app-pages-browser)/./node_modules/next/dist/client/components/layout-router.js:370:11)
    at InnerLayoutRouter (webpack-internal:///(app-pages-browser)/./node_modules/next/dist/client/components/layout-router.js:243:11)
    at RedirectErrorBoundary (webpack-internal:///(app-pages-browser)/./node_modules/next/dist/client/components/redirect-boundary.js:74:9)
    at RedirectBoundary (webpack-internal:///(app-pages-browser)/./node_modules/next/dist/client/components/redirect-boundary.js:82:11)
    at NotFoundBoundary (webpack-internal:///(app-pages-browser)/./node_modules/next/dist/client/components/not-found-boundary.js:84:11)
    at LoadingBoundary (webpack-internal:///(app-pages-browser)/./node_modules/next/dist/client/components/layout-router.js:349:11)
    at ErrorBoundary (webpack-internal:///(app-pages-browser)/./node_modules/next/dist/client/components/error-boundary.js:160:11)
    at InnerScrollAndFocusHandler (webpack-internal:///(app-pages-browser)/./node_modules/next/dist/client/components/layout-router.js:153:9)
    at ScrollAndFocusHandler (webpack-internal:///(app-pages-browser)/./node_modules/next/dist/client/components/layout-router.js:228:11)
    at RenderFromTemplateContext (webpack-internal:///(app-pages-browser)/./node_modules/next/dist/client/components/render-from-template-context.js:16:44)
    at OuterLayoutRouter (webpack-internal:///(app-pages-browser)/./node_modules/next/dist/client/components/layout-router.js:370:11)
    at InnerLayoutRouter (webpack-internal:///(app-pages-browser)/./node_modules/next/dist/client/components/layout-router.js:243:11)
    at RedirectErrorBoundary (webpack-internal:///(app-pages-browser)/./node_modules/next/dist/client/components/redirect-boundary.js:74:9)
    at RedirectBoundary (webpack-internal:///(app-pages-browser)/./node_modules/next/dist/client/components/redirect-boundary.js:82:11)
    at NotFoundErrorBoundary (webpack-internal:///(app-pages-browser)/./node_modules/next/dist/client/components/not-found-boundary.js:76:9)
    at NotFoundBoundary (webpack-internal:///(app-pages-browser)/./node_modules/next/dist/client/components/not-found-boundary.js:84:11)
    at LoadingBoundary (webpack-internal:///(app-pages-browser)/./node_modules/next/dist/client/components/layout-router.js:349:11)
    at ErrorBoundaryHandler (webpack-internal:///(app-pages-browser)/./node_modules/next/dist/client/components/error-boundary.js:113:9)
    at ErrorBoundary (webpack-internal:///(app-pages-browser)/./node_modules/next/dist/client/components/error-boundary.js:160:11)
    at InnerScrollAndFocusHandler (webpack-internal:///(app-pages-browser)/./node_modules/next/dist/client/components/layout-router.js:153:9)
    at ScrollAndFocusHandler (webpack-internal:///(app-pages-browser)/./node_modules/next/dist/client/components/layout-router.js:228:11)
    at RenderFromTemplateContext (webpack-internal:///(app-pages-browser)/./node_modules/next/dist/client/components/render-from-template-context.js:16:44)
    at OuterLayoutRouter (webpack-internal:///(app-pages-browser)/./node_modules/next/dist/client/components/layout-router.js:370:11)
    at div
    at InnerLayoutRouter (webpack-internal:///(app-pages-browser)/./node_modules/next/dist/client/components/layout-router.js:243:11)
    at RedirectErrorBoundary (webpack-internal:///(app-pages-browser)/./node_modules/next/dist/client/components/redirect-boundary.js:74:9)
    at RedirectBoundary (webpack-internal:///(app-pages-browser)/./node_modules/next/dist/client/components/redirect-boundary.js:82:11)
    at NotFoundErrorBoundary (webpack-internal:///(app-pages-browser)/./node_modules/next/dist/client/components/not-found-boundary.js:76:9)
    at NotFoundBoundary (webpack-internal:///(app-pages-browser)/./node_modules/next/dist/client/components/not-found-boundary.js:84:11)
    at LoadingBoundary (webpack-internal:///(app-pages-browser)/./node_modules/next/dist/client/components/layout-router.js:349:11)
    at ErrorBoundary (webpack-internal:///(app-pages-browser)/./node_modules/next/dist/client/components/error-boundary.js:160:11)
    at InnerScrollAndFocusHandler (webpack-internal:///(app-pages-browser)/./node_modules/next/dist/client/components/layout-router.js:153:9)
    at ScrollAndFocusHandler (webpack-internal:///(app-pages-browser)/./node_modules/next/dist/client/components/layout-router.js:228:11)
    at RenderFromTemplateContext (webpack-internal:///(app-pages-browser)/./node_modules/next/dist/client/components/render-from-template-context.js:16:44)
    at OuterLayoutRouter (webpack-internal:///(app-pages-browser)/./node_modules/next/dist/client/components/layout-router.js:370:11)
    at __experimental_CheckoutProvider (webpack-internal:///(app-pages-browser)/./node_modules/@clerk/shared/dist/runtime/react/index.mjs:136:44)
    at SWRConfig (webpack-internal:///(app-pages-browser)/./node_modules/swr/dist/_internal/config-context-client-BoS53ST9.mjs:554:13)
    at SWRConfigCompat (webpack-internal:///(app-pages-browser)/./node_modules/@clerk/shared/dist/runtime/react/index.mjs:124:28)
    at OrganizationProvider (webpack-internal:///(app-pages-browser)/./node_modules/@clerk/shared/dist/runtime/react/index.mjs:148:33)
    at ClerkContextProvider (webpack-internal:///(app-pages-browser)/./node_modules/@clerk/clerk-react/dist/index.mjs:1849:11)
    at ClerkProviderBase (webpack-internal:///(app-pages-browser)/./node_modules/@clerk/clerk-react/dist/index.mjs:1941:11)
    at Hoc (webpack-internal:///(app-pages-browser)/./node_modules/@clerk/clerk-react/dist/chunk-THNCS7QR.mjs:84:5)
    at ClerkNextOptionsProvider (webpack-internal:///(app-pages-browser)/./node_modules/@clerk/nextjs/dist/esm/client-boundary/NextOptionsContext.js:17:11)
    at NextClientClerkProvider (webpack-internal:///(app-pages-browser)/./node_modules/@clerk/nextjs/dist/esm/app-router/client/ClerkProvider.js:62:13)
    at ClientClerkProvider (webpack-internal:///(app-pages-browser)/./node_modules/@clerk/nextjs/dist/esm/app-router/client/ClerkProvider.js:135:13)
    at ClerkProvider (Server)
    at body
    at html
    at RootLayout (Server)
    at RedirectErrorBoundary (webpack-internal:///(app-pages-browser)/./node_modules/next/dist/client/components/redirect-boundary.js:74:9)
    at RedirectBoundary (webpack-internal:///(app-pages-browser)/./node_modules/next/dist/client/components/redirect-boundary.js:82:11)
    at NotFoundErrorBoundary (webpack-internal:///(app-pages-browser)/./node_modules/next/dist/client/components/not-found-boundary.js:76:9)
    at NotFoundBoundary (webpack-internal:///(app-pages-browser)/./node_modules/next/dist/client/components/not-found-boundary.js:84:11)
    at DevRootNotFoundBoundary (webpack-internal:///(app-pages-browser)/./node_modules/next/dist/client/components/dev-root-not-found-boundary.js:33:11)
    at ReactDevOverlay (webpack-internal:///(app-pages-browser)/./node_modules/next/dist/client/components/react-dev-overlay/app/ReactDevOverlay.js:87:9)
    at HotReload (webpack-internal:///(app-pages-browser)/./node_modules/next/dist/client/components/react-dev-overlay/app/hot-reloader-client.js:321:11)
    at Router (webpack-internal:///(app-pages-browser)/./node_modules/next/dist/client/components/app-router.js:207:11)
    at ErrorBoundaryHandler (webpack-internal:///(app-pages-browser)/./node_modules/next/dist/client/components/error-boundary.js:113:9)
    at ErrorBoundary (webpack-internal:///(app-pages-browser)/./node_modules/next/dist/client/components/error-boundary.js:160:11)
    at AppRouter (webpack-internal:///(app-pages-browser)/./node_modules/next/dist/client/components/app-router.js:585:13)
    at ServerRoot (webpack-internal:///(app-pages-browser)/./node_modules/next/dist/client/app-index.js:112:27)
    at Root (webpack-internal:///(app-pages-browser)/./node_modules/next/dist/client/app-index.js:117:11) @ webpack-internal:///(app-pages-browser)/./node_modules/next/dist/client/app-index.js:32
[  536120ms] [ERROR] Warning: %s a style property during rerender (%s) when a conflicting property is set (%s) can lead to styling bugs. To avoid this, don't mix shorthand and non-shorthand properties for the same value; instead, replace the shorthand with separate values.%s Updating animation animationDelay 
    at div
    at section
    at AnimatedHero (webpack-internal:///(app-pages-browser)/./src/app/redesign/guides/[guideId]/_components/AnimatedHero.tsx:33:11)
    at GuidePage (Server)
    at InnerLayoutRouter (webpack-internal:///(app-pages-browser)/./node_modules/next/dist/client/components/layout-router.js:243:11)
    at RedirectErrorBoundary (webpack-internal:///(app-pages-browser)/./node_modules/next/dist/client/components/redirect-boundary.js:74:9)
    at RedirectBoundary (webpack-internal:///(app-pages-browser)/./node_modules/next/dist/client/components/redirect-boundary.js:82:11)
    at NotFoundBoundary (webpack-internal:///(app-pages-browser)/./node_modules/next/dist/client/components/not-found-boundary.js:84:11)
    at LoadingBoundary (webpack-internal:///(app-pages-browser)/./node_modules/next/dist/client/components/layout-router.js:349:11)
    at ErrorBoundary (webpack-internal:///(app-pages-browser)/./node_modules/next/dist/client/components/error-boundary.js:160:11)
    at InnerScrollAndFocusHandler (webpack-internal:///(app-pages-browser)/./node_modules/next/dist/client/components/layout-router.js:153:9)
    at ScrollAndFocusHandler (webpack-internal:///(app-pages-browser)/./node_modules/next/dist/client/components/layout-router.js:228:11)
    at RenderFromTemplateContext (webpack-internal:///(app-pages-browser)/./node_modules/next/dist/client/components/render-from-template-context.js:16:44)
    at OuterLayoutRouter (webpack-internal:///(app-pages-browser)/./node_modules/next/dist/client/components/layout-router.js:370:11)
    at InnerLayoutRouter (webpack-internal:///(app-pages-browser)/./node_modules/next/dist/client/components/layout-router.js:243:11)
    at RedirectErrorBoundary (webpack-internal:///(app-pages-browser)/./node_modules/next/dist/client/components/redirect-boundary.js:74:9)
    at RedirectBoundary (webpack-internal:///(app-pages-browser)/./node_modules/next/dist/client/components/redirect-boundary.js:82:11)
    at NotFoundBoundary (webpack-internal:///(app-pages-browser)/./node_modules/next/dist/client/components/not-found-boundary.js:84:11)
    at LoadingBoundary (webpack-internal:///(app-pages-browser)/./node_modules/next/dist/client/components/layout-router.js:349:11)
    at ErrorBoundary (webpack-internal:///(app-pages-browser)/./node_modules/next/dist/client/components/error-boundary.js:160:11)
    at InnerScrollAndFocusHandler (webpack-internal:///(app-pages-browser)/./node_modules/next/dist/client/components/layout-router.js:153:9)
    at ScrollAndFocusHandler (webpack-internal:///(app-pages-browser)/./node_modules/next/dist/client/components/layout-router.js:228:11)
    at RenderFromTemplateContext (webpack-internal:///(app-pages-browser)/./node_modules/next/dist/client/components/render-from-template-context.js:16:44)
    at OuterLayoutRouter (webpack-internal:///(app-pages-browser)/./node_modules/next/dist/client/components/layout-router.js:370:11)
    at InnerLayoutRouter (webpack-internal:///(app-pages-browser)/./node_modules/next/dist/client/components/layout-router.js:243:11)
    at RedirectErrorBoundary (webpack-internal:///(app-pages-browser)/./node_modules/next/dist/client/components/redirect-boundary.js:74:9)
    at RedirectBoundary (webpack-internal:///(app-pages-browser)/./node_modules/next/dist/client/components/redirect-boundary.js:82:11)
    at NotFoundErrorBoundary (webpack-internal:///(app-pages-browser)/./node_modules/next/dist/client/components/not-found-boundary.js:76:9)
    at NotFoundBoundary (webpack-internal:///(app-pages-browser)/./node_modules/next/dist/client/components/not-found-boundary.js:84:11)
    at LoadingBoundary (webpack-internal:///(app-pages-browser)/./node_modules/next/dist/client/components/layout-router.js:349:11)
    at ErrorBoundaryHandler (webpack-internal:///(app-pages-browser)/./node_modules/next/dist/client/components/error-boundary.js:113:9)
    at ErrorBoundary (webpack-internal:///(app-pages-browser)/./node_modules/next/dist/client/components/error-boundary.js:160:11)
    at InnerScrollAndFocusHandler (webpack-internal:///(app-pages-browser)/./node_modules/next/dist/client/components/layout-router.js:153:9)
    at ScrollAndFocusHandler (webpack-internal:///(app-pages-browser)/./node_modules/next/dist/client/components/layout-router.js:228:11)
    at RenderFromTemplateContext (webpack-internal:///(app-pages-browser)/./node_modules/next/dist/client/components/render-from-template-context.js:16:44)
    at OuterLayoutRouter (webpack-internal:///(app-pages-browser)/./node_modules/next/dist/client/components/layout-router.js:370:11)
    at div
    at InnerLayoutRouter (webpack-internal:///(app-pages-browser)/./node_modules/next/dist/client/components/layout-router.js:243:11)
    at RedirectErrorBoundary (webpack-internal:///(app-pages-browser)/./node_modules/next/dist/client/components/redirect-boundary.js:74:9)
    at RedirectBoundary (webpack-internal:///(app-pages-browser)/./node_modules/next/dist/client/components/redirect-boundary.js:82:11)
    at NotFoundErrorBoundary (webpack-internal:///(app-pages-browser)/./node_modules/next/dist/client/components/not-found-boundary.js:76:9)
    at NotFoundBoundary (webpack-internal:///(app-pages-browser)/./node_modules/next/dist/client/components/not-found-boundary.js:84:11)
    at LoadingBoundary (webpack-internal:///(app-pages-browser)/./node_modules/next/dist/client/components/layout-router.js:349:11)
    at ErrorBoundary (webpack-internal:///(app-pages-browser)/./node_modules/next/dist/client/components/error-boundary.js:160:11)
    at InnerScrollAndFocusHandler (webpack-internal:///(app-pages-browser)/./node_modules/next/dist/client/components/layout-router.js:153:9)
    at ScrollAndFocusHandler (webpack-internal:///(app-pages-browser)/./node_modules/next/dist/client/components/layout-router.js:228:11)
    at RenderFromTemplateContext (webpack-internal:///(app-pages-browser)/./node_modules/next/dist/client/components/render-from-template-context.js:16:44)
    at OuterLayoutRouter (webpack-internal:///(app-pages-browser)/./node_modules/next/dist/client/components/layout-router.js:370:11)
    at __experimental_CheckoutProvider (webpack-internal:///(app-pages-browser)/./node_modules/@clerk/shared/dist/runtime/react/index.mjs:136:44)
    at SWRConfig (webpack-internal:///(app-pages-browser)/./node_modules/swr/dist/_internal/config-context-client-BoS53ST9.mjs:554:13)
    at SWRConfigCompat (webpack-internal:///(app-pages-browser)/./node_modules/@clerk/shared/dist/runtime/react/index.mjs:124:28)
    at OrganizationProvider (webpack-internal:///(app-pages-browser)/./node_modules/@clerk/shared/dist/runtime/react/index.mjs:148:33)
    at ClerkContextProvider (webpack-internal:///(app-pages-browser)/./node_modules/@clerk/clerk-react/dist/index.mjs:1849:11)
    at ClerkProviderBase (webpack-internal:///(app-pages-browser)/./node_modules/@clerk/clerk-react/dist/index.mjs:1941:11)
    at Hoc (webpack-internal:///(app-pages-browser)/./node_modules/@clerk/clerk-react/dist/chunk-THNCS7QR.mjs:84:5)
    at ClerkNextOptionsProvider (webpack-internal:///(app-pages-browser)/./node_modules/@clerk/nextjs/dist/esm/client-boundary/NextOptionsContext.js:17:11)
    at NextClientClerkProvider (webpack-internal:///(app-pages-browser)/./node_modules/@clerk/nextjs/dist/esm/app-router/client/ClerkProvider.js:62:13)
    at ClientClerkProvider (webpack-internal:///(app-pages-browser)/./node_modules/@clerk/nextjs/dist/esm/app-router/client/ClerkProvider.js:135:13)
    at ClerkProvider (Server)
    at body
    at html
    at RootLayout (Server)
    at RedirectErrorBoundary (webpack-internal:///(app-pages-browser)/./node_modules/next/dist/client/components/redirect-boundary.js:74:9)
    at RedirectBoundary (webpack-internal:///(app-pages-browser)/./node_modules/next/dist/client/components/redirect-boundary.js:82:11)
    at NotFoundErrorBoundary (webpack-internal:///(app-pages-browser)/./node_modules/next/dist/client/components/not-found-boundary.js:76:9)
    at NotFoundBoundary (webpack-internal:///(app-pages-browser)/./node_modules/next/dist/client/components/not-found-boundary.js:84:11)
    at DevRootNotFoundBoundary (webpack-internal:///(app-pages-browser)/./node_modules/next/dist/client/components/dev-root-not-found-boundary.js:33:11)
    at ReactDevOverlay (webpack-internal:///(app-pages-browser)/./node_modules/next/dist/client/components/react-dev-overlay/app/ReactDevOverlay.js:87:9)
    at HotReload (webpack-internal:///(app-pages-browser)/./node_modules/next/dist/client/components/react-dev-overlay/app/hot-reloader-client.js:321:11)
    at Router (webpack-internal:///(app-pages-browser)/./node_modules/next/dist/client/components/app-router.js:207:11)
    at ErrorBoundaryHandler (webpack-internal:///(app-pages-browser)/./node_modules/next/dist/client/components/error-boundary.js:113:9)
    at ErrorBoundary (webpack-internal:///(app-pages-browser)/./node_modules/next/dist/client/components/error-boundary.js:160:11)
    at AppRouter (webpack-internal:///(app-pages-browser)/./node_modules/next/dist/client/components/app-router.js:585:13)
    at ServerRoot (webpack-internal:///(app-pages-browser)/./node_modules/next/dist/client/app-index.js:112:27)
    at Root (webpack-internal:///(app-pages-browser)/./node_modules/next/dist/client/app-index.js:117:11) @ webpack-internal:///(app-pages-browser)/./node_modules/next/dist/client/app-index.js:32
[  536120ms] [ERROR] Warning: %s a style property during rerender (%s) when a conflicting property is set (%s) can lead to styling bugs. To avoid this, don't mix shorthand and non-shorthand properties for the same value; instead, replace the shorthand with separate values.%s Updating animation animationDelay 
    at div
    at section
    at AnimatedHero (webpack-internal:///(app-pages-browser)/./src/app/redesign/guides/[guideId]/_components/AnimatedHero.tsx:33:11)
    at GuidePage (Server)
    at InnerLayoutRouter (webpack-internal:///(app-pages-browser)/./node_modules/next/dist/client/components/layout-router.js:243:11)
    at RedirectErrorBoundary (webpack-internal:///(app-pages-browser)/./node_modules/next/dist/client/components/redirect-boundary.js:74:9)
    at RedirectBoundary (webpack-internal:///(app-pages-browser)/./node_modules/next/dist/client/components/redirect-boundary.js:82:11)
    at NotFoundBoundary (webpack-internal:///(app-pages-browser)/./node_modules/next/dist/client/components/not-found-boundary.js:84:11)
    at LoadingBoundary (webpack-internal:///(app-pages-browser)/./node_modules/next/dist/client/components/layout-router.js:349:11)
    at ErrorBoundary (webpack-internal:///(app-pages-browser)/./node_modules/next/dist/client/components/error-boundary.js:160:11)
    at InnerScrollAndFocusHandler (webpack-internal:///(app-pages-browser)/./node_modules/next/dist/client/components/layout-router.js:153:9)
    at ScrollAndFocusHandler (webpack-internal:///(app-pages-browser)/./node_modules/next/dist/client/components/layout-router.js:228:11)
    at RenderFromTemplateContext (webpack-internal:///(app-pages-browser)/./node_modules/next/dist/client/components/render-from-template-context.js:16:44)
    at OuterLayoutRouter (webpack-internal:///(app-pages-browser)/./node_modules/next/dist/client/components/layout-router.js:370:11)
    at InnerLayoutRouter (webpack-internal:///(app-pages-browser)/./node_modules/next/dist/client/components/layout-router.js:243:11)
    at RedirectErrorBoundary (webpack-internal:///(app-pages-browser)/./node_modules/next/dist/client/components/redirect-boundary.js:74:9)
    at RedirectBoundary (webpack-internal:///(app-pages-browser)/./node_modules/next/dist/client/components/redirect-boundary.js:82:11)
    at NotFoundBoundary (webpack-internal:///(app-pages-browser)/./node_modules/next/dist/client/components/not-found-boundary.js:84:11)
    at LoadingBoundary (webpack-internal:///(app-pages-browser)/./node_modules/next/dist/client/components/layout-router.js:349:11)
    at ErrorBoundary (webpack-internal:///(app-pages-browser)/./node_modules/next/dist/client/components/error-boundary.js:160:11)
    at InnerScrollAndFocusHandler (webpack-internal:///(app-pages-browser)/./node_modules/next/dist/client/components/layout-router.js:153:9)
    at ScrollAndFocusHandler (webpack-internal:///(app-pages-browser)/./node_modules/next/dist/client/components/layout-router.js:228:11)
    at RenderFromTemplateContext (webpack-internal:///(app-pages-browser)/./node_modules/next/dist/client/components/render-from-template-context.js:16:44)
    at OuterLayoutRouter (webpack-internal:///(app-pages-browser)/./node_modules/next/dist/client/components/layout-router.js:370:11)
    at InnerLayoutRouter (webpack-internal:///(app-pages-browser)/./node_modules/next/dist/client/components/layout-router.js:243:11)
    at RedirectErrorBoundary (webpack-internal:///(app-pages-browser)/./node_modules/next/dist/client/components/redirect-boundary.js:74:9)
    at RedirectBoundary (webpack-internal:///(app-pages-browser)/./node_modules/next/dist/client/components/redirect-boundary.js:82:11)
    at NotFoundErrorBoundary (webpack-internal:///(app-pages-browser)/./node_modules/next/dist/client/components/not-found-boundary.js:76:9)
    at NotFoundBoundary (webpack-internal:///(app-pages-browser)/./node_modules/next/dist/client/components/not-found-boundary.js:84:11)
    at LoadingBoundary (webpack-internal:///(app-pages-browser)/./node_modules/next/dist/client/components/layout-router.js:349:11)
    at ErrorBoundaryHandler (webpack-internal:///(app-pages-browser)/./node_modules/next/dist/client/components/error-boundary.js:113:9)
    at ErrorBoundary (webpack-internal:///(app-pages-browser)/./node_modules/next/dist/client/components/error-boundary.js:160:11)
    at InnerScrollAndFocusHandler (webpack-internal:///(app-pages-browser)/./node_modules/next/dist/client/components/layout-router.js:153:9)
    at ScrollAndFocusHandler (webpack-internal:///(app-pages-browser)/./node_modules/next/dist/client/components/layout-router.js:228:11)
    at RenderFromTemplateContext (webpack-internal:///(app-pages-browser)/./node_modules/next/dist/client/components/render-from-template-context.js:16:44)
    at OuterLayoutRouter (webpack-internal:///(app-pages-browser)/./node_modules/next/dist/client/components/layout-router.js:370:11)
    at div
    at InnerLayoutRouter (webpack-internal:///(app-pages-browser)/./node_modules/next/dist/client/components/layout-router.js:243:11)
    at RedirectErrorBoundary (webpack-internal:///(app-pages-browser)/./node_modules/next/dist/client/components/redirect-boundary.js:74:9)
    at RedirectBoundary (webpack-internal:///(app-pages-browser)/./node_modules/next/dist/client/components/redirect-boundary.js:82:11)
    at NotFoundErrorBoundary (webpack-internal:///(app-pages-browser)/./node_modules/next/dist/client/components/not-found-boundary.js:76:9)
    at NotFoundBoundary (webpack-internal:///(app-pages-browser)/./node_modules/next/dist/client/components/not-found-boundary.js:84:11)
    at LoadingBoundary (webpack-internal:///(app-pages-browser)/./node_modules/next/dist/client/components/layout-router.js:349:11)
    at ErrorBoundary (webpack-internal:///(app-pages-browser)/./node_modules/next/dist/client/components/error-boundary.js:160:11)
    at InnerScrollAndFocusHandler (webpack-internal:///(app-pages-browser)/./node_modules/next/dist/client/components/layout-router.js:153:9)
    at ScrollAndFocusHandler (webpack-internal:///(app-pages-browser)/./node_modules/next/dist/client/components/layout-router.js:228:11)
    at RenderFromTemplateContext (webpack-internal:///(app-pages-browser)/./node_modules/next/dist/client/components/render-from-template-context.js:16:44)
    at OuterLayoutRouter (webpack-internal:///(app-pages-browser)/./node_modules/next/dist/client/components/layout-router.js:370:11)
    at __experimental_CheckoutProvider (webpack-internal:///(app-pages-browser)/./node_modules/@clerk/shared/dist/runtime/react/index.mjs:136:44)
    at SWRConfig (webpack-internal:///(app-pages-browser)/./node_modules/swr/dist/_internal/config-context-client-BoS53ST9.mjs:554:13)
    at SWRConfigCompat (webpack-internal:///(app-pages-browser)/./node_modules/@clerk/shared/dist/runtime/react/index.mjs:124:28)
    at OrganizationProvider (webpack-internal:///(app-pages-browser)/./node_modules/@clerk/shared/dist/runtime/react/index.mjs:148:33)
    at ClerkContextProvider (webpack-internal:///(app-pages-browser)/./node_modules/@clerk/clerk-react/dist/index.mjs:1849:11)
    at ClerkProviderBase (webpack-internal:///(app-pages-browser)/./node_modules/@clerk/clerk-react/dist/index.mjs:1941:11)
    at Hoc (webpack-internal:///(app-pages-browser)/./node_modules/@clerk/clerk-react/dist/chunk-THNCS7QR.mjs:84:5)
    at ClerkNextOptionsProvider (webpack-internal:///(app-pages-browser)/./node_modules/@clerk/nextjs/dist/esm/client-boundary/NextOptionsContext.js:17:11)
    at NextClientClerkProvider (webpack-internal:///(app-pages-browser)/./node_modules/@clerk/nextjs/dist/esm/app-router/client/ClerkProvider.js:62:13)
    at ClientClerkProvider (webpack-internal:///(app-pages-browser)/./node_modules/@clerk/nextjs/dist/esm/app-router/client/ClerkProvider.js:135:13)
    at ClerkProvider (Server)
    at body
    at html
    at RootLayout (Server)
    at RedirectErrorBoundary (webpack-internal:///(app-pages-browser)/./node_modules/next/dist/client/components/redirect-boundary.js:74:9)
    at RedirectBoundary (webpack-internal:///(app-pages-browser)/./node_modules/next/dist/client/components/redirect-boundary.js:82:11)
    at NotFoundErrorBoundary (webpack-internal:///(app-pages-browser)/./node_modules/next/dist/client/components/not-found-boundary.js:76:9)
    at NotFoundBoundary (webpack-internal:///(app-pages-browser)/./node_modules/next/dist/client/components/not-found-boundary.js:84:11)
    at DevRootNotFoundBoundary (webpack-internal:///(app-pages-browser)/./node_modules/next/dist/client/components/dev-root-not-found-boundary.js:33:11)
    at ReactDevOverlay (webpack-internal:///(app-pages-browser)/./node_modules/next/dist/client/components/react-dev-overlay/app/ReactDevOverlay.js:87:9)
    at HotReload (webpack-internal:///(app-pages-browser)/./node_modules/next/dist/client/components/react-dev-overlay/app/hot-reloader-client.js:321:11)
    at Router (webpack-internal:///(app-pages-browser)/./node_modules/next/dist/client/components/app-router.js:207:11)
    at ErrorBoundaryHandler (webpack-internal:///(app-pages-browser)/./node_modules/next/dist/client/components/error-boundary.js:113:9)
    at ErrorBoundary (webpack-internal:///(app-pages-browser)/./node_modules/next/dist/client/components/error-boundary.js:160:11)
    at AppRouter (webpack-internal:///(app-pages-browser)/./node_modules/next/dist/client/components/app-router.js:585:13)
    at ServerRoot (webpack-internal:///(app-pages-browser)/./node_modules/next/dist/client/app-index.js:112:27)
    at Root (webpack-internal:///(app-pages-browser)/./node_modules/next/dist/client/app-index.js:117:11) @ webpack-internal:///(app-pages-browser)/./node_modules/next/dist/client/app-index.js:32
[  536121ms] [ERROR] Warning: %s a style property during rerender (%s) when a conflicting property is set (%s) can lead to styling bugs. To avoid this, don't mix shorthand and non-shorthand properties for the same value; instead, replace the shorthand with separate values.%s Updating animation animationDelay 
    at div
    at section
    at AnimatedHero (webpack-internal:///(app-pages-browser)/./src/app/redesign/guides/[guideId]/_components/AnimatedHero.tsx:33:11)
    at GuidePage (Server)
    at InnerLayoutRouter (webpack-internal:///(app-pages-browser)/./node_modules/next/dist/client/components/layout-router.js:243:11)
    at RedirectErrorBoundary (webpack-internal:///(app-pages-browser)/./node_modules/next/dist/client/components/redirect-boundary.js:74:9)
    at RedirectBoundary (webpack-internal:///(app-pages-browser)/./node_modules/next/dist/client/components/redirect-boundary.js:82:11)
    at NotFoundBoundary (webpack-internal:///(app-pages-browser)/./node_modules/next/dist/client/components/not-found-boundary.js:84:11)
    at LoadingBoundary (webpack-internal:///(app-pages-browser)/./node_modules/next/dist/client/components/layout-router.js:349:11)
    at ErrorBoundary (webpack-internal:///(app-pages-browser)/./node_modules/next/dist/client/components/error-boundary.js:160:11)
    at InnerScrollAndFocusHandler (webpack-internal:///(app-pages-browser)/./node_modules/next/dist/client/components/layout-router.js:153:9)
    at ScrollAndFocusHandler (webpack-internal:///(app-pages-browser)/./node_modules/next/dist/client/components/layout-router.js:228:11)
    at RenderFromTemplateContext (webpack-internal:///(app-pages-browser)/./node_modules/next/dist/client/components/render-from-template-context.js:16:44)
    at OuterLayoutRouter (webpack-internal:///(app-pages-browser)/./node_modules/next/dist/client/components/layout-router.js:370:11)
    at InnerLayoutRouter (webpack-internal:///(app-pages-browser)/./node_modules/next/dist/client/components/layout-router.js:243:11)
    at RedirectErrorBoundary (webpack-internal:///(app-pages-browser)/./node_modules/next/dist/client/components/redirect-boundary.js:74:9)
    at RedirectBoundary (webpack-internal:///(app-pages-browser)/./node_modules/next/dist/client/components/redirect-boundary.js:82:11)
    at NotFoundBoundary (webpack-internal:///(app-pages-browser)/./node_modules/next/dist/client/components/not-found-boundary.js:84:11)
    at LoadingBoundary (webpack-internal:///(app-pages-browser)/./node_modules/next/dist/client/components/layout-router.js:349:11)
    at ErrorBoundary (webpack-internal:///(app-pages-browser)/./node_modules/next/dist/client/components/error-boundary.js:160:11)
    at InnerScrollAndFocusHandler (webpack-internal:///(app-pages-browser)/./node_modules/next/dist/client/components/layout-router.js:153:9)
    at ScrollAndFocusHandler (webpack-internal:///(app-pages-browser)/./node_modules/next/dist/client/components/layout-router.js:228:11)
    at RenderFromTemplateContext (webpack-internal:///(app-pages-browser)/./node_modules/next/dist/client/components/render-from-template-context.js:16:44)
    at OuterLayoutRouter (webpack-internal:///(app-pages-browser)/./node_modules/next/dist/client/components/layout-router.js:370:11)
    at InnerLayoutRouter (webpack-internal:///(app-pages-browser)/./node_modules/next/dist/client/components/layout-router.js:243:11)
    at RedirectErrorBoundary (webpack-internal:///(app-pages-browser)/./node_modules/next/dist/client/components/redirect-boundary.js:74:9)
    at RedirectBoundary (webpack-internal:///(app-pages-browser)/./node_modules/next/dist/client/components/redirect-boundary.js:82:11)
    at NotFoundErrorBoundary (webpack-internal:///(app-pages-browser)/./node_modules/next/dist/client/components/not-found-boundary.js:76:9)
    at NotFoundBoundary (webpack-internal:///(app-pages-browser)/./node_modules/next/dist/client/components/not-found-boundary.js:84:11)
    at LoadingBoundary (webpack-internal:///(app-pages-browser)/./node_modules/next/dist/client/components/layout-router.js:349:11)
    at ErrorBoundaryHandler (webpack-internal:///(app-pages-browser)/./node_modules/next/dist/client/components/error-boundary.js:113:9)
    at ErrorBoundary (webpack-internal:///(app-pages-browser)/./node_modules/next/dist/client/components/error-boundary.js:160:11)
    at InnerScrollAndFocusHandler (webpack-internal:///(app-pages-browser)/./node_modules/next/dist/client/components/layout-router.js:153:9)
    at ScrollAndFocusHandler (webpack-internal:///(app-pages-browser)/./node_modules/next/dist/client/components/layout-router.js:228:11)
    at RenderFromTemplateContext (webpack-internal:///(app-pages-browser)/./node_modules/next/dist/client/components/render-from-template-context.js:16:44)
    at OuterLayoutRouter (webpack-internal:///(app-pages-browser)/./node_modules/next/dist/client/components/layout-router.js:370:11)
    at div
    at InnerLayoutRouter (webpack-internal:///(app-pages-browser)/./node_modules/next/dist/client/components/layout-router.js:243:11)
    at RedirectErrorBoundary (webpack-internal:///(app-pages-browser)/./node_modules/next/dist/client/components/redirect-boundary.js:74:9)
    at RedirectBoundary (webpack-internal:///(app-pages-browser)/./node_modules/next/dist/client/components/redirect-boundary.js:82:11)
    at NotFoundErrorBoundary (webpack-internal:///(app-pages-browser)/./node_modules/next/dist/client/components/not-found-boundary.js:76:9)
    at NotFoundBoundary (webpack-internal:///(app-pages-browser)/./node_modules/next/dist/client/components/not-found-boundary.js:84:11)
    at LoadingBoundary (webpack-internal:///(app-pages-browser)/./node_modules/next/dist/client/components/layout-router.js:349:11)
    at ErrorBoundary (webpack-internal:///(app-pages-browser)/./node_modules/next/dist/client/components/error-boundary.js:160:11)
    at InnerScrollAndFocusHandler (webpack-internal:///(app-pages-browser)/./node_modules/next/dist/client/components/layout-router.js:153:9)
    at ScrollAndFocusHandler (webpack-internal:///(app-pages-browser)/./node_modules/next/dist/client/components/layout-router.js:228:11)
    at RenderFromTemplateContext (webpack-internal:///(app-pages-browser)/./node_modules/next/dist/client/components/render-from-template-context.js:16:44)
    at OuterLayoutRouter (webpack-internal:///(app-pages-browser)/./node_modules/next/dist/client/components/layout-router.js:370:11)
    at __experimental_CheckoutProvider (webpack-internal:///(app-pages-browser)/./node_modules/@clerk/shared/dist/runtime/react/index.mjs:136:44)
    at SWRConfig (webpack-internal:///(app-pages-browser)/./node_modules/swr/dist/_internal/config-context-client-BoS53ST9.mjs:554:13)
    at SWRConfigCompat (webpack-internal:///(app-pages-browser)/./node_modules/@clerk/shared/dist/runtime/react/index.mjs:124:28)
    at OrganizationProvider (webpack-internal:///(app-pages-browser)/./node_modules/@clerk/shared/dist/runtime/react/index.mjs:148:33)
    at ClerkContextProvider (webpack-internal:///(app-pages-browser)/./node_modules/@clerk/clerk-react/dist/index.mjs:1849:11)
    at ClerkProviderBase (webpack-internal:///(app-pages-browser)/./node_modules/@clerk/clerk-react/dist/index.mjs:1941:11)
    at Hoc (webpack-internal:///(app-pages-browser)/./node_modules/@clerk/clerk-react/dist/chunk-THNCS7QR.mjs:84:5)
    at ClerkNextOptionsProvider (webpack-internal:///(app-pages-browser)/./node_modules/@clerk/nextjs/dist/esm/client-boundary/NextOptionsContext.js:17:11)
    at NextClientClerkProvider (webpack-internal:///(app-pages-browser)/./node_modules/@clerk/nextjs/dist/esm/app-router/client/ClerkProvider.js:62:13)
    at ClientClerkProvider (webpack-internal:///(app-pages-browser)/./node_modules/@clerk/nextjs/dist/esm/app-router/client/ClerkProvider.js:135:13)
    at ClerkProvider (Server)
    at body
    at html
    at RootLayout (Server)
    at RedirectErrorBoundary (webpack-internal:///(app-pages-browser)/./node_modules/next/dist/client/components/redirect-boundary.js:74:9)
    at RedirectBoundary (webpack-internal:///(app-pages-browser)/./node_modules/next/dist/client/components/redirect-boundary.js:82:11)
    at NotFoundErrorBoundary (webpack-internal:///(app-pages-browser)/./node_modules/next/dist/client/components/not-found-boundary.js:76:9)
    at NotFoundBoundary (webpack-internal:///(app-pages-browser)/./node_modules/next/dist/client/components/not-found-boundary.js:84:11)
    at DevRootNotFoundBoundary (webpack-internal:///(app-pages-browser)/./node_modules/next/dist/client/components/dev-root-not-found-boundary.js:33:11)
    at ReactDevOverlay (webpack-internal:///(app-pages-browser)/./node_modules/next/dist/client/components/react-dev-overlay/app/ReactDevOverlay.js:87:9)
    at HotReload (webpack-internal:///(app-pages-browser)/./node_modules/next/dist/client/components/react-dev-overlay/app/hot-reloader-client.js:321:11)
    at Router (webpack-internal:///(app-pages-browser)/./node_modules/next/dist/client/components/app-router.js:207:11)
    at ErrorBoundaryHandler (webpack-internal:///(app-pages-browser)/./node_modules/next/dist/client/components/error-boundary.js:113:9)
    at ErrorBoundary (webpack-internal:///(app-pages-browser)/./node_modules/next/dist/client/components/error-boundary.js:160:11)
    at AppRouter (webpack-internal:///(app-pages-browser)/./node_modules/next/dist/client/components/app-router.js:585:13)
    at ServerRoot (webpack-internal:///(app-pages-browser)/./node_modules/next/dist/client/app-index.js:112:27)
    at Root (webpack-internal:///(app-pages-browser)/./node_modules/next/dist/client/app-index.js:117:11) @ webpack-internal:///(app-pages-browser)/./node_modules/next/dist/client/app-index.js:32
[  536400ms] [ERROR] Failed to load resource: the server responded with a status of 400 () @ https://clerk.greentryst.com/v1/client?__clerk_api_version=2025-11-10&_clerk_js_version=5.125.7:0
[  536401ms] [ERROR] Failed to load resource: the server responded with a status of 400 () @ https://clerk.greentryst.com/v1/environment?__clerk_api_version=2025-11-10&_clerk_js_version=5.125.7:0
[  536402ms] [ERROR] e: Clerk: Production Keys are only allowed for domain "greentryst.com". 
API Error: The Request HTTP Origin header must be equal to or a subdomain of the requesting URL.
    at https://clerk.greentryst.com/npm/@clerk/clerk-js@5/dist/clerk.browser.js:2:7182
    at u._baseFetch (https://clerk.greentryst.com/npm/@clerk/clerk-js@5/dist/clerk.browser.js:3:38)
    at async d.execute (https://clerk.greentryst.com/npm/@clerk/clerk-js@5/dist/clerk.browser.js:2:5226)
    at async s._baseGet (https://clerk.greentryst.com/npm/@clerk/clerk-js@5/dist/clerk.browser.js:3:567)
    at async Promise.all (index 1)
    at async #U (https://clerk.greentryst.com/npm/@clerk/clerk-js@5/dist/clerk.browser.js:5:73541)
    at async e5.load (https://clerk.greentryst.com/npm/@clerk/clerk-js@5/dist/clerk.browser.js:5:34322)
    at async _IsomorphicClerk.loadClerkJS (webpack-internal:///(app-pages-browser)/./node_modules/@clerk/clerk-react/dist/index.mjs:1746:9) @ webpack-internal:///(app-pages-browser)/./node_modules/next/dist/client/app-index.js:32
[  536724ms] [ERROR] Failed to load resource: the server responded with a status of 400 () @ https://clerk.greentryst.com/v1/client?__clerk_api_version=2025-11-10&_clerk_js_version=5.125.7:0
[  536734ms] [ERROR] Failed to load resource: the server responded with a status of 400 () @ https://clerk.greentryst.com/v1/environment?__clerk_api_version=2025-11-10&_clerk_js_version=5.125.7:0
[  536734ms] [ERROR] e: Clerk: Production Keys are only allowed for domain "greentryst.com". 
API Error: The Request HTTP Origin header must be equal to or a subdomain of the requesting URL.
    at https://clerk.greentryst.com/npm/@clerk/clerk-js@5/dist/clerk.browser.js:2:7182
    at u._baseFetch (https://clerk.greentryst.com/npm/@clerk/clerk-js@5/dist/clerk.browser.js:3:38)
    at async d.execute (https://clerk.greentryst.com/npm/@clerk/clerk-js@5/dist/clerk.browser.js:2:5226)
    at async s._baseGet (https://clerk.greentryst.com/npm/@clerk/clerk-js@5/dist/clerk.browser.js:3:567)
    at async Promise.all (index 1)
    at async #U (https://clerk.greentryst.com/npm/@clerk/clerk-js@5/dist/clerk.browser.js:5:73541)
    at async e5.load (https://clerk.greentryst.com/npm/@clerk/clerk-js@5/dist/clerk.browser.js:5:34322)
    at async _IsomorphicClerk.loadClerkJS (webpack-internal:///(app-pages-browser)/./node_modules/@clerk/clerk-react/dist/index.mjs:1746:9) @ webpack-internal:///(app-pages-browser)/./node_modules/next/dist/client/app-index.js:32
[  545887ms] [LOG] [Fast Refresh] rebuilding @ webpack-internal:///(app-pages-browser)/./node_modules/next/dist/client/components/react-dev-overlay/app/hot-reloader-client.js:186
[  565050ms] [LOG] [Fast Refresh] done in 19163ms @ webpack-internal:///(app-pages-browser)/./node_modules/next/dist/client/components/react-dev-overlay/app/hot-reloader-client.js:43
